cohort_id,time,time_index,age,centroid_key,development_type,diet_type,functional_group,individuals,is_alive,is_mature,largest_mass_achieved,location_status,mass_carbon,mass_nitrogen,mass_phosphorus,occupancy_proportion,reproductive_mass_carbon,reproductive_mass_nitrogen,reproductive_mass_phosphorus,territory,territory_size,time_since_maturity,time_to_maturity
37f7ea48-32dc-42a9-b9cd-8a6ec1703f56,2013-01-01,0,0.00000,77,DevelopmentType.DIRECT,DietType.INVERTEBRATES|CARCASSES|VERTEBRATES,carnivorous_bird,154,True,False,1.00000,active,0.40000,0.30000,0.30000,0.14286,0.00000,0.00000,0.00000,"[77, 68, 76, 78, 59, 67, 69]",55609.19461,0.00000,0.00000
4e4a4942-1992-4c9b-aad1-e89d541e33e6,2013-01-01,0,0.00000,43,DevelopmentType.DIRECT,DietType.INVERTEBRATES|CARCASSES|VERTEBRATES,carnivorous_bird,154,True,False,1.00000,active,0.40000,0.30000,0.30000,0.14286,0.00000,0.00000,0.00000,"[43, 34, 52, 42, 44, 25, 33]",55609.19461,0.00000,0.00000
1c336c81-017f-4491-b109-ce3fd03ec02d,2013-01-01,0,0.00000,65,DevelopmentType.DIRECT,DietType.INVERTEBRATES|CARCASSES|VERTEBRATES,carnivorous_bird,154,True,False,1.00000,active,0.40000,0.30000,0.30000,0.14286,0.00000,0.00000,0.00000,"[65, 56, 74, 64, 66, 47, 55]",55609.19461,0.00000,0.00000
5d42a7eb-1352-4a65-887a-978dafcd7d4e,2013-01-01,0,0.00000,27,DevelopmentType.DIRECT,DietType.INVERTEBRATES|CARCASSES|VERTEBRATES,carnivorous_bird,154,True,False,1.00000,active,0.40000,0.30000,0.30000,0.14286,0.00000,0.00000,0.00000,"[27, 18, 36, 28, 9, 19, 45]",55609.19461,0.00000,0.00000
c882c267-29c1-447f-b448-34d6753f4248,2013-01-01,0,0.00000,56,DevelopmentType.DIRECT,DietType.INVERTEBRATES|CARCASSES|VERTEBRATES,carnivorous_bird,154,True,False,1.00000,active,0.40000,0.30000,0.30000,0.14286,0.00000,0.00000,0.00000,"[56, 47, 65, 55, 57, 38, 46]",55609.19461,0.00000,0.00000
ece3c025-59dd-4f25-a421-0e3d95faee4c,2013-01-01,0,0.00000,38,DevelopmentType.DIRECT,DietType.INVERTEBRATES|CARCASSES|VERTEBRATES,carnivorous_bird,154,True,False,1.00000,active,0.40000,0.30000,0.30000,0.14286,0.00000,0.00000,0.00000,"[38, 29, 47, 37, 39, 20, 28]",55609.19461,0.00000,0.00000
dfe3c5f6-0661-4a6c-b3da-40c6e1681790,2013-01-01,0,0.00000,78,DevelopmentType.DIRECT,DietType.INVERTEBRATES|CARCASSES|VERTEBRATES,carnivorous_bird,154,True,False,1.00000,active,0.40000,0.30000,0.30000,0.14286,0.00000,0.00000,0.00000,"[78, 69, 77, 79, 60, 68, 70]",55609.19461,0.00000,0.00000
b4d8f3fe-4b91-47dd-bf7b-d332bcbde39f,2013-01-01,0,0.00000,24,DevelopmentType.DIRECT,DietType.INVERTEBRATES|CARCASSES|VERTEBRATES,carnivorous_bird,154,True,False,1.00000,active,0.40000,0.30000,0.30000,0.14286,0.00000,0.00000,0.00000,"[24, 15, 33, 23, 25, 6, 14]",55609.19461,0.00000,0.00000
c533b1ff-528e-483a-ab32-c0024090f0a6,2013-01-01,0,0.00000,28,DevelopmentType.DIRECT,DietType.INVERTEBRATES|CARCASSES|VERTEBRATES,carnivorous_bird,154,True,False,1.00000,active,0.40000,0.30000,0.30000,0.14286,0.00000,0.00000,0.00000,"[28, 19, 37, 27, 29, 10, 18]",55609.19461,0.00000,0.00000
13bae8ab-c762-4324-8faa-0e145915e7d0,2013-01-01,0,0.00000,44,DevelopmentType.DIRECT,DietType.INVERTEBRATES|CARCASSES|VERTEBRATES,carnivorous_bird,154,True,False,1.00000,active,0.40000,0.30000,0.30000,0.14286,0.00000,0.00000,0.00000,"[44, 35, 53, 43, 26, 34, 62]",55609.19461,0.00000,0.00000
d77bcd2d-b63d-483a-bbd7-5e284a38e8ee,2013-01-01,0,0.00000,23,DevelopmentType.DIRECT,DietType.INVERTEBRATES|CARCASSES|VERTEBRATES,carnivorous_bird,154,True,False,1.00000,active,0.40000,0.30000,0.30000,0.14286,0.00000,0.00000,0.00000,"[23, 14, 32, 22, 24, 5, 13]",55609.19461,0.00000,0.00000
c947dd5c-9e95-4247-b726-2d8a1603a0c2,2013-01-01,0,0.00000,15,DevelopmentType.DIRECT,DietType.INVERTEBRATES|CARCASSES|VERTEBRATES,carnivorous_bird,154,True,False,1.00000,active,0.40000,0.30000,0.30000,0.14286,0.00000,0.00000,0.00000,"[15, 6, 24, 14, 16, 5, 7]",55609.19461,0.00000,0.00000
cd427d13-56d7-4013-8107-112633d6642e,2013-01-01,0,0.00000,31,DevelopmentType.DIRECT,DietType.INVERTEBRATES|CARCASSES|VERTEBRATES,carnivorous_bird,154,True,False,1.00000,active,0.40000,0.30000,0.30000,0.14286,0.00000,0.00000,0.00000,"[31, 22, 40, 30, 32, 13, 21]",55609.19461,0.00000,0.00000
35cd757a-9061-4651-82a9-42f6b755e0ce,2013-01-01,0,0.00000,59,DevelopmentType.DIRECT,DietType.INVERTEBRATES|CARCASSES|VERTEBRATES,carnivorous_bird,154,True,False,1.00000,active,0.40000,0.30000,0.30000,0.14286,0.00000,0.00000,0.00000,"[59, 50, 68, 58, 60, 41, 49]",55609.19461,0.00000,0.00000
bc0932a3-ab8f-45b9-8465-cd1615a3bf9d,2013-01-01,0,0.00000,26,DevelopmentType.DIRECT,DietType.INVERTEBRATES|CARCASSES|VERTEBRATES,carnivorous_bird,154,True,False,1.00000,active,0.40000,0.30000,0.30000,0.14286,0.00000,0.00000,0.00000,"[26, 17, 35, 25, 8, 16, 44]",55609.19461,0.00000,0.00000
9851e77b-28de-4fa3-8111-4088b96bc981,2013-01-01,0,0.00000,64,DevelopmentType.DIRECT,DietType.INVERTEBRATES|CARCASSES|VERTEBRATES,carnivorous_bird,154,True,False,1.00000,active,0.40000,0.30000,0.30000,0.14286,0.00000,0.00000,0.00000,"[64, 55, 73, 63, 65, 46, 54]",55609.19461,0.00000,0.00000
41077e09-a6b1-4d02-b83a-9b35035577f2,2013-01-01,0,0.00000,20,DevelopmentType.DIRECT,DietType.INVERTEBRATES|CARCASSES|VERTEBRATES,carnivorous_bird,154,True,False,1.00000,active,0.40000,0.30000,0.30000,0.14286,0.00000,0.00000,0.00000,"[20, 11, 29, 19, 21, 2, 10]",55609.19461,0.00000,0.00000
a7ab17de-78a0-4814-87c4-b8660eeff7b8,2013-01-01,0,0.00000,46,DevelopmentType.DIRECT,DietType.INVERTEBRATES|CARCASSES|VERTEBRATES,carnivorous_bird,154,True,False,1.00000,active,0.40000,0.30000,0.30000,0.14286,0.00000,0.00000,0.00000,"[46, 37, 55, 45, 47, 28, 36]",55609.19461,0.00000,0.00000
0440f287-745a-4cdc-a867-fbfb7bfdf5d0,2013-01-01,0,0.00000,60,DevelopmentType.DIRECT,DietType.INVERTEBRATES|CARCASSES|VERTEBRATES,carnivorous_bird,154,True,False,1.00000,active,0.40000,0.30000,0.30000,0.14286,0.00000,0.00000,0.00000,"[60, 51, 69, 59, 61, 42, 50]",55609.19461,0.00000,0.00000
9bba9814-6856-4515-b14f-7c8d62a264d8,2013-01-01,0,0.00000,47,DevelopmentType.DIRECT,DietType.INVERTEBRATES|CARCASSES|VERTEBRATES,carnivorous_bird,154,True,False,1.00000,active,0.40000,0.30000,0.30000,0.14286,0.00000,0.00000,0.00000,"[47, 38, 56, 46, 48, 29, 37]",55609.19461,0.00000,0.00000
cdd622b9-2d16-4e87-93b1-43b549c4d5f6,2013-01-01,0,0.00000,75,DevelopmentType.DIRECT,DietType.INVERTEBRATES|CARCASSES|VERTEBRATES,carnivorous_bird,154,True,False,1.00000,active,0.40000,0.30000,0.30000,0.14286,0.00000,0.00000,0.00000,"[75, 66, 74, 76, 57, 65, 67]",55609.19461,0.00000,0.00000
e83c9e0c-46ad-4166-881a-814ff352fab3,2013-01-01,0,0.00000,10,DevelopmentType.DIRECT,DietType.INVERTEBRATES|CARCASSES|VERTEBRATES,carnivorous_bird,154,True,False,1.00000,active,0.40000,0.30000,0.30000,0.14286,0.00000,0.00000,0.00000,"[10, 1, 19, 9, 11, 0, 2]",55609.19461,0.00000,0.00000
9b57aefe-6a70-4add-8530-7dba7fe96dc8,2013-01-01,0,0.00000,36,DevelopmentType.DIRECT,DietType.INVERTEBRATES|CARCASSES|VERTEBRATES,carnivorous_bird,154,True,False,1.00000,active,0.40000,0.30000,0.30000,0.14286,0.00000,0.00000,0.00000,"[36, 27, 45, 37, 18, 28, 54]",55609.19461,0.00000,0.00000
01de58cc-b7d3-4856-a1af-edf7fc7365a3,2013-01-01,0,0.00000,73,DevelopmentType.DIRECT,DietType.INVERTEBRATES|CARCASSES|VERTEBRATES,carnivorous_bird,154,True,False,1.00000,active,0.40000,0.30000,0.30000,0.14286,0.00000,0.00000,0.00000,"[73, 64, 72, 74, 55, 63, 65]",55609.19461,0.00000,0.00000
5df0f22f-369e-4ef5-ba09-603e99ba0785,2013-01-01,0,0.00000,37,DevelopmentType.DIRECT,DietType.INVERTEBRATES|CARCASSES|VERTEBRATES,carnivorous_bird,154,True,False,1.00000,active,0.40000,0.30000,0.30000,0.14286,0.00000,0.00000,0.00000,"[37, 28, 46, 36, 38, 19, 27]",55609.19461,0.00000,0.00000
a218a0c7-8dfe-46aa-bdba-c63b65d648c2,2013-01-01,0,0.00000,80,DevelopmentType.DIRECT,DietType.INVERTEBRATES|CARCASSES|VERTEBRATES,carnivorous_bird,154,True,False,1.00000,active,0.40000,0.30000,0.30000,0.14286,0.00000,0.00000,0.00000,"[80, 71, 79, 62, 70, 78, 53]",55609.19461,0.00000,0.00000
293ff211-c46a-43a7-bd9f-4a512cd318e7,2013-01-01,0,0.00000,76,DevelopmentType.DIRECT,DietType.INVERTEBRATES|CARCASSES|VERTEBRATES,carnivorous_bird,154,True,False,1.00000,active,0.40000,0.30000,0.30000,0.14286,0.00000,0.00000,0.00000,"[76, 67, 75, 77, 58, 66, 68]",55609.19461,0.00000,0.00000
751f59e3-a717-41b3-a8b3-663e31d4474b,2013-01-01,0,0.00000,42,DevelopmentType.DIRECT,DietType.INVERTEBRATES|CARCASSES|VERTEBRATES,carnivorous_bird,153,True,False,1.00000,active,0.40000,0.30000,0.30000,0.14286,0.00000,0.00000,0.00000,"[42, 33, 51, 41, 43, 24, 32]",55609.19461,0.00000,0.00000
4bfa3137-11c9-4468-ba0a-317908c81997,2013-01-01,0,0.00000,17,DevelopmentType.DIRECT,DietType.INVERTEBRATES|CARCASSES|VERTEBRATES,carnivorous_bird,153,True,False,1.00000,active,0.40000,0.30000,0.30000,0.14286,0.00000,0.00000,0.00000,"[17, 8, 26, 16, 7, 35, 25]",55609.19461,0.00000,0.00000
006eeacc-69e5-47e6-80bb-16b68cf83bd3,2013-01-01,0,0.00000,55,DevelopmentType.DIRECT,DietType.INVERTEBRATES|CARCASSES|VERTEBRATES,carnivorous_bird,153,True,False,1.00000,active,0.40000,0.30000,0.30000,0.14286,0.00000,0.00000,0.00000,"[55, 46, 64, 54, 56, 37, 45]",55609.19461,0.00000,0.00000
1ec36769-67e2-42be-b66c-85a47ae44fe9,2013-01-01,0,0.00000,53,DevelopmentType.DIRECT,DietType.INVERTEBRATES|CARCASSES|VERTEBRATES,carnivorous_bird,153,True,False,1.00000,active,0.40000,0.30000,0.30000,0.14286,0.00000,0.00000,0.00000,"[53, 44, 62, 52, 35, 43, 71]",55609.19461,0.00000,0.00000
22a02ab2-bd59-4b49-b602-914eec148136,2013-01-01,0,0.00000,3,DevelopmentType.DIRECT,DietType.INVERTEBRATES|CARCASSES|VERTEBRATES,carnivorous_bird,153,True,False,1.00000,active,0.40000,0.30000,0.30000,0.14286,0.00000,0.00000,0.00000,"[3, 12, 2, 4, 21, 11, 13]",55609.19461,0.00000,0.00000
c22b0e4e-0636-42e7-9e7a-8cc8960c77bf,2013-01-01,0,0.00000,45,DevelopmentType.DIRECT,DietType.INVERTEBRATES|CARCASSES|VERTEBRATES,carnivorous_bird,153,True,False,1.00000,active,0.40000,0.30000,0.30000,0.14286,0.00000,0.00000,0.00000,"[45, 36, 54, 46, 27, 37, 63]",55609.19461,0.00000,0.00000
d3567821-7414-4888-ad80-4897caad86fd,2013-01-01,0,0.00000,34,DevelopmentType.DIRECT,DietType.INVERTEBRATES|CARCASSES|VERTEBRATES,carnivorous_bird,153,True,False,1.00000,active,0.40000,0.30000,0.30000,0.14286,0.00000,0.00000,0.00000,"[34, 25, 43, 33, 35, 16, 24]",55609.19461,0.00000,0.00000
e251d078-4ca8-4ac5-8033-76a39b0d394f,2013-01-01,0,0.00000,0,DevelopmentType.DIRECT,DietType.INVERTEBRATES|CARCASSES|VERTEBRATES,carnivorous_bird,153,True,False,1.00000,active,0.40000,0.30000,0.30000,0.14286,0.00000,0.00000,0.00000,"[0, 9, 1, 18, 10, 2, 27]",55609.19461,0.00000,0.00000
1f97469c-3a4f-4b86-81e1-de260b16dded,2013-01-01,0,0.00000,32,DevelopmentType.DIRECT,DietType.INVERTEBRATES|CARCASSES|VERTEBRATES,carnivorous_bird,153,True,False,1.00000,active,0.40000,0.30000,0.30000,0.14286,0.00000,0.00000,0.00000,"[32, 23, 41, 31, 33, 14, 22]",55609.19461,0.00000,0.00000
913c1260-c0b2-497d-a0f4-cb347e0e367f,2013-01-01,0,0.00000,8,DevelopmentType.DIRECT,DietType.INVERTEBRATES|CARCASSES|VERTEBRATES,carnivorous_bird,153,True,False,1.00000,active,0.40000,0.30000,0.30000,0.14286,0.00000,0.00000,0.00000,"[8, 17, 7, 26, 16, 6, 35]",55609.19461,0.00000,0.00000
b1e454a1-f539-4af5-8f24-8b2c75e42f39,2013-01-01,0,0.00000,13,DevelopmentType.DIRECT,DietType.INVERTEBRATES|CARCASSES|VERTEBRATES,carnivorous_bird,153,True,False,1.00000,active,0.40000,0.30000,0.30000,0.14286,0.00000,0.00000,0.00000,"[13, 4, 22, 12, 14, 3, 5]",55609.19461,0.00000,0.00000
03402872-b87c-48c2-91e9-d4ab82cec536,2013-01-01,0,0.00000,21,DevelopmentType.DIRECT,DietType.INVERTEBRATES|CARCASSES|VERTEBRATES,carnivorous_bird,153,True,False,1.00000,active,0.40000,0.30000,0.30000,0.14286,0.00000,0.00000,0.00000,"[21, 12, 30, 20, 22, 3, 11]",55609.19461,0.00000,0.00000
44199a26-7cde-426a-8cdf-1b185005208a,2013-01-01,0,0.00000,33,DevelopmentType.DIRECT,DietType.INVERTEBRATES|CARCASSES|VERTEBRATES,carnivorous_bird,153,True,False,1.00000,active,0.40000,0.30000,0.30000,0.14286,0.00000,0.00000,0.00000,"[33, 24, 42, 32, 34, 15, 23]",55609.19461,0.00000,0.00000
36ede006-fa08-46a1-924f-41ffc515bf99,2013-01-01,0,0.00000,9,DevelopmentType.DIRECT,DietType.INVERTEBRATES|CARCASSES|VERTEBRATES,carnivorous_bird,153,True,False,1.00000,active,0.40000,0.30000,0.30000,0.14286,0.00000,0.00000,0.00000,"[9, 0, 18, 10, 1, 27, 19]",55609.19461,0.00000,0.00000
b339a258-b13d-47f5-9ecd-24dd7d0fbf07,2013-01-01,0,0.00000,52,DevelopmentType.DIRECT,DietType.INVERTEBRATES|CARCASSES|VERTEBRATES,carnivorous_bird,153,True,False,1.00000,active,0.40000,0.30000,0.30000,0.14286,0.00000,0.00000,0.00000,"[52, 43, 61, 51, 53, 34, 42]",55609.19461,0.00000,0.00000
ce636fbf-67a7-4988-a71a-796cefb5b5ad,2013-01-01,0,0.00000,63,DevelopmentType.DIRECT,DietType.INVERTEBRATES|CARCASSES|VERTEBRATES,carnivorous_bird,153,True,False,1.00000,active,0.40000,0.30000,0.30000,0.14286,0.00000,0.00000,0.00000,"[63, 54, 72, 64, 45, 55, 73]",55609.19461,0.00000,0.00000
92e18f23-631b-4232-8a60-ecb93f4a5a46,2013-01-01,0,0.00000,29,DevelopmentType.DIRECT,DietType.INVERTEBRATES|CARCASSES|VERTEBRATES,carnivorous_bird,153,True,False,1.00000,active,0.40000,0.30000,0.30000,0.14286,0.00000,0.00000,0.00000,"[29, 20, 38, 28, 30, 11, 19]",55609.19461,0.00000,0.00000
1531723b-7b8b-4aa0-9fe9-06da80569668,2013-01-01,0,0.00000,12,DevelopmentType.DIRECT,DietType.INVERTEBRATES|CARCASSES|VERTEBRATES,carnivorous_bird,153,True,False,1.00000,active,0.40000,0.30000,0.30000,0.14286,0.00000,0.00000,0.00000,"[12, 3, 21, 11, 13, 2, 4]",55609.19461,0.00000,0.00000
d78ea27a-102b-45de-922a-36c964ae202c,2013-01-01,0,0.00000,7,DevelopmentType.DIRECT,DietType.INVERTEBRATES|CARCASSES|VERTEBRATES,carnivorous_bird,153,True,False,1.00000,active,0.40000,0.30000,0.30000,0.14286,0.00000,0.00000,0.00000,"[7, 16, 6, 8, 25, 15, 17]",55609.19461,0.00000,0.00000
b896132e-df64-468a-9a3a-a0853f5de447,2013-01-01,0,0.00000,74,DevelopmentType.DIRECT,DietType.INVERTEBRATES|CARCASSES|VERTEBRATES,carnivorous_bird,153,True,False,1.00000,active,0.40000,0.30000,0.30000,0.14286,0.00000,0.00000,0.00000,"[74, 65, 73, 75, 56, 64, 66]",55609.19461,0.00000,0.00000
4607912d-3e75-483e-bd25-105d2d4d95a3,2013-01-01,0,0.00000,70,DevelopmentType.DIRECT,DietType.INVERTEBRATES|CARCASSES|VERTEBRATES,carnivorous_bird,153,True,False,1.00000,active,0.40000,0.30000,0.30000,0.14286,0.00000,0.00000,0.00000,"[70, 61, 79, 69, 71, 52, 60]",55609.19461,0.00000,0.00000
041e4ffa-7721-41e2-b150-fefa07ed4d7b,2013-01-01,0,0.00000,79,DevelopmentType.DIRECT,DietType.INVERTEBRATES|CARCASSES|VERTEBRATES,carnivorous_bird,153,True,False,1.00000,active,0.40000,0.30000,0.30000,0.14286,0.00000,0.00000,0.00000,"[79, 70, 78, 80, 61, 69, 71]",55609.19461,0.00000,0.00000
58dcd58f-2781-4ac1-9ce1-c47b004d047b,2013-01-01,0,0.00000,58,DevelopmentType.DIRECT,DietType.INVERTEBRATES|CARCASSES|VERTEBRATES,carnivorous_bird,153,True,False,1.00000,active,0.40000,0.30000,0.30000,0.14286,0.00000,0.00000,0.00000,"[58, 49, 67, 57, 59, 40, 48]",55609.19461,0.00000,0.00000
7e0c65bc-a84b-4d73-ae79-3a94a33ae64d,2013-01-01,0,0.00000,14,DevelopmentType.DIRECT,DietType.INVERTEBRATES|CARCASSES|VERTEBRATES,carnivorous_bird,153,True,False,1.00000,active,0.40000,0.30000,0.30000,0.14286,0.00000,0.00000,0.00000,"[14, 5, 23, 13, 15, 4, 6]",55609.19461,0.00000,0.00000
fc3b8ef3-e477-434a-9b8b-e6ed668cf6cf,2013-01-01,0,0.00000,71,DevelopmentType.DIRECT,DietType.INVERTEBRATES|CARCASSES|VERTEBRATES,carnivorous_bird,153,True,False,1.00000,active,0.40000,0.30000,0.30000,0.14286,0.00000,0.00000,0.00000,"[71, 62, 80, 70, 53, 61, 79]",55609.19461,0.00000,0.00000
a65c0d6f-8e8d-4b1b-87f8-07ee2f184cb2,2013-01-01,0,0.00000,2,DevelopmentType.DIRECT,DietType.INVERTEBRATES|CARCASSES|VERTEBRATES,carnivorous_bird,153,True,False,1.00000,active,0.40000,0.30000,0.30000,0.14286,0.00000,0.00000,0.00000,"[2, 11, 1, 3, 20, 10, 12]",55609.19461,0.00000,0.00000
0737f73c-344b-43b0-abc2-2c1382bfa2e8,2013-01-01,0,0.00000,72,DevelopmentType.DIRECT,DietType.INVERTEBRATES|CARCASSES|VERTEBRATES,carnivorous_bird,153,True,False,1.00000,active,0.40000,0.30000,0.30000,0.14286,0.00000,0.00000,0.00000,"[72, 63, 73, 54, 64, 74, 45]",55609.19461,0.00000,0.00000
9a333cab-03b1-40ca-a7cf-abd07393fb6c,2013-01-01,0,0.00000,35,DevelopmentType.DIRECT,DietType.INVERTEBRATES|CARCASSES|VERTEBRATES,carnivorous_bird,153,True,False,1.00000,active,0.40000,0.30000,0.30000,0.14286,0.00000,0.00000,0.00000,"[35, 26, 44, 34, 17, 25, 53]",55609.19461,0.00000,0.00000
15f19d95-695b-4758-aa92-5b0686a4b733,2013-01-01,0,0.00000,19,DevelopmentType.DIRECT,DietType.INVERTEBRATES|CARCASSES|VERTEBRATES,carnivorous_bird,153,True,False,1.00000,active,0.40000,0.30000,0.30000,0.14286,0.00000,0.00000,0.00000,"[19, 10, 28, 18, 20, 1, 9]",55609.19461,0.00000,0.00000
2b68f672-899d-4b72-9109-408fcdafb31f,2013-01-01,0,0.00000,11,DevelopmentType.DIRECT,DietType.INVERTEBRATES|CARCASSES|VERTEBRATES,carnivorous_bird,153,True,False,1.00000,active,0.40000,0.30000,0.30000,0.14286,0.00000,0.00000,0.00000,"[11, 2, 20, 10, 12, 1, 3]",55609.19461,0.00000,0.00000
e5352acd-2cda-40cf-839a-b0965a6ae850,2013-01-01,0,0.00000,68,DevelopmentType.DIRECT,DietType.INVERTEBRATES|CARCASSES|VERTEBRATES,carnivorous_bird,153,True,False,1.00000,active,0.40000,0.30000,0.30000,0.14286,0.00000,0.00000,0.00000,"[68, 59, 77, 67, 69, 50, 58]",55609.19461,0.00000,0.00000
389ea851-ecd2-4691-97d5-54d625e75521,2013-01-01,0,0.00000,30,DevelopmentType.DIRECT,DietType.INVERTEBRATES|CARCASSES|VERTEBRATES,carnivorous_bird,153,True,False,1.00000,active,0.40000,0.30000,0.30000,0.14286,0.00000,0.00000,0.00000,"[30, 21, 39, 29, 31, 12, 20]",55609.19461,0.00000,0.00000
1ab2bf44-012a-4f0d-95bf-a23b21908a6c,2013-01-01,0,0.00000,61,DevelopmentType.DIRECT,DietType.INVERTEBRATES|CARCASSES|VERTEBRATES,carnivorous_bird,153,True,False,1.00000,active,0.40000,0.30000,0.30000,0.14286,0.00000,0.00000,0.00000,"[61, 52, 70, 60, 62, 43, 51]",55609.19461,0.00000,0.00000
004a2c48-6024-4adf-a20e-e835ec432db9,2013-01-01,0,0.00000,4,DevelopmentType.DIRECT,DietType.INVERTEBRATES|CARCASSES|VERTEBRATES,carnivorous_bird,153,True,False,1.00000,active,0.40000,0.30000,0.30000,0.14286,0.00000,0.00000,0.00000,"[4, 13, 3, 5, 22, 12, 14]",55609.19461,0.00000,0.00000
5a2fc13a-ba23-4fb0-a92a-925cae344286,2013-01-01,0,0.00000,39,DevelopmentType.DIRECT,DietType.INVERTEBRATES|CARCASSES|VERTEBRATES,carnivorous_bird,153,True,False,1.00000,active,0.40000,0.30000,0.30000,0.14286,0.00000,0.00000,0.00000,"[39, 30, 48, 38, 40, 21, 29]",55609.19461,0.00000,0.00000
a6ec36a9-f5ed-4bc9-a5d1-f30b73db621b,2013-01-01,0,0.00000,54,DevelopmentType.DIRECT,DietType.INVERTEBRATES|CARCASSES|VERTEBRATES,carnivorous_bird,153,True,False,1.00000,active,0.40000,0.30000,0.30000,0.14286,0.00000,0.00000,0.00000,"[54, 45, 63, 55, 36, 46, 72]",55609.19461,0.00000,0.00000
d85d593b-5f75-4002-a577-2ab1d8abd316,2013-01-01,0,0.00000,67,DevelopmentType.DIRECT,DietType.INVERTEBRATES|CARCASSES|VERTEBRATES,carnivorous_bird,153,True,False,1.00000,active,0.40000,0.30000,0.30000,0.14286,0.00000,0.00000,0.00000,"[67, 58, 76, 66, 68, 49, 57]",55609.19461,0.00000,0.00000
340a48a1-9df3-4bcc-85c9-40d06e27205f,2013-01-01,0,0.00000,48,DevelopmentType.DIRECT,DietType.INVERTEBRATES|CARCASSES|VERTEBRATES,carnivorous_bird,153,True,False,1.00000,active,0.40000,0.30000,0.30000,0.14286,0.00000,0.00000,0.00000,"[48, 39, 57, 47, 49, 30, 38]",55609.19461,0.00000,0.00000
8fa9d595-047f-4e43-80ce-eef445c7e9a9,2013-01-01,0,0.00000,18,DevelopmentType.DIRECT,DietType.INVERTEBRATES|CARCASSES|VERTEBRATES,carnivorous_bird,153,True,False,1.00000,active,0.40000,0.30000,0.30000,0.14286,0.00000,0.00000,0.00000,"[18, 9, 27, 19, 0, 10, 36]",55609.19461,0.00000,0.00000
469b7032-9638-4ef2-bf40-17dffbdfffab,2013-01-01,0,0.00000,5,DevelopmentType.DIRECT,DietType.INVERTEBRATES|CARCASSES|VERTEBRATES,carnivorous_bird,153,True,False,1.00000,active,0.40000,0.30000,0.30000,0.14286,0.00000,0.00000,0.00000,"[5, 14, 4, 6, 23, 13, 15]",55609.19461,0.00000,0.00000
2662d2f6-6aac-4473-a90b-370dd8e354c7,2013-01-01,0,0.00000,40,DevelopmentType.DIRECT,DietType.INVERTEBRATES|CARCASSES|VERTEBRATES,carnivorous_bird,153,True,False,1.00000,active,0.40000,0.30000,0.30000,0.14286,0.00000,0.00000,0.00000,"[40, 31, 49, 39, 41, 22, 30]",55609.19461,0.00000,0.00000
8a247380-ff9c-4e57-bd58-883a99842101,2013-01-01,0,0.00000,66,DevelopmentType.DIRECT,DietType.INVERTEBRATES|CARCASSES|VERTEBRATES,carnivorous_bird,153,True,False,1.00000,active,0.40000,0.30000,0.30000,0.14286,0.00000,0.00000,0.00000,"[66, 57, 75, 65, 67, 48, 56]",55609.19461,0.00000,0.00000
69753a6f-b11c-491d-b6d6-2f13c2939a75,2013-01-01,0,0.00000,25,DevelopmentType.DIRECT,DietType.INVERTEBRATES|CARCASSES|VERTEBRATES,carnivorous_bird,153,True,False,1.00000,active,0.40000,0.30000,0.30000,0.14286,0.00000,0.00000,0.00000,"[25, 16, 34, 24, 26, 7, 15]",55609.19461,0.00000,0.00000
b9b52bc0-62b5-4723-b97a-4cf5073af082,2013-01-01,0,0.00000,41,DevelopmentType.DIRECT,DietType.INVERTEBRATES|CARCASSES|VERTEBRATES,carnivorous_bird,153,True,False,1.00000,active,0.40000,0.30000,0.30000,0.14286,0.00000,0.00000,0.00000,"[41, 32, 50, 40, 42, 23, 31]",55609.19461,0.00000,0.00000
acefd93c-21a6-4635-b208-09ac3bbc4ebf,2013-01-01,0,0.00000,22,DevelopmentType.DIRECT,DietType.INVERTEBRATES|CARCASSES|VERTEBRATES,carnivorous_bird,153,True,False,1.00000,active,0.40000,0.30000,0.30000,0.14286,0.00000,0.00000,0.00000,"[22, 13, 31, 21, 23, 4, 12]",55609.19461,0.00000,0.00000
e6bf1faa-43e0-49c9-a823-0d7db3a0f35a,2013-01-01,0,0.00000,16,DevelopmentType.DIRECT,DietType.INVERTEBRATES|CARCASSES|VERTEBRATES,carnivorous_bird,153,True,False,1.00000,active,0.40000,0.30000,0.30000,0.14286,0.00000,0.00000,0.00000,"[16, 7, 25, 15, 17, 6, 8]",55609.19461,0.00000,0.00000
36b2b0e9-db22-4b0e-9f2f-a7e68b92e09e,2013-01-01,0,0.00000,6,DevelopmentType.DIRECT,DietType.INVERTEBRATES|CARCASSES|VERTEBRATES,carnivorous_bird,153,True,False,1.00000,active,0.40000,0.30000,0.30000,0.14286,0.00000,0.00000,0.00000,"[6, 15, 5, 7, 24, 14, 16]",55609.19461,0.00000,0.00000
0d6b3406-3635-4ff9-8906-da4144872582,2013-01-01,0,0.00000,62,DevelopmentType.DIRECT,DietType.INVERTEBRATES|CARCASSES|VERTEBRATES,carnivorous_bird,153,True,False,1.00000,active,0.40000,0.30000,0.30000,0.14286,0.00000,0.00000,0.00000,"[62, 53, 71, 61, 44, 52, 80]",55609.19461,0.00000,0.00000
4211d793-0c7c-4315-8ee7-5a9c14151871,2013-01-01,0,0.00000,49,DevelopmentType.DIRECT,DietType.INVERTEBRATES|CARCASSES|VERTEBRATES,carnivorous_bird,153,True,False,1.00000,active,0.40000,0.30000,0.30000,0.14286,0.00000,0.00000,0.00000,"[49, 40, 58, 48, 50, 31, 39]",55609.19461,0.00000,0.00000
7027305f-a132-4f0c-968c-4e73e5b6a076,2013-01-01,0,0.00000,51,DevelopmentType.DIRECT,DietType.INVERTEBRATES|CARCASSES|VERTEBRATES,carnivorous_bird,153,True,False,1.00000,active,0.40000,0.30000,0.30000,0.14286,0.00000,0.00000,0.00000,"[51, 42, 60, 50, 52, 33, 41]",55609.19461,0.00000,0.00000
3a8a4484-a6d9-4477-a00b-59c3d47d5847,2013-01-01,0,0.00000,57,DevelopmentType.DIRECT,DietType.INVERTEBRATES|CARCASSES|VERTEBRATES,carnivorous_bird,153,True,False,1.00000,active,0.40000,0.30000,0.30000,0.14286,0.00000,0.00000,0.00000,"[57, 48, 66, 56, 58, 39, 47]",55609.19461,0.00000,0.00000
8c47387d-bedd-48d0-a413-2cc2ed803ae0,2013-01-01,0,0.00000,69,DevelopmentType.DIRECT,DietType.INVERTEBRATES|CARCASSES|VERTEBRATES,carnivorous_bird,153,True,False,1.00000,active,0.40000,0.30000,0.30000,0.14286,0.00000,0.00000,0.00000,"[69, 60, 78, 68, 70, 51, 59]",55609.19461,0.00000,0.00000
e61170ee-b0c4-456e-9bf1-1fd6ad1d09bf,2013-01-01,0,0.00000,1,DevelopmentType.DIRECT,DietType.INVERTEBRATES|CARCASSES|VERTEBRATES,carnivorous_bird,153,True,False,1.00000,active,0.40000,0.30000,0.30000,0.14286,0.00000,0.00000,0.00000,"[1, 10, 0, 2, 19, 9, 11]",55609.19461,0.00000,0.00000
eae272a4-cac8-494a-a536-613865241b72,2013-01-01,0,0.00000,50,DevelopmentType.DIRECT,DietType.INVERTEBRATES|CARCASSES|VERTEBRATES,carnivorous_bird,153,True,False,1.00000,active,0.40000,0.30000,0.30000,0.14286,0.00000,0.00000,0.00000,"[50, 41, 59, 49, 51, 32, 40]",55609.19461,0.00000,0.00000
389da127-0a3c-4a49-89ce-6bcfc04d039e,2013-01-01,0,0.00000,56,DevelopmentType.DIRECT,DietType.FOLIAGE|FRUIT,herbivorous_bird,203,True,False,0.50000,active,0.20000,0.15000,0.15000,0.25000,0.00000,0.00000,0.00000,"[56, 47, 65, 55]",25408.71548,0.00000,0.00000
850e6df9-601e-4bc1-addc-d590567b5b8c,2013-01-01,0,0.00000,54,DevelopmentType.DIRECT,DietType.FOLIAGE|FRUIT,herbivorous_bird,203,True,False,0.50000,active,0.20000,0.15000,0.15000,0.25000,0.00000,0.00000,0.00000,"[54, 45, 63, 55]",25408.71548,0.00000,0.00000
edef8219-313b-406e-978a-3b0beb31072b,2013-01-01,0,0.00000,35,DevelopmentType.DIRECT,DietType.FOLIAGE|FRUIT,herbivorous_bird,203,True,False,0.50000,active,0.20000,0.15000,0.15000,0.25000,0.00000,0.00000,0.00000,"[35, 26, 44, 34]",25408.71548,0.00000,0.00000
b2183177-b1c5-4c30-bf75-3f5a74dde87e,2013-01-01,0,0.00000,60,DevelopmentType.DIRECT,DietType.FOLIAGE|FRUIT,herbivorous_bird,203,True,False,0.50000,active,0.20000,0.15000,0.15000,0.25000,0.00000,0.00000,0.00000,"[60, 51, 69, 59]",25408.71548,0.00000,0.00000
16c34299-f65e-4919-aa79-7823733b6c60,2013-01-01,0,0.00000,30,DevelopmentType.DIRECT,DietType.FOLIAGE|FRUIT,herbivorous_bird,203,True,False,0.50000,active,0.20000,0.15000,0.15000,0.25000,0.00000,0.00000,0.00000,"[30, 21, 39, 29]",25408.71548,0.00000,0.00000
4c222f79-6c6e-4b11-ae8e-2fd578796e76,2013-01-01,0,0.00000,8,DevelopmentType.DIRECT,DietType.FOLIAGE|FRUIT,herbivorous_bird,203,True,False,0.50000,active,0.20000,0.15000,0.15000,0.25000,0.00000,0.00000,0.00000,"[8, 17, 7, 26]",25408.71548,0.00000,0.00000
4870e122-d778-41bb-b857-edf78120992c,2013-01-01,0,0.00000,27,DevelopmentType.DIRECT,DietType.FOLIAGE|FRUIT,herbivorous_bird,203,True,False,0.50000,active,0.20000,0.15000,0.15000,0.25000,0.00000,0.00000,0.00000,"[27, 18, 36, 28]",25408.71548,0.00000,0.00000
904a0518-17ed-4138-86f9-001b6dcb5d69,2013-01-01,0,0.00000,73,DevelopmentType.DIRECT,DietType.FOLIAGE|FRUIT,herbivorous_bird,203,True,False,0.50000,active,0.20000,0.15000,0.15000,0.25000,0.00000,0.00000,0.00000,"[73, 64, 72, 74]",25408.71548,0.00000,0.00000
d172ec87-49e4-4461-9477-04e05fdd7468,2013-01-01,0,0.00000,67,DevelopmentType.DIRECT,DietType.FOLIAGE|FRUIT,herbivorous_bird,203,True,False,0.50000,active,0.20000,0.15000,0.15000,0.25000,0.00000,0.00000,0.00000,"[67, 58, 76, 66]",25408.71548,0.00000,0.00000
306f0253-8d48-442d-8134-5ada3ad14266,2013-01-01,0,0.00000,21,DevelopmentType.DIRECT,DietType.FOLIAGE|FRUIT,herbivorous_bird,203,True,False,0.50000,active,0.20000,0.15000,0.15000,0.25000,0.00000,0.00000,0.00000,"[21, 12, 30, 20]",25408.71548,0.00000,0.00000
8ae3231c-f367-47ad-81e2-fa7d60c5ee65,2013-01-01,0,0.00000,26,DevelopmentType.DIRECT,DietType.FOLIAGE|FRUIT,herbivorous_bird,203,True,False,0.50000,active,0.20000,0.15000,0.15000,0.25000,0.00000,0.00000,0.00000,"[26, 17, 35, 25]",25408.71548,0.00000,0.00000
e4123558-6fb1-4f60-8d35-053c79a16264,2013-01-01,0,0.00000,20,DevelopmentType.DIRECT,DietType.FOLIAGE|FRUIT,herbivorous_bird,203,True,False,0.50000,active,0.20000,0.15000,0.15000,0.25000,0.00000,0.00000,0.00000,"[20, 11, 29, 19]",25408.71548,0.00000,0.00000
2c7f59e4-4964-4c18-8f74-3f6b1e8adaf4,2013-01-01,0,0.00000,44,DevelopmentType.DIRECT,DietType.FOLIAGE|FRUIT,herbivorous_bird,203,True,False,0.50000,active,0.20000,0.15000,0.15000,0.25000,0.00000,0.00000,0.00000,"[44, 35, 53, 43]",25408.71548,0.00000,0.00000
05d517d5-8b54-4afd-914a-69c98a05aef9,2013-01-01,0,0.00000,2,DevelopmentType.DIRECT,DietType.FOLIAGE|FRUIT,herbivorous_bird,203,True,False,0.50000,active,0.20000,0.15000,0.15000,0.25000,0.00000,0.00000,0.00000,"[2, 11, 1, 3]",25408.71548,0.00000,0.00000
e7643e11-977a-47a8-88dc-2adb2ed2a900,2013-01-01,0,0.00000,63,DevelopmentType.DIRECT,DietType.FOLIAGE|FRUIT,herbivorous_bird,203,True,False,0.50000,active,0.20000,0.15000,0.15000,0.25000,0.00000,0.00000,0.00000,"[63, 54, 72, 64]",25408.71548,0.00000,0.00000
39135f99-f292-4eae-b33a-b3b0dbfaf6bb,2013-01-01,0,0.00000,6,DevelopmentType.DIRECT,DietType.FOLIAGE|FRUIT,herbivorous_bird,203,True,False,0.50000,active,0.20000,0.15000,0.15000,0.25000,0.00000,0.00000,0.00000,"[6, 15, 5, 7]",25408.71548,0.00000,0.00000
5be02155-210c-4b40-8207-54872b204423,2013-01-01,0,0.00000,68,DevelopmentType.DIRECT,DietType.FOLIAGE|FRUIT,herbivorous_bird,203,True,False,0.50000,active,0.20000,0.15000,0.15000,0.25000,0.00000,0.00000,0.00000,"[68, 59, 77, 67]",25408.71548,0.00000,0.00000
be0fa419-1369-4fce-a42b-b5182915d2a3,2013-01-01,0,0.00000,69,DevelopmentType.DIRECT,DietType.FOLIAGE|FRUIT,herbivorous_bird,203,True,False,0.50000,active,0.20000,0.15000,0.15000,0.25000,0.00000,0.00000,0.00000,"[69, 60, 78, 68]",25408.71548,0.00000,0.00000
d85e2ef4-f3b5-4e90-abc4-79fba5d2fa53,2013-01-01,0,0.00000,10,DevelopmentType.DIRECT,DietType.FOLIAGE|FRUIT,herbivorous_bird,203,True,False,0.50000,active,0.20000,0.15000,0.15000,0.25000,0.00000,0.00000,0.00000,"[10, 1, 19, 9]",25408.71548,0.00000,0.00000
a2e1366b-0abc-45fb-86ff-79dcbad5d7b2,2013-01-01,0,0.00000,77,DevelopmentType.DIRECT,DietType.FOLIAGE|FRUIT,herbivorous_bird,203,True,False,0.50000,active,0.20000,0.15000,0.15000,0.25000,0.00000,0.00000,0.00000,"[77, 68, 76, 78]",25408.71548,0.00000,0.00000
b278e861-7df6-4322-a9aa-cc6600cca166,2013-01-01,0,0.00000,58,DevelopmentType.DIRECT,DietType.FOLIAGE|FRUIT,herbivorous_bird,203,True,False,0.50000,active,0.20000,0.15000,0.15000,0.25000,0.00000,0.00000,0.00000,"[58, 49, 67, 57]",25408.71548,0.00000,0.00000
78769cbc-3e67-4ee0-aaed-c7b1b7fec53a,2013-01-01,0,0.00000,31,DevelopmentType.DIRECT,DietType.FOLIAGE|FRUIT,herbivorous_bird,203,True,False,0.50000,active,0.20000,0.15000,0.15000,0.25000,0.00000,0.00000,0.00000,"[31, 22, 40, 30]",25408.71548,0.00000,0.00000
e0b294a3-6731-47ff-8c1d-e983f9d474e6,2013-01-01,0,0.00000,55,DevelopmentType.DIRECT,DietType.FOLIAGE|FRUIT,herbivorous_bird,203,True,False,0.50000,active,0.20000,0.15000,0.15000,0.25000,0.00000,0.00000,0.00000,"[55, 46, 64, 54]",25408.71548,0.00000,0.00000
77d0dafc-2209-43c3-9d6f-5e0c531f2f51,2013-01-01,0,0.00000,74,DevelopmentType.DIRECT,DietType.FOLIAGE|FRUIT,herbivorous_bird,203,True,False,0.50000,active,0.20000,0.15000,0.15000,0.25000,0.00000,0.00000,0.00000,"[74, 65, 73, 75]",25408.71548,0.00000,0.00000
8afaa771-7e6a-4459-b40c-570d8477274c,2013-01-01,0,0.00000,49,DevelopmentType.DIRECT,DietType.FOLIAGE|FRUIT,herbivorous_bird,203,True,False,0.50000,active,0.20000,0.15000,0.15000,0.25000,0.00000,0.00000,0.00000,"[49, 40, 58, 48]",25408.71548,0.00000,0.00000
a7b6b120-c321-4118-b859-311c742e6f57,2013-01-01,0,0.00000,57,DevelopmentType.DIRECT,DietType.FOLIAGE|FRUIT,herbivorous_bird,203,True,False,0.50000,active,0.20000,0.15000,0.15000,0.25000,0.00000,0.00000,0.00000,"[57, 48, 66, 56]",25408.71548,0.00000,0.00000
7785c4de-dfdf-4e78-93cc-e6a1f024efa6,2013-01-01,0,0.00000,52,DevelopmentType.DIRECT,DietType.FOLIAGE|FRUIT,herbivorous_bird,202,True,False,0.50000,active,0.20000,0.15000,0.15000,0.25000,0.00000,0.00000,0.00000,"[52, 43, 61, 51]",25408.71548,0.00000,0.00000
4b1900c4-9991-4f0f-ab5e-8a5480b1dcda,2013-01-01,0,0.00000,59,DevelopmentType.DIRECT,DietType.FOLIAGE|FRUIT,herbivorous_bird,202,True,False,0.50000,active,0.20000,0.15000,0.15000,0.25000,0.00000,0.00000,0.00000,"[59, 50, 68, 58]",25408.71548,0.00000,0.00000
66aac153-c7b6-4827-9903-f052d8cf9d16,2013-01-01,0,0.00000,32,DevelopmentType.DIRECT,DietType.FOLIAGE|FRUIT,herbivorous_bird,202,True,False,0.50000,active,0.20000,0.15000,0.15000,0.25000,0.00000,0.00000,0.00000,"[32, 23, 41, 31]",25408.71548,0.00000,0.00000
52e68b42-6190-47dc-a56a-8cf8c42f7573,2013-01-01,0,0.00000,7,DevelopmentType.DIRECT,DietType.FOLIAGE|FRUIT,herbivorous_bird,202,True,False,0.50000,active,0.20000,0.15000,0.15000,0.25000,0.00000,0.00000,0.00000,"[7, 16, 6, 8]",25408.71548,0.00000,0.00000
ddaed774-4683-4b2b-b5d4-b4eed406cabe,2013-01-01,0,0.00000,37,DevelopmentType.DIRECT,DietType.FOLIAGE|FRUIT,herbivorous_bird,202,True,False,0.50000,active,0.20000,0.15000,0.15000,0.25000,0.00000,0.00000,0.00000,"[37, 28, 46, 36]",25408.71548,0.00000,0.00000
142f8464-b47e-485a-8015-71a93633fd4c,2013-01-01,0,0.00000,33,DevelopmentType.DIRECT,DietType.FOLIAGE|FRUIT,herbivorous_bird,202,True,False,0.50000,active,0.20000,0.15000,0.15000,0.25000,0.00000,0.00000,0.00000,"[33, 24, 42, 32]",25408.71548,0.00000,0.00000
8c98e9d8-bfdb-4bfd-8fca-94cb95b11771,2013-01-01,0,0.00000,4,DevelopmentType.DIRECT,DietType.FOLIAGE|FRUIT,herbivorous_bird,202,True,False,0.50000,active,0.20000,0.15000,0.15000,0.25000,0.00000,0.00000,0.00000,"[4, 13, 3, 5]",25408.71548,0.00000,0.00000
fd7d0b09-7fc0-4206-97fe-fa8909509b30,2013-01-01,0,0.00000,47,DevelopmentType.DIRECT,DietType.FOLIAGE|FRUIT,herbivorous_bird,202,True,False,0.50000,active,0.20000,0.15000,0.15000,0.25000,0.00000,0.00000,0.00000,"[47, 38, 56, 46]",25408.71548,0.00000,0.00000
a2039bbf-5c18-48b0-812e-e49cd8d1a75f,2013-01-01,0,0.00000,46,DevelopmentType.DIRECT,DietType.FOLIAGE|FRUIT,herbivorous_bird,202,True,False,0.50000,active,0.20000,0.15000,0.15000,0.25000,0.00000,0.00000,0.00000,"[46, 37, 55, 45]",25408.71548,0.00000,0.00000
c77a3c0b-f609-45c7-8d3b-15428ad7ed35,2013-01-01,0,0.00000,39,DevelopmentType.DIRECT,DietType.FOLIAGE|FRUIT,herbivorous_bird,202,True,False,0.50000,active,0.20000,0.15000,0.15000,0.25000,0.00000,0.00000,0.00000,"[39, 30, 48, 38]",25408.71548,0.00000,0.00000
8bfecdd6-11ad-4460-8839-cd148df0f5ac,2013-01-01,0,0.00000,48,DevelopmentType.DIRECT,DietType.FOLIAGE|FRUIT,herbivorous_bird,202,True,False,0.50000,active,0.20000,0.15000,0.15000,0.25000,0.00000,0.00000,0.00000,"[48, 39, 57, 47]",25408.71548,0.00000,0.00000
55eb3cb9-971f-4dad-828f-f835fca77e9a,2013-01-01,0,0.00000,72,DevelopmentType.DIRECT,DietType.FOLIAGE|FRUIT,herbivorous_bird,202,True,False,0.50000,active,0.20000,0.15000,0.15000,0.25000,0.00000,0.00000,0.00000,"[72, 63, 73, 54]",25408.71548,0.00000,0.00000
657b09fc-1316-40d0-bdb1-20895d95b368,2013-01-01,0,0.00000,50,DevelopmentType.DIRECT,DietType.FOLIAGE|FRUIT,herbivorous_bird,202,True,False,0.50000,active,0.20000,0.15000,0.15000,0.25000,0.00000,0.00000,0.00000,"[50, 41, 59, 49]",25408.71548,0.00000,0.00000
23ee02e6-dd40-406b-818f-53925937662a,2013-01-01,0,0.00000,65,DevelopmentType.DIRECT,DietType.FOLIAGE|FRUIT,herbivorous_bird,202,True,False,0.50000,active,0.20000,0.15000,0.15000,0.25000,0.00000,0.00000,0.00000,"[65, 56, 74, 64]",25408.71548,0.00000,0.00000
40af5ed0-8b71-41cf-b599-73c10468cef9,2013-01-01,0,0.00000,70,DevelopmentType.DIRECT,DietType.FOLIAGE|FRUIT,herbivorous_bird,202,True,False,0.50000,active,0.20000,0.15000,0.15000,0.25000,0.00000,0.00000,0.00000,"[70, 61, 79, 69]",25408.71548,0.00000,0.00000
995d9146-d6f0-4a85-84f0-bfcc31a81d10,2013-01-01,0,0.00000,5,DevelopmentType.DIRECT,DietType.FOLIAGE|FRUIT,herbivorous_bird,202,True,False,0.50000,active,0.20000,0.15000,0.15000,0.25000,0.00000,0.00000,0.00000,"[5, 14, 4, 6]",25408.71548,0.00000,0.00000
9d9aa83b-3ab1-4c25-8bfa-2b3a5137daf4,2013-01-01,0,0.00000,13,DevelopmentType.DIRECT,DietType.FOLIAGE|FRUIT,herbivorous_bird,202,True,False,0.50000,active,0.20000,0.15000,0.15000,0.25000,0.00000,0.00000,0.00000,"[13, 4, 22, 12]",25408.71548,0.00000,0.00000
50a740e1-e2db-4dcf-bab6-11ca5725a7b2,2013-01-01,0,0.00000,61,DevelopmentType.DIRECT,DietType.FOLIAGE|FRUIT,herbivorous_bird,202,True,False,0.50000,active,0.20000,0.15000,0.15000,0.25000,0.00000,0.00000,0.00000,"[61, 52, 70, 60]",25408.71548,0.00000,0.00000
89a8bc52-bab2-423e-ab0c-2818a5606073,2013-01-01,0,0.00000,1,DevelopmentType.DIRECT,DietType.FOLIAGE|FRUIT,herbivorous_bird,202,True,False,0.50000,active,0.20000,0.15000,0.15000,0.25000,0.00000,0.00000,0.00000,"[1, 10, 0, 2]",25408.71548,0.00000,0.00000
388c7702-fb88-4f9b-949c-623b7711f057,2013-01-01,0,0.00000,45,DevelopmentType.DIRECT,DietType.FOLIAGE|FRUIT,herbivorous_bird,202,True,False,0.50000,active,0.20000,0.15000,0.15000,0.25000,0.00000,0.00000,0.00000,"[45, 36, 54, 46]",25408.71548,0.00000,0.00000
0365924a-f97a-4f27-875b-64f8f6411bee,2013-01-01,0,0.00000,53,DevelopmentType.DIRECT,DietType.FOLIAGE|FRUIT,herbivorous_bird,202,True,False,0.50000,active,0.20000,0.15000,0.15000,0.25000,0.00000,0.00000,0.00000,"[53, 44, 62, 52]",25408.71548,0.00000,0.00000
f7e2c9cf-57f4-4a3a-a14b-ffa7ca0bab25,2013-01-01,0,0.00000,3,DevelopmentType.DIRECT,DietType.FOLIAGE|FRUIT,herbivorous_bird,202,True,False,0.50000,active,0.20000,0.15000,0.15000,0.25000,0.00000,0.00000,0.00000,"[3, 12, 2, 4]",25408.71548,0.00000,0.00000
43e8adcf-8208-49c4-a69f-6434d7b6fce2,2013-01-01,0,0.00000,64,DevelopmentType.DIRECT,DietType.FOLIAGE|FRUIT,herbivorous_bird,202,True,False,0.50000,active,0.20000,0.15000,0.15000,0.25000,0.00000,0.00000,0.00000,"[64, 55, 73, 63]",25408.71548,0.00000,0.00000
14999e66-75d3-42a0-bc98-a8c1914e9591,2013-01-01,0,0.00000,51,DevelopmentType.DIRECT,DietType.FOLIAGE|FRUIT,herbivorous_bird,202,True,False,0.50000,active,0.20000,0.15000,0.15000,0.25000,0.00000,0.00000,0.00000,"[51, 42, 60, 50]",25408.71548,0.00000,0.00000
bac945fb-0c18-4880-bdb0-6cb2eea272cd,2013-01-01,0,0.00000,12,DevelopmentType.DIRECT,DietType.FOLIAGE|FRUIT,herbivorous_bird,202,True,False,0.50000,active,0.20000,0.15000,0.15000,0.25000,0.00000,0.00000,0.00000,"[12, 3, 21, 11]",25408.71548,0.00000,0.00000
4b5da01a-38fc-464d-8bdf-fdd3d22b0fcc,2013-01-01,0,0.00000,76,DevelopmentType.DIRECT,DietType.FOLIAGE|FRUIT,herbivorous_bird,202,True,False,0.50000,active,0.20000,0.15000,0.15000,0.25000,0.00000,0.00000,0.00000,"[76, 67, 75, 77]",25408.71548,0.00000,0.00000
55200fda-0fb4-4738-830c-aa1394e2e59f,2013-01-01,0,0.00000,62,DevelopmentType.DIRECT,DietType.FOLIAGE|FRUIT,herbivorous_bird,202,True,False,0.50000,active,0.20000,0.15000,0.15000,0.25000,0.00000,0.00000,0.00000,"[62, 53, 71, 61]",25408.71548,0.00000,0.00000
71e4c6a1-6a78-4002-88df-c7388e489683,2013-01-01,0,0.00000,22,DevelopmentType.DIRECT,DietType.FOLIAGE|FRUIT,herbivorous_bird,202,True,False,0.50000,active,0.20000,0.15000,0.15000,0.25000,0.00000,0.00000,0.00000,"[22, 13, 31, 21]",25408.71548,0.00000,0.00000
0ac8a7eb-053b-4fdf-b626-f76857cdd780,2013-01-01,0,0.00000,78,DevelopmentType.DIRECT,DietType.FOLIAGE|FRUIT,herbivorous_bird,202,True,False,0.50000,active,0.20000,0.15000,0.15000,0.25000,0.00000,0.00000,0.00000,"[78, 69, 77, 79]",25408.71548,0.00000,0.00000
ec34899a-0c0b-48fe-9e4f-1421298dc4d3,2013-01-01,0,0.00000,14,DevelopmentType.DIRECT,DietType.FOLIAGE|FRUIT,herbivorous_bird,202,True,False,0.50000,active,0.20000,0.15000,0.15000,0.25000,0.00000,0.00000,0.00000,"[14, 5, 23, 13]",25408.71548,0.00000,0.00000
4f68993d-1e96-43a5-bfbb-5433dea3c934,2013-01-01,0,0.00000,25,DevelopmentType.DIRECT,DietType.FOLIAGE|FRUIT,herbivorous_bird,202,True,False,0.50000,active,0.20000,0.15000,0.15000,0.25000,0.00000,0.00000,0.00000,"[25, 16, 34, 24]",25408.71548,0.00000,0.00000
88f9b671-8f4f-4fab-9783-ff7cc8e329c9,2013-01-01,0,0.00000,71,DevelopmentType.DIRECT,DietType.FOLIAGE|FRUIT,herbivorous_bird,202,True,False,0.50000,active,0.20000,0.15000,0.15000,0.25000,0.00000,0.00000,0.00000,"[71, 62, 80, 70]",25408.71548,0.00000,0.00000
4064de30-46a5-4b3b-880d-e5d8ef4544e1,2013-01-01,0,0.00000,38,DevelopmentType.DIRECT,DietType.FOLIAGE|FRUIT,herbivorous_bird,202,True,False,0.50000,active,0.20000,0.15000,0.15000,0.25000,0.00000,0.00000,0.00000,"[38, 29, 47, 37]",25408.71548,0.00000,0.00000
c422744a-41da-40d9-acc6-953cf05ee833,2013-01-01,0,0.00000,23,DevelopmentType.DIRECT,DietType.FOLIAGE|FRUIT,herbivorous_bird,202,True,False,0.50000,active,0.20000,0.15000,0.15000,0.25000,0.00000,0.00000,0.00000,"[23, 14, 32, 22]",25408.71548,0.00000,0.00000
19e139d7-3869-4802-8537-9a8e02a120a0,2013-01-01,0,0.00000,79,DevelopmentType.DIRECT,DietType.FOLIAGE|FRUIT,herbivorous_bird,202,True,False,0.50000,active,0.20000,0.15000,0.15000,0.25000,0.00000,0.00000,0.00000,"[79, 70, 78, 80]",25408.71548,0.00000,0.00000
a1bf53bb-b83d-488a-be26-38e0c150faf4,2013-01-01,0,0.00000,40,DevelopmentType.DIRECT,DietType.FOLIAGE|FRUIT,herbivorous_bird,202,True,False,0.50000,active,0.20000,0.15000,0.15000,0.25000,0.00000,0.00000,0.00000,"[40, 31, 49, 39]",25408.71548,0.00000,0.00000
1472c08c-d503-4f68-92a8-7345b4caf5ed,2013-01-01,0,0.00000,15,DevelopmentType.DIRECT,DietType.FOLIAGE|FRUIT,herbivorous_bird,202,True,False,0.50000,active,0.20000,0.15000,0.15000,0.25000,0.00000,0.00000,0.00000,"[15, 6, 24, 14]",25408.71548,0.00000,0.00000
cf4d1213-ea8c-4040-b4b5-fc35ac607924,2013-01-01,0,0.00000,19,DevelopmentType.DIRECT,DietType.FOLIAGE|FRUIT,herbivorous_bird,202,True,False,0.50000,active,0.20000,0.15000,0.15000,0.25000,0.00000,0.00000,0.00000,"[19, 10, 28, 18]",25408.71548,0.00000,0.00000
1249b174-844d-4744-b43a-c7f57eb1cd7b,2013-01-01,0,0.00000,34,DevelopmentType.DIRECT,DietType.FOLIAGE|FRUIT,herbivorous_bird,202,True,False,0.50000,active,0.20000,0.15000,0.15000,0.25000,0.00000,0.00000,0.00000,"[34, 25, 43, 33]",25408.71548,0.00000,0.00000
d463ad75-a9cb-4a8f-92cf-814be0e7d66e,2013-01-01,0,0.00000,0,DevelopmentType.DIRECT,DietType.FOLIAGE|FRUIT,herbivorous_bird,202,True,False,0.50000,active,0.20000,0.15000,0.15000,0.25000,0.00000,0.00000,0.00000,"[0, 9, 1, 18]",25408.71548,0.00000,0.00000
23a2c2d7-7e18-484f-9907-9ac9d4668f8e,2013-01-01,0,0.00000,75,DevelopmentType.DIRECT,DietType.FOLIAGE|FRUIT,herbivorous_bird,202,True,False,0.50000,active,0.20000,0.15000,0.15000,0.25000,0.00000,0.00000,0.00000,"[75, 66, 74, 76]",25408.71548,0.00000,0.00000
49848053-a384-4242-8c91-5938e575008e,2013-01-01,0,0.00000,43,DevelopmentType.DIRECT,DietType.FOLIAGE|FRUIT,herbivorous_bird,202,True,False,0.50000,active,0.20000,0.15000,0.15000,0.25000,0.00000,0.00000,0.00000,"[43, 34, 52, 42]",25408.71548,0.00000,0.00000
2da1f804-e5a8-422f-bfd1-c69196ceb0cd,2013-01-01,0,0.00000,42,DevelopmentType.DIRECT,DietType.FOLIAGE|FRUIT,herbivorous_bird,202,True,False,0.50000,active,0.20000,0.15000,0.15000,0.25000,0.00000,0.00000,0.00000,"[42, 33, 51, 41]",25408.71548,0.00000,0.00000
4eb4e63e-8772-4f08-9319-f93a3abfed0b,2013-01-01,0,0.00000,24,DevelopmentType.DIRECT,DietType.FOLIAGE|FRUIT,herbivorous_bird,202,True,False,0.50000,active,0.20000,0.15000,0.15000,0.25000,0.00000,0.00000,0.00000,"[24, 15, 33, 23]",25408.71548,0.00000,0.00000
8313fbd5-4d96-44a7-9bc8-4f516ce9ec42,2013-01-01,0,0.00000,11,DevelopmentType.DIRECT,DietType.FOLIAGE|FRUIT,herbivorous_bird,202,True,False,0.50000,active,0.20000,0.15000,0.15000,0.25000,0.00000,0.00000,0.00000,"[11, 2, 20, 10]",25408.71548,0.00000,0.00000
c53c3f0a-446f-4d4e-bbaf-0599b1636aa0,2013-01-01,0,0.00000,29,DevelopmentType.DIRECT,DietType.FOLIAGE|FRUIT,herbivorous_bird,202,True,False,0.50000,active,0.20000,0.15000,0.15000,0.25000,0.00000,0.00000,0.00000,"[29, 20, 38, 28]",25408.71548,0.00000,0.00000
39a845ee-646c-4f36-a7d7-c41a678607c1,2013-01-01,0,0.00000,80,DevelopmentType.DIRECT,DietType.FOLIAGE|FRUIT,herbivorous_bird,202,True,False,0.50000,active,0.20000,0.15000,0.15000,0.25000,0.00000,0.00000,0.00000,"[80, 71, 79, 62]",25408.71548,0.00000,0.00000
7b436d67-7bef-447b-a1d1-aeae9ca57279,2013-01-01,0,0.00000,28,DevelopmentType.DIRECT,DietType.FOLIAGE|FRUIT,herbivorous_bird,202,True,False,0.50000,active,0.20000,0.15000,0.15000,0.25000,0.00000,0.00000,0.00000,"[28, 19, 37, 27]",25408.71548,0.00000,0.00000
6f4878cb-b471-49da-8435-19feca7fe09e,2013-01-01,0,0.00000,18,DevelopmentType.DIRECT,DietType.FOLIAGE|FRUIT,herbivorous_bird,202,True,False,0.50000,active,0.20000,0.15000,0.15000,0.25000,0.00000,0.00000,0.00000,"[18, 9, 27, 19]",25408.71548,0.00000,0.00000
8a6df007-482a-4d3c-931e-5671074dabca,2013-01-01,0,0.00000,17,DevelopmentType.DIRECT,DietType.FOLIAGE|FRUIT,herbivorous_bird,202,True,False,0.50000,active,0.20000,0.15000,0.15000,0.25000,0.00000,0.00000,0.00000,"[17, 8, 26, 16]",25408.71548,0.00000,0.00000
510db5ff-3c3a-4bf7-89a5-a5f37d77d360,2013-01-01,0,0.00000,41,DevelopmentType.DIRECT,DietType.FOLIAGE|FRUIT,herbivorous_bird,202,True,False,0.50000,active,0.20000,0.15000,0.15000,0.25000,0.00000,0.00000,0.00000,"[41, 32, 50, 40]",25408.71548,0.00000,0.00000
1e4e63d1-9989-425f-93e7-b74e6b9c5ce5,2013-01-01,0,0.00000,66,DevelopmentType.DIRECT,DietType.FOLIAGE|FRUIT,herbivorous_bird,202,True,False,0.50000,active,0.20000,0.15000,0.15000,0.25000,0.00000,0.00000,0.00000,"[66, 57, 75, 65]",25408.71548,0.00000,0.00000
11e4f5ee-1b72-4d0e-8373-09f0a759fd2c,2013-01-01,0,0.00000,9,DevelopmentType.DIRECT,DietType.FOLIAGE|FRUIT,herbivorous_bird,202,True,False,0.50000,active,0.20000,0.15000,0.15000,0.25000,0.00000,0.00000,0.00000,"[9, 0, 18, 10]",25408.71548,0.00000,0.00000
be3c02ef-ae01-4bea-9062-989eaace7e07,2013-01-01,0,0.00000,16,DevelopmentType.DIRECT,DietType.FOLIAGE|FRUIT,herbivorous_bird,202,True,False,0.50000,active,0.20000,0.15000,0.15000,0.25000,0.00000,0.00000,0.00000,"[16, 7, 25, 15]",25408.71548,0.00000,0.00000
dff000ac-8a16-42ef-906d-a63dc5d932a3,2013-01-01,0,0.00000,36,DevelopmentType.DIRECT,DietType.FOLIAGE|FRUIT,herbivorous_bird,202,True,False,0.50000,active,0.20000,0.15000,0.15000,0.25000,0.00000,0.00000,0.00000,"[36, 27, 45, 37]",25408.71548,0.00000,0.00000
37b92fd0-a759-4176-9d4a-977da01c973e,2013-01-01,0,0.00000,50,DevelopmentType.DIRECT,DietType.INVERTEBRATES|CARCASSES|VERTEBRATES,carnivorous_mammal,36,True,False,40.00000,active,20.00000,12.00000,8.00000,0.00225,0.00000,0.00000,0.00000,"[50, 41, 59, 49, 51, 32, 40, 42, 68, 58, 60, 48, 52, 23, 31, 33, 39, 43, 77, 67, 69, 57, 61, 47, 53, 14, 22, 24, 30, 34, 38, 44, 76, 78, 66, 70, 56, 62, 46, 5, 13, 15, 21, 25, 29, 35, 37, 75, 79, 65, 71, 55, 45, 4, 6, 12, 16, 20, 26, 28, 36, 74, 80, 64, 54, 3, 7, 11, 17, 19, 27, 73, 63, 2, 8, 10, 18, 72, 1, 9, 0]",3593142.12134,0.00000,0.00000
87fdc436-2be9-44b5-80c9-a8c2cdb19c4c,2013-01-01,0,0.00000,20,DevelopmentType.DIRECT,DietType.INVERTEBRATES|CARCASSES|VERTEBRATES,carnivorous_mammal,36,True,False,40.00000,active,20.00000,12.00000,8.00000,0.00225,0.00000,0.00000,0.00000,"[20, 11, 29, 19, 21, 2, 10, 12, 38, 28, 30, 18, 22, 1, 3, 9, 13, 47, 37, 39, 27, 31, 23, 0, 4, 14, 56, 46, 48, 36, 40, 32, 24, 5, 15, 65, 55, 57, 45, 49, 41, 33, 25, 6, 16, 74, 64, 66, 54, 58, 50, 42, 34, 26, 7, 17, 73, 75, 63, 67, 59, 51, 43, 35, 8, 72, 76, 68, 60, 52, 44, 77, 69, 61, 53, 78, 70, 62, 79, 71, 80]",3593142.12134,0.00000,0.00000
aa442f34-62e6-4015-b8c4-e75e84eb2fd9,2013-01-01,0,0.00000,33,DevelopmentType.DIRECT,DietType.INVERTEBRATES|CARCASSES|VERTEBRATES,carnivorous_mammal,36,True,False,40.00000,active,20.00000,12.00000,8.00000,0.00225,0.00000,0.00000,0.00000,"[33, 24, 42, 32, 34, 15, 23, 25, 51, 41, 43, 31, 35, 6, 14, 16, 22, 26, 60, 50, 52, 40, 44, 30, 5, 7, 13, 17, 21, 69, 59, 61, 49, 53, 39, 29, 4, 8, 12, 20, 78, 68, 70, 58, 62, 48, 38, 28, 3, 11, 19, 77, 79, 67, 71, 57, 47, 37, 27, 2, 10, 18, 76, 80, 66, 56, 46, 36, 1, 9, 75, 65, 55, 45, 0, 74, 64, 54, 73, 63, 72]",3593142.12134,0.00000,0.00000
89b27cf1-d040-445e-b338-87225f4a3925,2013-01-01,0,0.00000,52,DevelopmentType.DIRECT,DietType.INVERTEBRATES|CARCASSES|VERTEBRATES,carnivorous_mammal,36,True,False,40.00000,active,20.00000,12.00000,8.00000,0.00225,0.00000,0.00000,0.00000,"[52, 43, 61, 51, 53, 34, 42, 44, 70, 60, 62, 50, 25, 33, 35, 41, 79, 69, 71, 59, 49, 16, 24, 26, 32, 40, 78, 80, 68, 58, 48, 7, 15, 17, 23, 31, 39, 77, 67, 57, 47, 6, 8, 14, 22, 30, 38, 76, 66, 56, 46, 5, 13, 21, 29, 37, 75, 65, 55, 45, 4, 12, 20, 28, 36, 74, 64, 54, 3, 11, 19, 27, 73, 63, 2, 10, 18, 72, 1, 9, 0]",3593142.12134,0.00000,0.00000
eec022c3-e831-4fbd-8ba6-916381f3e0fa,2013-01-01,0,0.00000,73,DevelopmentType.DIRECT,DietType.INVERTEBRATES|CARCASSES|VERTEBRATES,carnivorous_mammal,36,True,False,40.00000,active,20.00000,12.00000,8.00000,0.00225,0.00000,0.00000,0.00000,"[73, 64, 72, 74, 55, 63, 65, 75, 46, 54, 56, 66, 76, 37, 45, 47, 57, 67, 77, 28, 36, 38, 48, 58, 68, 78, 19, 27, 29, 39, 49, 59, 69, 79, 10, 18, 20, 30, 40, 50, 60, 70, 80, 1, 9, 11, 21, 31, 41, 51, 61, 71, 0, 2, 12, 22, 32, 42, 52, 62, 3, 13, 23, 33, 43, 53, 4, 14, 24, 34, 44, 5, 15, 25, 35, 6, 16, 26, 7, 17, 8]",3593142.12134,0.00000,0.00000
e47f3624-f170-40fb-8bc2-225abf85d40d,2013-01-01,0,0.00000,41,DevelopmentType.DIRECT,DietType.INVERTEBRATES|CARCASSES|VERTEBRATES,carnivorous_mammal,35,True,False,40.00000,active,20.00000,12.00000,8.00000,0.00225,0.00000,0.00000,0.00000,"[41, 32, 50, 40, 42, 23, 31, 33, 59, 49, 51, 39, 43, 14, 22, 24, 30, 34, 68, 58, 60, 48, 52, 38, 44, 5, 13, 15, 21, 25, 29, 35, 77, 67, 69, 57, 61, 47, 53, 37, 4, 6, 12, 16, 20, 26, 28, 76, 78, 66, 70, 56, 62, 46, 36, 3, 7, 11, 17, 19, 27, 75, 79, 65, 71, 55, 45, 2, 8, 10, 18, 74, 80, 64, 54, 1, 9, 73, 63, 0, 72]",3593142.12134,0.00000,0.00000
e8570d80-245f-499f-ba83-f368f8e9fd29,2013-01-01,0,0.00000,79,DevelopmentType.DIRECT,DietType.INVERTEBRATES|CARCASSES|VERTEBRATES,carnivorous_mammal,35,True,False,40.00000,active,20.00000,12.00000,8.00000,0.00225,0.00000,0.00000,0.00000,"[79, 70, 78, 80, 61, 69, 71, 77, 52, 60, 62, 68, 76, 43, 51, 53, 59, 67, 75, 34, 42, 44, 50, 58, 66, 74, 25, 33, 35, 41, 49, 57, 65, 73, 16, 24, 26, 32, 40, 48, 56, 64, 72, 7, 15, 17, 23, 31, 39, 47, 55, 63, 6, 8, 14, 22, 30, 38, 46, 54, 5, 13, 21, 29, 37, 45, 4, 12, 20, 28, 36, 3, 11, 19, 27, 2, 10, 18, 1, 9, 0]",3593142.12134,0.00000,0.00000
e1635a9e-b4f6-40c2-93ff-16d168488f29,2013-01-01,0,0.00000,71,DevelopmentType.DIRECT,DietType.INVERTEBRATES|CARCASSES|VERTEBRATES,carnivorous_mammal,35,True,False,40.00000,active,20.00000,12.00000,8.00000,0.00225,0.00000,0.00000,0.00000,"[71, 62, 80, 70, 53, 61, 79, 69, 44, 52, 60, 78, 68, 35, 43, 51, 59, 77, 67, 26, 34, 42, 50, 58, 76, 66, 17, 25, 33, 41, 49, 57, 75, 65, 8, 16, 24, 32, 40, 48, 56, 74, 64, 7, 15, 23, 31, 39, 47, 55, 73, 63, 6, 14, 22, 30, 38, 46, 54, 72, 5, 13, 21, 29, 37, 45, 4, 12, 20, 28, 36, 3, 11, 19, 27, 2, 10, 18, 1, 9, 0]",3593142.12134,0.00000,0.00000
e0c8e047-eeb3-4d75-b388-5196ab8c94aa,2013-01-01,0,0.00000,54,DevelopmentType.DIRECT,DietType.INVERTEBRATES|CARCASSES|VERTEBRATES,carnivorous_mammal,35,True,False,40.00000,active,20.00000,12.00000,8.00000,0.00225,0.00000,0.00000,0.00000,"[54, 45, 63, 55, 36, 46, 72, 64, 56, 27, 37, 47, 73, 65, 57, 18, 28, 38, 48, 74, 66, 58, 9, 19, 29, 39, 49, 75, 67, 59, 0, 10, 20, 30, 40, 50, 76, 68, 60, 1, 11, 21, 31, 41, 51, 77, 69, 61, 2, 12, 22, 32, 42, 52, 78, 70, 62, 3, 13, 23, 33, 43, 53, 79, 71, 4, 14, 24, 34, 44, 80, 5, 15, 25, 35, 6, 16, 26, 7, 17, 8]",3593142.12134,0.00000,0.00000
1f0dce28-ffe0-4028-9130-fb9a9d6e7a70,2013-01-01,0,0.00000,63,DevelopmentType.DIRECT,DietType.INVERTEBRATES|CARCASSES|VERTEBRATES,carnivorous_mammal,35,True,False,40.00000,active,20.00000,12.00000,8.00000,0.00225,0.00000,0.00000,0.00000,"[63, 54, 72, 64, 45, 55, 73, 65, 36, 46, 56, 74, 66, 27, 37, 47, 57, 75, 67, 18, 28, 38, 48, 58, 76, 68, 9, 19, 29, 39, 49, 59, 77, 69, 0, 10, 20, 30, 40, 50, 60, 78, 70, 1, 11, 21, 31, 41, 51, 61, 79, 71, 2, 12, 22, 32, 42, 52, 62, 80, 3, 13, 23, 33, 43, 53, 4, 14, 24, 34, 44, 5, 15, 25, 35, 6, 16, 26, 7, 17, 8]",3593142.12134,0.00000,0.00000
d870c2c7-9e41-428f-86e1-d4072fe45b12,2013-01-01,0,0.00000,76,DevelopmentType.DIRECT,DietType.INVERTEBRATES|CARCASSES|VERTEBRATES,carnivorous_mammal,35,True,False,40.00000,active,20.00000,12.00000,8.00000,0.00225,0.00000,0.00000,0.00000,"[76, 67, 75, 77, 58, 66, 68, 74, 78, 49, 57, 59, 65, 69, 73, 79, 40, 48, 50, 56, 60, 64, 70, 72, 80, 31, 39, 41, 47, 51, 55, 61, 63, 71, 22, 30, 32, 38, 42, 46, 52, 54, 62, 13, 21, 23, 29, 33, 37, 43, 45, 53, 4, 12, 14, 20, 24, 28, 34, 36, 44, 3, 5, 11, 15, 19, 25, 27, 35, 2, 6, 10, 16, 18, 26, 1, 7, 9, 17, 0, 8]",3593142.12134,0.00000,0.00000
893b5dc4-af7c-4d69-a4e5-7fc18484df81,2013-01-01,0,0.00000,3,DevelopmentType.DIRECT,DietType.INVERTEBRATES|CARCASSES|VERTEBRATES,carnivorous_mammal,35,True,False,40.00000,active,20.00000,12.00000,8.00000,0.00225,0.00000,0.00000,0.00000,"[3, 12, 2, 4, 21, 11, 13, 1, 5, 30, 20, 22, 10, 14, 0, 6, 39, 29, 31, 19, 23, 9, 15, 7, 48, 38, 40, 28, 32, 18, 24, 16, 8, 57, 47, 49, 37, 41, 27, 33, 25, 17, 66, 56, 58, 46, 50, 36, 42, 34, 26, 75, 65, 67, 55, 59, 45, 51, 43, 35, 74, 76, 64, 68, 54, 60, 52, 44, 73, 77, 63, 69, 61, 53, 72, 78, 70, 62, 79, 71, 80]",3593142.12134,0.00000,0.00000
9c5abf2b-7a25-47e0-93d1-f5adb78c7b5a,2013-01-01,0,0.00000,0,DevelopmentType.DIRECT,DietType.INVERTEBRATES|CARCASSES|VERTEBRATES,carnivorous_mammal,35,True,False,40.00000,active,20.00000,12.00000,8.00000,0.00225,0.00000,0.00000,0.00000,"[0, 9, 1, 18, 10, 2, 27, 19, 11, 3, 36, 28, 20, 12, 4, 45, 37, 29, 21, 13, 5, 54, 46, 38, 30, 22, 14, 6, 63, 55, 47, 39, 31, 23, 15, 7, 72, 64, 56, 48, 40, 32, 24, 16, 8, 73, 65, 57, 49, 41, 33, 25, 17, 74, 66, 58, 50, 42, 34, 26, 75, 67, 59, 51, 43, 35, 76, 68, 60, 52, 44, 77, 69, 61, 53, 78, 70, 62, 79, 71, 80]",3593142.12134,0.00000,0.00000
46d3a56d-9cbd-497a-8675-58a78a624dd0,2013-01-01,0,0.00000,68,DevelopmentType.DIRECT,DietType.INVERTEBRATES|CARCASSES|VERTEBRATES,carnivorous_mammal,35,True,False,40.00000,active,20.00000,12.00000,8.00000,0.00225,0.00000,0.00000,0.00000,"[68, 59, 77, 67, 69, 50, 58, 60, 76, 78, 66, 70, 41, 49, 51, 57, 61, 75, 79, 65, 71, 32, 40, 42, 48, 52, 56, 62, 74, 80, 64, 23, 31, 33, 39, 43, 47, 53, 55, 73, 63, 14, 22, 24, 30, 34, 38, 44, 46, 54, 72, 5, 13, 15, 21, 25, 29, 35, 37, 45, 4, 6, 12, 16, 20, 26, 28, 36, 3, 7, 11, 17, 19, 27, 2, 8, 10, 18, 1, 9, 0]",3593142.12134,0.00000,0.00000
1c1c0a87-50ba-4f51-b10a-50aae7c93172,2013-01-01,0,0.00000,24,DevelopmentType.DIRECT,DietType.INVERTEBRATES|CARCASSES|VERTEBRATES,carnivorous_mammal,35,True,False,40.00000,active,20.00000,12.00000,8.00000,0.00225,0.00000,0.00000,0.00000,"[24, 15, 33, 23, 25, 6, 14, 16, 42, 32, 34, 22, 26, 5, 7, 13, 17, 51, 41, 43, 31, 35, 21, 4, 8, 12, 60, 50, 52, 40, 44, 30, 20, 3, 11, 69, 59, 61, 49, 53, 39, 29, 19, 2, 10, 78, 68, 70, 58, 62, 48, 38, 28, 18, 1, 9, 77, 79, 67, 71, 57, 47, 37, 27, 0, 76, 80, 66, 56, 46, 36, 75, 65, 55, 45, 74, 64, 54, 73, 63, 72]",3593142.12134,0.00000,0.00000
eedc849e-6145-41b5-86cf-34c2a7993594,2013-01-01,0,0.00000,12,DevelopmentType.DIRECT,DietType.INVERTEBRATES|CARCASSES|VERTEBRATES,carnivorous_mammal,35,True,False,40.00000,active,20.00000,12.00000,8.00000,0.00225,0.00000,0.00000,0.00000,"[12, 3, 21, 11, 13, 2, 4, 30, 20, 22, 10, 14, 1, 5, 39, 29, 31, 19, 23, 9, 15, 0, 6, 48, 38, 40, 28, 32, 18, 24, 16, 7, 57, 47, 49, 37, 41, 27, 33, 25, 17, 8, 66, 56, 58, 46, 50, 36, 42, 34, 26, 75, 65, 67, 55, 59, 45, 51, 43, 35, 74, 76, 64, 68, 54, 60, 52, 44, 73, 77, 63, 69, 61, 53, 72, 78, 70, 62, 79, 71, 80]",3593142.12134,0.00000,0.00000
fe52f46e-43c5-4960-84cb-cd832168a42d,2013-01-01,0,0.00000,27,DevelopmentType.DIRECT,DietType.INVERTEBRATES|CARCASSES|VERTEBRATES,carnivorous_mammal,35,True,False,40.00000,active,20.00000,12.00000,8.00000,0.00225,0.00000,0.00000,0.00000,"[27, 18, 36, 28, 9, 19, 45, 37, 29, 0, 10, 20, 54, 46, 38, 30, 1, 11, 21, 63, 55, 47, 39, 31, 2, 12, 22, 72, 64, 56, 48, 40, 32, 3, 13, 23, 73, 65, 57, 49, 41, 33, 4, 14, 24, 74, 66, 58, 50, 42, 34, 5, 15, 25, 75, 67, 59, 51, 43, 35, 6, 16, 26, 76, 68, 60, 52, 44, 7, 17, 77, 69, 61, 53, 8, 78, 70, 62, 79, 71, 80]",3593142.12134,0.00000,0.00000
e8d38dcd-0332-48c7-9698-62dd6fb5fc2a,2013-01-01,0,0.00000,18,DevelopmentType.DIRECT,DietType.INVERTEBRATES|CARCASSES|VERTEBRATES,carnivorous_mammal,35,True,False,40.00000,active,20.00000,12.00000,8.00000,0.00225,0.00000,0.00000,0.00000,"[18, 9, 27, 19, 0, 10, 36, 28, 20, 1, 11, 45, 37, 29, 21, 2, 12, 54, 46, 38, 30, 22, 3, 13, 63, 55, 47, 39, 31, 23, 4, 14, 72, 64, 56, 48, 40, 32, 24, 5, 15, 73, 65, 57, 49, 41, 33, 25, 6, 16, 74, 66, 58, 50, 42, 34, 26, 7, 17, 75, 67, 59, 51, 43, 35, 8, 76, 68, 60, 52, 44, 77, 69, 61, 53, 78, 70, 62, 79, 71, 80]",3593142.12134,0.00000,0.00000
0c4ba672-d2b1-4599-8d2a-25721c370fe6,2013-01-01,0,0.00000,6,DevelopmentType.DIRECT,DietType.INVERTEBRATES|CARCASSES|VERTEBRATES,carnivorous_mammal,35,True,False,40.00000,active,20.00000,12.00000,8.00000,0.00225,0.00000,0.00000,0.00000,"[6, 15, 5, 7, 24, 14, 16, 4, 8, 33, 23, 25, 13, 17, 3, 42, 32, 34, 22, 26, 12, 2, 51, 41, 43, 31, 35, 21, 11, 1, 60, 50, 52, 40, 44, 30, 20, 10, 0, 69, 59, 61, 49, 53, 39, 29, 19, 9, 78, 68, 70, 58, 62, 48, 38, 28, 18, 77, 79, 67, 71, 57, 47, 37, 27, 76, 80, 66, 56, 46, 36, 75, 65, 55, 45, 74, 64, 54, 73, 63, 72]",3593142.12134,0.00000,0.00000
86c2da3d-c92f-4cf0-9bda-fa5809847cba,2013-01-01,0,0.00000,26,DevelopmentType.DIRECT,DietType.INVERTEBRATES|CARCASSES|VERTEBRATES,carnivorous_mammal,35,True,False,40.00000,active,20.00000,12.00000,8.00000,0.00225,0.00000,0.00000,0.00000,"[26, 17, 35, 25, 8, 16, 44, 34, 24, 7, 15, 53, 43, 33, 23, 6, 14, 62, 52, 42, 32, 22, 5, 13, 71, 61, 51, 41, 31, 21, 4, 12, 80, 70, 60, 50, 40, 30, 20, 3, 11, 79, 69, 59, 49, 39, 29, 19, 2, 10, 78, 68, 58, 48, 38, 28, 18, 1, 9, 77, 67, 57, 47, 37, 27, 0, 76, 66, 56, 46, 36, 75, 65, 55, 45, 74, 64, 54, 73, 63, 72]",3593142.12134,0.00000,0.00000
e38e75f1-5ef8-4081-8eab-a4397578d75b,2013-01-01,0,0.00000,65,DevelopmentType.DIRECT,DietType.INVERTEBRATES|CARCASSES|VERTEBRATES,carnivorous_mammal,35,True,False,40.00000,active,20.00000,12.00000,8.00000,0.00225,0.00000,0.00000,0.00000,"[65, 56, 74, 64, 66, 47, 55, 57, 73, 75, 63, 67, 38, 46, 48, 54, 58, 72, 76, 68, 29, 37, 39, 45, 49, 59, 77, 69, 20, 28, 30, 36, 40, 50, 60, 78, 70, 11, 19, 21, 27, 31, 41, 51, 61, 79, 71, 2, 10, 12, 18, 22, 32, 42, 52, 62, 80, 1, 3, 9, 13, 23, 33, 43, 53, 0, 4, 14, 24, 34, 44, 5, 15, 25, 35, 6, 16, 26, 7, 17, 8]",3593142.12134,0.00000,0.00000
f36f7f16-566b-46a2-8647-3b5dd2c8a940,2013-01-01,0,0.00000,56,DevelopmentType.DIRECT,DietType.INVERTEBRATES|CARCASSES|VERTEBRATES,carnivorous_mammal,35,True,False,40.00000,active,20.00000,12.00000,8.00000,0.00225,0.00000,0.00000,0.00000,"[56, 47, 65, 55, 57, 38, 46, 48, 74, 64, 66, 54, 58, 29, 37, 39, 45, 49, 73, 75, 63, 67, 59, 20, 28, 30, 36, 40, 50, 72, 76, 68, 60, 11, 19, 21, 27, 31, 41, 51, 77, 69, 61, 2, 10, 12, 18, 22, 32, 42, 52, 78, 70, 62, 1, 3, 9, 13, 23, 33, 43, 53, 79, 71, 0, 4, 14, 24, 34, 44, 80, 5, 15, 25, 35, 6, 16, 26, 7, 17, 8]",3593142.12134,0.00000,0.00000
c37d5253-fa3e-40d0-ace9-fb88cc9d9d5c,2013-01-01,0,0.00000,23,DevelopmentType.DIRECT,DietType.INVERTEBRATES|CARCASSES|VERTEBRATES,carnivorous_mammal,35,True,False,40.00000,active,20.00000,12.00000,8.00000,0.00225,0.00000,0.00000,0.00000,"[23, 14, 32, 22, 24, 5, 13, 15, 41, 31, 33, 21, 25, 4, 6, 12, 16, 50, 40, 42, 30, 34, 20, 26, 3, 7, 11, 17, 59, 49, 51, 39, 43, 29, 35, 19, 2, 8, 10, 68, 58, 60, 48, 52, 38, 44, 28, 18, 1, 9, 77, 67, 69, 57, 61, 47, 53, 37, 27, 0, 76, 78, 66, 70, 56, 62, 46, 36, 75, 79, 65, 71, 55, 45, 74, 80, 64, 54, 73, 63, 72]",3593142.12134,0.00000,0.00000
b3a42e7e-0241-4da6-932f-a3f727f52c40,2013-01-01,0,0.00000,69,DevelopmentType.DIRECT,DietType.INVERTEBRATES|CARCASSES|VERTEBRATES,carnivorous_mammal,35,True,False,40.00000,active,20.00000,12.00000,8.00000,0.00225,0.00000,0.00000,0.00000,"[69, 60, 78, 68, 70, 51, 59, 61, 77, 79, 67, 71, 42, 50, 52, 58, 62, 76, 80, 66, 33, 41, 43, 49, 53, 57, 75, 65, 24, 32, 34, 40, 44, 48, 56, 74, 64, 15, 23, 25, 31, 35, 39, 47, 55, 73, 63, 6, 14, 16, 22, 26, 30, 38, 46, 54, 72, 5, 7, 13, 17, 21, 29, 37, 45, 4, 8, 12, 20, 28, 36, 3, 11, 19, 27, 2, 10, 18, 1, 9, 0]",3593142.12134,0.00000,0.00000
6a4c2e73-2b5d-48ac-ac1c-3611f6315073,2013-01-01,0,0.00000,59,DevelopmentType.DIRECT,DietType.INVERTEBRATES|CARCASSES|VERTEBRATES,carnivorous_mammal,35,True,False,40.00000,active,20.00000,12.00000,8.00000,0.00225,0.00000,0.00000,0.00000,"[59, 50, 68, 58, 60, 41, 49, 51, 77, 67, 69, 57, 61, 32, 40, 42, 48, 52, 76, 78, 66, 70, 56, 62, 23, 31, 33, 39, 43, 47, 53, 75, 79, 65, 71, 55, 14, 22, 24, 30, 34, 38, 44, 46, 74, 80, 64, 54, 5, 13, 15, 21, 25, 29, 35, 37, 45, 73, 63, 4, 6, 12, 16, 20, 26, 28, 36, 72, 3, 7, 11, 17, 19, 27, 2, 8, 10, 18, 1, 9, 0]",3593142.12134,0.00000,0.00000
d2c11605-ccf2-46af-bdfd-845fa64e4f38,2013-01-01,0,0.00000,8,DevelopmentType.DIRECT,DietType.INVERTEBRATES|CARCASSES|VERTEBRATES,carnivorous_mammal,35,True,False,40.00000,active,20.00000,12.00000,8.00000,0.00225,0.00000,0.00000,0.00000,"[8, 17, 7, 26, 16, 6, 35, 25, 15, 5, 44, 34, 24, 14, 4, 53, 43, 33, 23, 13, 3, 62, 52, 42, 32, 22, 12, 2, 71, 61, 51, 41, 31, 21, 11, 1, 80, 70, 60, 50, 40, 30, 20, 10, 0, 79, 69, 59, 49, 39, 29, 19, 9, 78, 68, 58, 48, 38, 28, 18, 77, 67, 57, 47, 37, 27, 76, 66, 56, 46, 36, 75, 65, 55, 45, 74, 64, 54, 73, 63, 72]",3593142.12134,0.00000,0.00000
a6b93cc8-4f4b-4156-bdd8-0d4824f7140e,2013-01-01,0,0.00000,16,DevelopmentType.DIRECT,DietType.INVERTEBRATES|CARCASSES|VERTEBRATES,carnivorous_mammal,35,True,False,40.00000,active,20.00000,12.00000,8.00000,0.00225,0.00000,0.00000,0.00000,"[16, 7, 25, 15, 17, 6, 8, 34, 24, 26, 14, 5, 43, 33, 35, 23, 13, 4, 52, 42, 44, 32, 22, 12, 3, 61, 51, 53, 41, 31, 21, 11, 2, 70, 60, 62, 50, 40, 30, 20, 10, 1, 79, 69, 71, 59, 49, 39, 29, 19, 9, 0, 78, 80, 68, 58, 48, 38, 28, 18, 77, 67, 57, 47, 37, 27, 76, 66, 56, 46, 36, 75, 65, 55, 45, 74, 64, 54, 73, 63, 72]",3593142.12134,0.00000,0.00000
1eae7cf6-c29d-4e03-ad17-b225a71a9f3d,2013-01-01,0,0.00000,5,DevelopmentType.DIRECT,DietType.INVERTEBRATES|CARCASSES|VERTEBRATES,carnivorous_mammal,35,True,False,40.00000,active,20.00000,12.00000,8.00000,0.00225,0.00000,0.00000,0.00000,"[5, 14, 4, 6, 23, 13, 15, 3, 7, 32, 22, 24, 12, 16, 2, 8, 41, 31, 33, 21, 25, 11, 17, 1, 50, 40, 42, 30, 34, 20, 26, 10, 0, 59, 49, 51, 39, 43, 29, 35, 19, 9, 68, 58, 60, 48, 52, 38, 44, 28, 18, 77, 67, 69, 57, 61, 47, 53, 37, 27, 76, 78, 66, 70, 56, 62, 46, 36, 75, 79, 65, 71, 55, 45, 74, 80, 64, 54, 73, 63, 72]",3593142.12134,0.00000,0.00000
8ffa2a42-1ed2-40da-b2f4-60c1a03b7a2e,2013-01-01,0,0.00000,80,DevelopmentType.DIRECT,DietType.INVERTEBRATES|CARCASSES|VERTEBRATES,carnivorous_mammal,35,True,False,40.00000,active,20.00000,12.00000,8.00000,0.00225,0.00000,0.00000,0.00000,"[80, 71, 79, 62, 70, 78, 53, 61, 69, 77, 44, 52, 60, 68, 76, 35, 43, 51, 59, 67, 75, 26, 34, 42, 50, 58, 66, 74, 17, 25, 33, 41, 49, 57, 65, 73, 8, 16, 24, 32, 40, 48, 56, 64, 72, 7, 15, 23, 31, 39, 47, 55, 63, 6, 14, 22, 30, 38, 46, 54, 5, 13, 21, 29, 37, 45, 4, 12, 20, 28, 36, 3, 11, 19, 27, 2, 10, 18, 1, 9, 0]",3593142.12134,0.00000,0.00000
38e09d6e-34c7-47d5-9f14-4d4a70ee6e49,2013-01-01,0,0.00000,22,DevelopmentType.DIRECT,DietType.INVERTEBRATES|CARCASSES|VERTEBRATES,carnivorous_mammal,35,True,False,40.00000,active,20.00000,12.00000,8.00000,0.00225,0.00000,0.00000,0.00000,"[22, 13, 31, 21, 23, 4, 12, 14, 40, 30, 32, 20, 24, 3, 5, 11, 15, 49, 39, 41, 29, 33, 19, 25, 2, 6, 10, 16, 58, 48, 50, 38, 42, 28, 34, 18, 26, 1, 7, 9, 17, 67, 57, 59, 47, 51, 37, 43, 27, 35, 0, 8, 76, 66, 68, 56, 60, 46, 52, 36, 44, 75, 77, 65, 69, 55, 61, 45, 53, 74, 78, 64, 70, 54, 62, 73, 79, 63, 71, 72, 80]",3593142.12134,0.00000,0.00000
b519af25-4eb6-4ad6-a4c1-e1465480f93b,2013-01-01,0,0.00000,44,DevelopmentType.DIRECT,DietType.INVERTEBRATES|CARCASSES|VERTEBRATES,carnivorous_mammal,35,True,False,40.00000,active,20.00000,12.00000,8.00000,0.00225,0.00000,0.00000,0.00000,"[44, 35, 53, 43, 26, 34, 62, 52, 42, 17, 25, 33, 71, 61, 51, 41, 8, 16, 24, 32, 80, 70, 60, 50, 40, 7, 15, 23, 31, 79, 69, 59, 49, 39, 6, 14, 22, 30, 78, 68, 58, 48, 38, 5, 13, 21, 29, 77, 67, 57, 47, 37, 4, 12, 20, 28, 76, 66, 56, 46, 36, 3, 11, 19, 27, 75, 65, 55, 45, 2, 10, 18, 74, 64, 54, 1, 9, 73, 63, 0, 72]",3593142.12134,0.00000,0.00000
c2559ec8-ebb8-4751-ad84-dd791ba97e89,2013-01-01,0,0.00000,64,DevelopmentType.DIRECT,DietType.INVERTEBRATES|CARCASSES|VERTEBRATES,carnivorous_mammal,35,True,False,40.00000,active,20.00000,12.00000,8.00000,0.00225,0.00000,0.00000,0.00000,"[64, 55, 73, 63, 65, 46, 54, 56, 72, 74, 66, 37, 45, 47, 57, 75, 67, 28, 36, 38, 48, 58, 76, 68, 19, 27, 29, 39, 49, 59, 77, 69, 10, 18, 20, 30, 40, 50, 60, 78, 70, 1, 9, 11, 21, 31, 41, 51, 61, 79, 71, 0, 2, 12, 22, 32, 42, 52, 62, 80, 3, 13, 23, 33, 43, 53, 4, 14, 24, 34, 44, 5, 15, 25, 35, 6, 16, 26, 7, 17, 8]",3593142.12134,0.00000,0.00000
7ecfe85d-eb90-44fd-b2e3-445d87bcbf2e,2013-01-01,0,0.00000,29,DevelopmentType.DIRECT,DietType.INVERTEBRATES|CARCASSES|VERTEBRATES,carnivorous_mammal,35,True,False,40.00000,active,20.00000,12.00000,8.00000,0.00225,0.00000,0.00000,0.00000,"[29, 20, 38, 28, 30, 11, 19, 21, 47, 37, 39, 27, 31, 2, 10, 12, 18, 22, 56, 46, 48, 36, 40, 32, 1, 3, 9, 13, 23, 65, 55, 57, 45, 49, 41, 33, 0, 4, 14, 24, 74, 64, 66, 54, 58, 50, 42, 34, 5, 15, 25, 73, 75, 63, 67, 59, 51, 43, 35, 6, 16, 26, 72, 76, 68, 60, 52, 44, 7, 17, 77, 69, 61, 53, 8, 78, 70, 62, 79, 71, 80]",3593142.12134,0.00000,0.00000
06fb181d-f726-4985-98e2-14404f2207f4,2013-01-01,0,0.00000,32,DevelopmentType.DIRECT,DietType.INVERTEBRATES|CARCASSES|VERTEBRATES,carnivorous_mammal,35,True,False,40.00000,active,20.00000,12.00000,8.00000,0.00225,0.00000,0.00000,0.00000,"[32, 23, 41, 31, 33, 14, 22, 24, 50, 40, 42, 30, 34, 5, 13, 15, 21, 25, 59, 49, 51, 39, 43, 29, 35, 4, 6, 12, 16, 20, 26, 68, 58, 60, 48, 52, 38, 44, 28, 3, 7, 11, 17, 19, 77, 67, 69, 57, 61, 47, 53, 37, 27, 2, 8, 10, 18, 76, 78, 66, 70, 56, 62, 46, 36, 1, 9, 75, 79, 65, 71, 55, 45, 0, 74, 80, 64, 54, 73, 63, 72]",3593142.12134,0.00000,0.00000
30b0ff52-97d8-4996-9983-c600b1708a6e,2013-01-01,0,0.00000,66,DevelopmentType.DIRECT,DietType.INVERTEBRATES|CARCASSES|VERTEBRATES,carnivorous_mammal,35,True,False,40.00000,active,20.00000,12.00000,8.00000,0.00225,0.00000,0.00000,0.00000,"[66, 57, 75, 65, 67, 48, 56, 58, 74, 76, 64, 68, 39, 47, 49, 55, 59, 73, 77, 63, 69, 30, 38, 40, 46, 50, 54, 60, 72, 78, 70, 21, 29, 31, 37, 41, 45, 51, 61, 79, 71, 12, 20, 22, 28, 32, 36, 42, 52, 62, 80, 3, 11, 13, 19, 23, 27, 33, 43, 53, 2, 4, 10, 14, 18, 24, 34, 44, 1, 5, 9, 15, 25, 35, 0, 6, 16, 26, 7, 17, 8]",3593142.12134,0.00000,0.00000
144162d6-8161-4079-a379-7d1d1591b53e,2013-01-01,0,0.00000,34,DevelopmentType.DIRECT,DietType.INVERTEBRATES|CARCASSES|VERTEBRATES,carnivorous_mammal,35,True,False,40.00000,active,20.00000,12.00000,8.00000,0.00225,0.00000,0.00000,0.00000,"[34, 25, 43, 33, 35, 16, 24, 26, 52, 42, 44, 32, 7, 15, 17, 23, 61, 51, 53, 41, 31, 6, 8, 14, 22, 70, 60, 62, 50, 40, 30, 5, 13, 21, 79, 69, 71, 59, 49, 39, 29, 4, 12, 20, 78, 80, 68, 58, 48, 38, 28, 3, 11, 19, 77, 67, 57, 47, 37, 27, 2, 10, 18, 76, 66, 56, 46, 36, 1, 9, 75, 65, 55, 45, 0, 74, 64, 54, 73, 63, 72]",3593142.12134,0.00000,0.00000
7cf731d1-c347-4d12-a45d-4ac8757e23dd,2013-01-01,0,0.00000,7,DevelopmentType.DIRECT,DietType.INVERTEBRATES|CARCASSES|VERTEBRATES,carnivorous_mammal,35,True,False,40.00000,active,20.00000,12.00000,8.00000,0.00225,0.00000,0.00000,0.00000,"[7, 16, 6, 8, 25, 15, 17, 5, 34, 24, 26, 14, 4, 43, 33, 35, 23, 13, 3, 52, 42, 44, 32, 22, 12, 2, 61, 51, 53, 41, 31, 21, 11, 1, 70, 60, 62, 50, 40, 30, 20, 10, 0, 79, 69, 71, 59, 49, 39, 29, 19, 9, 78, 80, 68, 58, 48, 38, 28, 18, 77, 67, 57, 47, 37, 27, 76, 66, 56, 46, 36, 75, 65, 55, 45, 74, 64, 54, 73, 63, 72]",3593142.12134,0.00000,0.00000
76eacd1a-8a24-4d8c-8d5d-4578a58e12ea,2013-01-01,0,0.00000,19,DevelopmentType.DIRECT,DietType.INVERTEBRATES|CARCASSES|VERTEBRATES,carnivorous_mammal,35,True,False,40.00000,active,20.00000,12.00000,8.00000,0.00225,0.00000,0.00000,0.00000,"[19, 10, 28, 18, 20, 1, 9, 11, 37, 27, 29, 21, 0, 2, 12, 46, 36, 38, 30, 22, 3, 13, 55, 45, 47, 39, 31, 23, 4, 14, 64, 54, 56, 48, 40, 32, 24, 5, 15, 73, 63, 65, 57, 49, 41, 33, 25, 6, 16, 72, 74, 66, 58, 50, 42, 34, 26, 7, 17, 75, 67, 59, 51, 43, 35, 8, 76, 68, 60, 52, 44, 77, 69, 61, 53, 78, 70, 62, 79, 71, 80]",3593142.12134,0.00000,0.00000
c8e8aec1-5404-4c0f-9908-c2d10491eb16,2013-01-01,0,0.00000,61,DevelopmentType.DIRECT,DietType.INVERTEBRATES|CARCASSES|VERTEBRATES,carnivorous_mammal,35,True,False,40.00000,active,20.00000,12.00000,8.00000,0.00225,0.00000,0.00000,0.00000,"[61, 52, 70, 60, 62, 43, 51, 53, 79, 69, 71, 59, 34, 42, 44, 50, 78, 80, 68, 58, 25, 33, 35, 41, 49, 77, 67, 57, 16, 24, 26, 32, 40, 48, 76, 66, 56, 7, 15, 17, 23, 31, 39, 47, 75, 65, 55, 6, 8, 14, 22, 30, 38, 46, 74, 64, 54, 5, 13, 21, 29, 37, 45, 73, 63, 4, 12, 20, 28, 36, 72, 3, 11, 19, 27, 2, 10, 18, 1, 9, 0]",3593142.12134,0.00000,0.00000
58e46773-9efb-473d-a1be-667a8356e78b,2013-01-01,0,0.00000,53,DevelopmentType.DIRECT,DietType.INVERTEBRATES|CARCASSES|VERTEBRATES,carnivorous_mammal,35,True,False,40.00000,active,20.00000,12.00000,8.00000,0.00225,0.00000,0.00000,0.00000,"[53, 44, 62, 52, 35, 43, 71, 61, 51, 26, 34, 42, 80, 70, 60, 50, 17, 25, 33, 41, 79, 69, 59, 49, 8, 16, 24, 32, 40, 78, 68, 58, 48, 7, 15, 23, 31, 39, 77, 67, 57, 47, 6, 14, 22, 30, 38, 76, 66, 56, 46, 5, 13, 21, 29, 37, 75, 65, 55, 45, 4, 12, 20, 28, 36, 74, 64, 54, 3, 11, 19, 27, 73, 63, 2, 10, 18, 72, 1, 9, 0]",3593142.12134,0.00000,0.00000
0cb3bc2f-d418-4733-a7aa-d8e3ddbbb1a7,2013-01-01,0,0.00000,67,DevelopmentType.DIRECT,DietType.INVERTEBRATES|CARCASSES|VERTEBRATES,carnivorous_mammal,35,True,False,40.00000,active,20.00000,12.00000,8.00000,0.00225,0.00000,0.00000,0.00000,"[67, 58, 76, 66, 68, 49, 57, 59, 75, 77, 65, 69, 40, 48, 50, 56, 60, 74, 78, 64, 70, 31, 39, 41, 47, 51, 55, 61, 73, 79, 63, 71, 22, 30, 32, 38, 42, 46, 52, 54, 62, 72, 80, 13, 21, 23, 29, 33, 37, 43, 45, 53, 4, 12, 14, 20, 24, 28, 34, 36, 44, 3, 5, 11, 15, 19, 25, 27, 35, 2, 6, 10, 16, 18, 26, 1, 7, 9, 17, 0, 8]",3593142.12134,0.00000,0.00000
47d70f5c-dc9b-4916-8fe2-8b137494f0dc,2013-01-01,0,0.00000,57,DevelopmentType.DIRECT,DietType.INVERTEBRATES|CARCASSES|VERTEBRATES,carnivorous_mammal,35,True,False,40.00000,active,20.00000,12.00000,8.00000,0.00225,0.00000,0.00000,0.00000,"[57, 48, 66, 56, 58, 39, 47, 49, 75, 65, 67, 55, 59, 30, 38, 40, 46, 50, 74, 76, 64, 68, 54, 60, 21, 29, 31, 37, 41, 45, 51, 73, 77, 63, 69, 61, 12, 20, 22, 28, 32, 36, 42, 52, 72, 78, 70, 62, 3, 11, 13, 19, 23, 27, 33, 43, 53, 79, 71, 2, 4, 10, 14, 18, 24, 34, 44, 80, 1, 5, 9, 15, 25, 35, 0, 6, 16, 26, 7, 17, 8]",3593142.12134,0.00000,0.00000
23d7ce0f-276f-43c8-8a20-9a98ed13f03b,2013-01-01,0,0.00000,36,DevelopmentType.DIRECT,DietType.INVERTEBRATES|CARCASSES|VERTEBRATES,carnivorous_mammal,35,True,False,40.00000,active,20.00000,12.00000,8.00000,0.00225,0.00000,0.00000,0.00000,"[36, 27, 45, 37, 18, 28, 54, 46, 38, 9, 19, 29, 63, 55, 47, 39, 0, 10, 20, 30, 72, 64, 56, 48, 40, 1, 11, 21, 31, 73, 65, 57, 49, 41, 2, 12, 22, 32, 74, 66, 58, 50, 42, 3, 13, 23, 33, 75, 67, 59, 51, 43, 4, 14, 24, 34, 76, 68, 60, 52, 44, 5, 15, 25, 35, 77, 69, 61, 53, 6, 16, 26, 78, 70, 62, 7, 17, 79, 71, 8, 80]",3593142.12134,0.00000,0.00000
18bcf7e0-1e9e-48db-b864-65df327c2d4e,2013-01-01,0,0.00000,13,DevelopmentType.DIRECT,DietType.INVERTEBRATES|CARCASSES|VERTEBRATES,carnivorous_mammal,35,True,False,40.00000,active,20.00000,12.00000,8.00000,0.00225,0.00000,0.00000,0.00000,"[13, 4, 22, 12, 14, 3, 5, 31, 21, 23, 11, 15, 2, 6, 40, 30, 32, 20, 24, 10, 16, 1, 7, 49, 39, 41, 29, 33, 19, 25, 9, 17, 0, 8, 58, 48, 50, 38, 42, 28, 34, 18, 26, 67, 57, 59, 47, 51, 37, 43, 27, 35, 76, 66, 68, 56, 60, 46, 52, 36, 44, 75, 77, 65, 69, 55, 61, 45, 53, 74, 78, 64, 70, 54, 62, 73, 79, 63, 71, 72, 80]",3593142.12134,0.00000,0.00000
915330be-f427-4788-bff0-e6ba2ae13a9d,2013-01-01,0,0.00000,78,DevelopmentType.DIRECT,DietType.INVERTEBRATES|CARCASSES|VERTEBRATES,carnivorous_mammal,35,True,False,40.00000,active,20.00000,12.00000,8.00000,0.00225,0.00000,0.00000,0.00000,"[78, 69, 77, 79, 60, 68, 70, 76, 80, 51, 59, 61, 67, 71, 75, 42, 50, 52, 58, 62, 66, 74, 33, 41, 43, 49, 53, 57, 65, 73, 24, 32, 34, 40, 44, 48, 56, 64, 72, 15, 23, 25, 31, 35, 39, 47, 55, 63, 6, 14, 16, 22, 26, 30, 38, 46, 54, 5, 7, 13, 17, 21, 29, 37, 45, 4, 8, 12, 20, 28, 36, 3, 11, 19, 27, 2, 10, 18, 1, 9, 0]",3593142.12134,0.00000,0.00000
ddadbd6d-0a01-4219-9417-3ae5cccb0b20,2013-01-01,0,0.00000,35,DevelopmentType.DIRECT,DietType.INVERTEBRATES|CARCASSES|VERTEBRATES,carnivorous_mammal,35,True,False,40.00000,active,20.00000,12.00000,8.00000,0.00225,0.00000,0.00000,0.00000,"[35, 26, 44, 34, 17, 25, 53, 43, 33, 8, 16, 24, 62, 52, 42, 32, 7, 15, 23, 71, 61, 51, 41, 31, 6, 14, 22, 80, 70, 60, 50, 40, 30, 5, 13, 21, 79, 69, 59, 49, 39, 29, 4, 12, 20, 78, 68, 58, 48, 38, 28, 3, 11, 19, 77, 67, 57, 47, 37, 27, 2, 10, 18, 76, 66, 56, 46, 36, 1, 9, 75, 65, 55, 45, 0, 74, 64, 54, 73, 63, 72]",3593142.12134,0.00000,0.00000
67c7712b-9071-4228-9f34-bb248a82786f,2013-01-01,0,0.00000,60,DevelopmentType.DIRECT,DietType.INVERTEBRATES|CARCASSES|VERTEBRATES,carnivorous_mammal,35,True,False,40.00000,active,20.00000,12.00000,8.00000,0.00225,0.00000,0.00000,0.00000,"[60, 51, 69, 59, 61, 42, 50, 52, 78, 68, 70, 58, 62, 33, 41, 43, 49, 53, 77, 79, 67, 71, 57, 24, 32, 34, 40, 44, 48, 76, 80, 66, 56, 15, 23, 25, 31, 35, 39, 47, 75, 65, 55, 6, 14, 16, 22, 26, 30, 38, 46, 74, 64, 54, 5, 7, 13, 17, 21, 29, 37, 45, 73, 63, 4, 8, 12, 20, 28, 36, 72, 3, 11, 19, 27, 2, 10, 18, 1, 9, 0]",3593142.12134,0.00000,0.00000
2ad305ef-c2b0-404a-b5b7-deb4f486f173,2013-01-01,0,0.00000,15,DevelopmentType.DIRECT,DietType.INVERTEBRATES|CARCASSES|VERTEBRATES,carnivorous_mammal,35,True,False,40.00000,active,20.00000,12.00000,8.00000,0.00225,0.00000,0.00000,0.00000,"[15, 6, 24, 14, 16, 5, 7, 33, 23, 25, 13, 17, 4, 8, 42, 32, 34, 22, 26, 12, 3, 51, 41, 43, 31, 35, 21, 11, 2, 60, 50, 52, 40, 44, 30, 20, 10, 1, 69, 59, 61, 49, 53, 39, 29, 19, 9, 0, 78, 68, 70, 58, 62, 48, 38, 28, 18, 77, 79, 67, 71, 57, 47, 37, 27, 76, 80, 66, 56, 46, 36, 75, 65, 55, 45, 74, 64, 54, 73, 63, 72]",3593142.12134,0.00000,0.00000
83488542-a705-475a-abbb-7fedde88d44c,2013-01-01,0,0.00000,42,DevelopmentType.DIRECT,DietType.INVERTEBRATES|CARCASSES|VERTEBRATES,carnivorous_mammal,35,True,False,40.00000,active,20.00000,12.00000,8.00000,0.00225,0.00000,0.00000,0.00000,"[42, 33, 51, 41, 43, 24, 32, 34, 60, 50, 52, 40, 44, 15, 23, 25, 31, 35, 69, 59, 61, 49, 53, 39, 6, 14, 16, 22, 26, 30, 78, 68, 70, 58, 62, 48, 38, 5, 7, 13, 17, 21, 29, 77, 79, 67, 71, 57, 47, 37, 4, 8, 12, 20, 28, 76, 80, 66, 56, 46, 36, 3, 11, 19, 27, 75, 65, 55, 45, 2, 10, 18, 74, 64, 54, 1, 9, 73, 63, 0, 72]",3593142.12134,0.00000,0.00000
cdcbcea6-732a-4a58-8e79-562f05b4e6fe,2013-01-01,0,0.00000,37,DevelopmentType.DIRECT,DietType.INVERTEBRATES|CARCASSES|VERTEBRATES,carnivorous_mammal,35,True,False,40.00000,active,20.00000,12.00000,8.00000,0.00225,0.00000,0.00000,0.00000,"[37, 28, 46, 36, 38, 19, 27, 29, 55, 45, 47, 39, 10, 18, 20, 30, 64, 54, 56, 48, 40, 1, 9, 11, 21, 31, 73, 63, 65, 57, 49, 41, 0, 2, 12, 22, 32, 72, 74, 66, 58, 50, 42, 3, 13, 23, 33, 75, 67, 59, 51, 43, 4, 14, 24, 34, 76, 68, 60, 52, 44, 5, 15, 25, 35, 77, 69, 61, 53, 6, 16, 26, 78, 70, 62, 7, 17, 79, 71, 8, 80]",3593142.12134,0.00000,0.00000
edd95c0a-ea72-47a5-873d-a2e2e0593cf1,2013-01-01,0,0.00000,72,DevelopmentType.DIRECT,DietType.INVERTEBRATES|CARCASSES|VERTEBRATES,carnivorous_mammal,35,True,False,40.00000,active,20.00000,12.00000,8.00000,0.00225,0.00000,0.00000,0.00000,"[72, 63, 73, 54, 64, 74, 45, 55, 65, 75, 36, 46, 56, 66, 76, 27, 37, 47, 57, 67, 77, 18, 28, 38, 48, 58, 68, 78, 9, 19, 29, 39, 49, 59, 69, 79, 0, 10, 20, 30, 40, 50, 60, 70, 80, 1, 11, 21, 31, 41, 51, 61, 71, 2, 12, 22, 32, 42, 52, 62, 3, 13, 23, 33, 43, 53, 4, 14, 24, 34, 44, 5, 15, 25, 35, 6, 16, 26, 7, 17, 8]",3593142.12134,0.00000,0.00000
6bc0cd97-ffdd-4f95-89a1-2c953e0cb273,2013-01-01,0,0.00000,9,DevelopmentType.DIRECT,DietType.INVERTEBRATES|CARCASSES|VERTEBRATES,carnivorous_mammal,35,True,False,40.00000,active,20.00000,12.00000,8.00000,0.00225,0.00000,0.00000,0.00000,"[9, 0, 18, 10, 1, 27, 19, 11, 2, 36, 28, 20, 12, 3, 45, 37, 29, 21, 13, 4, 54, 46, 38, 30, 22, 14, 5, 63, 55, 47, 39, 31, 23, 15, 6, 72, 64, 56, 48, 40, 32, 24, 16, 7, 73, 65, 57, 49, 41, 33, 25, 17, 8, 74, 66, 58, 50, 42, 34, 26, 75, 67, 59, 51, 43, 35, 76, 68, 60, 52, 44, 77, 69, 61, 53, 78, 70, 62, 79, 71, 80]",3593142.12134,0.00000,0.00000
c7d6dcf2-806d-4f09-9141-eec969ccbc45,2013-01-01,0,0.00000,43,DevelopmentType.DIRECT,DietType.INVERTEBRATES|CARCASSES|VERTEBRATES,carnivorous_mammal,35,True,False,40.00000,active,20.00000,12.00000,8.00000,0.00225,0.00000,0.00000,0.00000,"[43, 34, 52, 42, 44, 25, 33, 35, 61, 51, 53, 41, 16, 24, 26, 32, 70, 60, 62, 50, 40, 7, 15, 17, 23, 31, 79, 69, 71, 59, 49, 39, 6, 8, 14, 22, 30, 78, 80, 68, 58, 48, 38, 5, 13, 21, 29, 77, 67, 57, 47, 37, 4, 12, 20, 28, 76, 66, 56, 46, 36, 3, 11, 19, 27, 75, 65, 55, 45, 2, 10, 18, 74, 64, 54, 1, 9, 73, 63, 0, 72]",3593142.12134,0.00000,0.00000
431becd4-dcd9-4f82-8fcd-18ba156b33e9,2013-01-01,0,0.00000,55,DevelopmentType.DIRECT,DietType.INVERTEBRATES|CARCASSES|VERTEBRATES,carnivorous_mammal,35,True,False,40.00000,active,20.00000,12.00000,8.00000,0.00225,0.00000,0.00000,0.00000,"[55, 46, 64, 54, 56, 37, 45, 47, 73, 63, 65, 57, 28, 36, 38, 48, 72, 74, 66, 58, 19, 27, 29, 39, 49, 75, 67, 59, 10, 18, 20, 30, 40, 50, 76, 68, 60, 1, 9, 11, 21, 31, 41, 51, 77, 69, 61, 0, 2, 12, 22, 32, 42, 52, 78, 70, 62, 3, 13, 23, 33, 43, 53, 79, 71, 4, 14, 24, 34, 44, 80, 5, 15, 25, 35, 6, 16, 26, 7, 17, 8]",3593142.12134,0.00000,0.00000
f515c873-b5e0-4ba0-8589-c10c54112175,2013-01-01,0,0.00000,45,DevelopmentType.DIRECT,DietType.INVERTEBRATES|CARCASSES|VERTEBRATES,carnivorous_mammal,35,True,False,40.00000,active,20.00000,12.00000,8.00000,0.00225,0.00000,0.00000,0.00000,"[45, 36, 54, 46, 27, 37, 63, 55, 47, 18, 28, 38, 72, 64, 56, 48, 9, 19, 29, 39, 73, 65, 57, 49, 0, 10, 20, 30, 40, 74, 66, 58, 50, 1, 11, 21, 31, 41, 75, 67, 59, 51, 2, 12, 22, 32, 42, 76, 68, 60, 52, 3, 13, 23, 33, 43, 77, 69, 61, 53, 4, 14, 24, 34, 44, 78, 70, 62, 5, 15, 25, 35, 79, 71, 6, 16, 26, 80, 7, 17, 8]",3593142.12134,0.00000,0.00000
bbc4d723-a80b-41a0-9c17-7cb2a47a6e99,2013-01-01,0,0.00000,4,DevelopmentType.DIRECT,DietType.INVERTEBRATES|CARCASSES|VERTEBRATES,carnivorous_mammal,35,True,False,40.00000,active,20.00000,12.00000,8.00000,0.00225,0.00000,0.00000,0.00000,"[4, 13, 3, 5, 22, 12, 14, 2, 6, 31, 21, 23, 11, 15, 1, 7, 40, 30, 32, 20, 24, 10, 16, 0, 8, 49, 39, 41, 29, 33, 19, 25, 9, 17, 58, 48, 50, 38, 42, 28, 34, 18, 26, 67, 57, 59, 47, 51, 37, 43, 27, 35, 76, 66, 68, 56, 60, 46, 52, 36, 44, 75, 77, 65, 69, 55, 61, 45, 53, 74, 78, 64, 70, 54, 62, 73, 79, 63, 71, 72, 80]",3593142.12134,0.00000,0.00000
db41c234-9364-4066-915b-991a590602ab,2013-01-01,0,0.00000,1,DevelopmentType.DIRECT,DietType.INVERTEBRATES|CARCASSES|VERTEBRATES,carnivorous_mammal,35,True,False,40.00000,active,20.00000,12.00000,8.00000,0.00225,0.00000,0.00000,0.00000,"[1, 10, 0, 2, 19, 9, 11, 3, 28, 18, 20, 12, 4, 37, 27, 29, 21, 13, 5, 46, 36, 38, 30, 22, 14, 6, 55, 45, 47, 39, 31, 23, 15, 7, 64, 54, 56, 48, 40, 32, 24, 16, 8, 73, 63, 65, 57, 49, 41, 33, 25, 17, 72, 74, 66, 58, 50, 42, 34, 26, 75, 67, 59, 51, 43, 35, 76, 68, 60, 52, 44, 77, 69, 61, 53, 78, 70, 62, 79, 71, 80]",3593142.12134,0.00000,0.00000
7c5e0b86-c4fe-49d9-91b1-586079c68a6c,2013-01-01,0,0.00000,77,DevelopmentType.DIRECT,DietType.INVERTEBRATES|CARCASSES|VERTEBRATES,carnivorous_mammal,35,True,False,40.00000,active,20.00000,12.00000,8.00000,0.00225,0.00000,0.00000,0.00000,"[77, 68, 76, 78, 59, 67, 69, 75, 79, 50, 58, 60, 66, 70, 74, 80, 41, 49, 51, 57, 61, 65, 71, 73, 32, 40, 42, 48, 52, 56, 62, 64, 72, 23, 31, 33, 39, 43, 47, 53, 55, 63, 14, 22, 24, 30, 34, 38, 44, 46, 54, 5, 13, 15, 21, 25, 29, 35, 37, 45, 4, 6, 12, 16, 20, 26, 28, 36, 3, 7, 11, 17, 19, 27, 2, 8, 10, 18, 1, 9, 0]",3593142.12134,0.00000,0.00000
68efe2d1-91bd-4c1a-bd02-173ad91596b8,2013-01-01,0,0.00000,11,DevelopmentType.DIRECT,DietType.INVERTEBRATES|CARCASSES|VERTEBRATES,carnivorous_mammal,35,True,False,40.00000,active,20.00000,12.00000,8.00000,0.00225,0.00000,0.00000,0.00000,"[11, 2, 20, 10, 12, 1, 3, 29, 19, 21, 9, 13, 0, 4, 38, 28, 30, 18, 22, 14, 5, 47, 37, 39, 27, 31, 23, 15, 6, 56, 46, 48, 36, 40, 32, 24, 16, 7, 65, 55, 57, 45, 49, 41, 33, 25, 17, 8, 74, 64, 66, 54, 58, 50, 42, 34, 26, 73, 75, 63, 67, 59, 51, 43, 35, 72, 76, 68, 60, 52, 44, 77, 69, 61, 53, 78, 70, 62, 79, 71, 80]",3593142.12134,0.00000,0.00000
b5292d5a-a593-4e8b-afa8-4392db261391,2013-01-01,0,0.00000,62,DevelopmentType.DIRECT,DietType.INVERTEBRATES|CARCASSES|VERTEBRATES,carnivorous_mammal,35,True,False,40.00000,active,20.00000,12.00000,8.00000,0.00225,0.00000,0.00000,0.00000,"[62, 53, 71, 61, 44, 52, 80, 70, 60, 35, 43, 51, 79, 69, 59, 26, 34, 42, 50, 78, 68, 58, 17, 25, 33, 41, 49, 77, 67, 57, 8, 16, 24, 32, 40, 48, 76, 66, 56, 7, 15, 23, 31, 39, 47, 75, 65, 55, 6, 14, 22, 30, 38, 46, 74, 64, 54, 5, 13, 21, 29, 37, 45, 73, 63, 4, 12, 20, 28, 36, 72, 3, 11, 19, 27, 2, 10, 18, 1, 9, 0]",3593142.12134,0.00000,0.00000
ca2c3431-cf5a-4149-8a7d-578e8cf9f9e4,2013-01-01,0,0.00000,46,DevelopmentType.DIRECT,DietType.INVERTEBRATES|CARCASSES|VERTEBRATES,carnivorous_mammal,35,True,False,40.00000,active,20.00000,12.00000,8.00000,0.00225,0.00000,0.00000,0.00000,"[46, 37, 55, 45, 47, 28, 36, 38, 64, 54, 56, 48, 19, 27, 29, 39, 73, 63, 65, 57, 49, 10, 18, 20, 30, 40, 72, 74, 66, 58, 50, 1, 9, 11, 21, 31, 41, 75, 67, 59, 51, 0, 2, 12, 22, 32, 42, 76, 68, 60, 52, 3, 13, 23, 33, 43, 77, 69, 61, 53, 4, 14, 24, 34, 44, 78, 70, 62, 5, 15, 25, 35, 79, 71, 6, 16, 26, 80, 7, 17, 8]",3593142.12134,0.00000,0.00000
7ff294f3-3e29-42e2-9cec-64ade3705c62,2013-01-01,0,0.00000,74,DevelopmentType.DIRECT,DietType.INVERTEBRATES|CARCASSES|VERTEBRATES,carnivorous_mammal,35,True,False,40.00000,active,20.00000,12.00000,8.00000,0.00225,0.00000,0.00000,0.00000,"[74, 65, 73, 75, 56, 64, 66, 72, 76, 47, 55, 57, 63, 67, 77, 38, 46, 48, 54, 58, 68, 78, 29, 37, 39, 45, 49, 59, 69, 79, 20, 28, 30, 36, 40, 50, 60, 70, 80, 11, 19, 21, 27, 31, 41, 51, 61, 71, 2, 10, 12, 18, 22, 32, 42, 52, 62, 1, 3, 9, 13, 23, 33, 43, 53, 0, 4, 14, 24, 34, 44, 5, 15, 25, 35, 6, 16, 26, 7, 17, 8]",3593142.12134,0.00000,0.00000
39204a16-b80d-48cd-8cbd-3d1cf0ef4595,2013-01-01,0,0.00000,39,DevelopmentType.DIRECT,DietType.INVERTEBRATES|CARCASSES|VERTEBRATES,carnivorous_mammal,35,True,False,40.00000,active,20.00000,12.00000,8.00000,0.00225,0.00000,0.00000,0.00000,"[39, 30, 48, 38, 40, 21, 29, 31, 57, 47, 49, 37, 41, 12, 20, 22, 28, 32, 66, 56, 58, 46, 50, 36, 42, 3, 11, 13, 19, 23, 27, 33, 75, 65, 67, 55, 59, 45, 51, 43, 2, 4, 10, 14, 18, 24, 34, 74, 76, 64, 68, 54, 60, 52, 44, 1, 5, 9, 15, 25, 35, 73, 77, 63, 69, 61, 53, 0, 6, 16, 26, 72, 78, 70, 62, 7, 17, 79, 71, 8, 80]",3593142.12134,0.00000,0.00000
50b82f3d-2798-4fc6-843f-3beba6738ece,2013-01-01,0,0.00000,31,DevelopmentType.DIRECT,DietType.INVERTEBRATES|CARCASSES|VERTEBRATES,carnivorous_mammal,35,True,False,40.00000,active,20.00000,12.00000,8.00000,0.00225,0.00000,0.00000,0.00000,"[31, 22, 40, 30, 32, 13, 21, 23, 49, 39, 41, 29, 33, 4, 12, 14, 20, 24, 58, 48, 50, 38, 42, 28, 34, 3, 5, 11, 15, 19, 25, 67, 57, 59, 47, 51, 37, 43, 27, 35, 2, 6, 10, 16, 18, 26, 76, 66, 68, 56, 60, 46, 52, 36, 44, 1, 7, 9, 17, 75, 77, 65, 69, 55, 61, 45, 53, 0, 8, 74, 78, 64, 70, 54, 62, 73, 79, 63, 71, 72, 80]",3593142.12134,0.00000,0.00000
398fa93d-fdef-4e09-83d6-1bcabfe5ad6a,2013-01-01,0,0.00000,40,DevelopmentType.DIRECT,DietType.INVERTEBRATES|CARCASSES|VERTEBRATES,carnivorous_mammal,35,True,False,40.00000,active,20.00000,12.00000,8.00000,0.00225,0.00000,0.00000,0.00000,"[40, 31, 49, 39, 41, 22, 30, 32, 58, 48, 50, 38, 42, 13, 21, 23, 29, 33, 67, 57, 59, 47, 51, 37, 43, 4, 12, 14, 20, 24, 28, 34, 76, 66, 68, 56, 60, 46, 52, 36, 44, 3, 5, 11, 15, 19, 25, 27, 35, 75, 77, 65, 69, 55, 61, 45, 53, 2, 6, 10, 16, 18, 26, 74, 78, 64, 70, 54, 62, 1, 7, 9, 17, 73, 79, 63, 71, 0, 8, 72, 80]",3593142.12134,0.00000,0.00000
3e29193e-bee0-4efa-a947-6b5dd698773d,2013-01-01,0,0.00000,30,DevelopmentType.DIRECT,DietType.INVERTEBRATES|CARCASSES|VERTEBRATES,carnivorous_mammal,35,True,False,40.00000,active,20.00000,12.00000,8.00000,0.00225,0.00000,0.00000,0.00000,"[30, 21, 39, 29, 31, 12, 20, 22, 48, 38, 40, 28, 32, 3, 11, 13, 19, 23, 57, 47, 49, 37, 41, 27, 33, 2, 4, 10, 14, 18, 24, 66, 56, 58, 46, 50, 36, 42, 34, 1, 5, 9, 15, 25, 75, 65, 67, 55, 59, 45, 51, 43, 35, 0, 6, 16, 26, 74, 76, 64, 68, 54, 60, 52, 44, 7, 17, 73, 77, 63, 69, 61, 53, 8, 72, 78, 70, 62, 79, 71, 80]",3593142.12134,0.00000,0.00000
8bba076d-3c56-469c-91b0-76fb89bb37d9,2013-01-01,0,0.00000,51,DevelopmentType.DIRECT,DietType.INVERTEBRATES|CARCASSES|VERTEBRATES,carnivorous_mammal,35,True,False,40.00000,active,20.00000,12.00000,8.00000,0.00225,0.00000,0.00000,0.00000,"[51, 42, 60, 50, 52, 33, 41, 43, 69, 59, 61, 49, 53, 24, 32, 34, 40, 44, 78, 68, 70, 58, 62, 48, 15, 23, 25, 31, 35, 39, 77, 79, 67, 71, 57, 47, 6, 14, 16, 22, 26, 30, 38, 76, 80, 66, 56, 46, 5, 7, 13, 17, 21, 29, 37, 75, 65, 55, 45, 4, 8, 12, 20, 28, 36, 74, 64, 54, 3, 11, 19, 27, 73, 63, 2, 10, 18, 72, 1, 9, 0]",3593142.12134,0.00000,0.00000
bce9c74d-48c6-4b27-a222-cb7921cbe402,2013-01-01,0,0.00000,28,DevelopmentType.DIRECT,DietType.INVERTEBRATES|CARCASSES|VERTEBRATES,carnivorous_mammal,35,True,False,40.00000,active,20.00000,12.00000,8.00000,0.00225,0.00000,0.00000,0.00000,"[28, 19, 37, 27, 29, 10, 18, 20, 46, 36, 38, 30, 1, 9, 11, 21, 55, 45, 47, 39, 31, 0, 2, 12, 22, 64, 54, 56, 48, 40, 32, 3, 13, 23, 73, 63, 65, 57, 49, 41, 33, 4, 14, 24, 72, 74, 66, 58, 50, 42, 34, 5, 15, 25, 75, 67, 59, 51, 43, 35, 6, 16, 26, 76, 68, 60, 52, 44, 7, 17, 77, 69, 61, 53, 8, 78, 70, 62, 79, 71, 80]",3593142.12134,0.00000,0.00000
43459dab-b066-4d0c-8875-fdd389ccf737,2013-01-01,0,0.00000,70,DevelopmentType.DIRECT,DietType.INVERTEBRATES|CARCASSES|VERTEBRATES,carnivorous_mammal,35,True,False,40.00000,active,20.00000,12.00000,8.00000,0.00225,0.00000,0.00000,0.00000,"[70, 61, 79, 69, 71, 52, 60, 62, 78, 80, 68, 43, 51, 53, 59, 77, 67, 34, 42, 44, 50, 58, 76, 66, 25, 33, 35, 41, 49, 57, 75, 65, 16, 24, 26, 32, 40, 48, 56, 74, 64, 7, 15, 17, 23, 31, 39, 47, 55, 73, 63, 6, 8, 14, 22, 30, 38, 46, 54, 72, 5, 13, 21, 29, 37, 45, 4, 12, 20, 28, 36, 3, 11, 19, 27, 2, 10, 18, 1, 9, 0]",3593142.12134,0.00000,0.00000
758c2443-1169-4569-a08d-d5cf5cbb9e4a,2013-01-01,0,0.00000,58,DevelopmentType.DIRECT,DietType.INVERTEBRATES|CARCASSES|VERTEBRATES,carnivorous_mammal,35,True,False,40.00000,active,20.00000,12.00000,8.00000,0.00225,0.00000,0.00000,0.00000,"[58, 49, 67, 57, 59, 40, 48, 50, 76, 66, 68, 56, 60, 31, 39, 41, 47, 51, 75, 77, 65, 69, 55, 61, 22, 30, 32, 38, 42, 46, 52, 74, 78, 64, 70, 54, 62, 13, 21, 23, 29, 33, 37, 43, 45, 53, 73, 79, 63, 71, 4, 12, 14, 20, 24, 28, 34, 36, 44, 72, 80, 3, 5, 11, 15, 19, 25, 27, 35, 2, 6, 10, 16, 18, 26, 1, 7, 9, 17, 0, 8]",3593142.12134,0.00000,0.00000
007b266e-0b71-4cf1-a9ab-5c1355eb21f2,2013-01-01,0,0.00000,21,DevelopmentType.DIRECT,DietType.INVERTEBRATES|CARCASSES|VERTEBRATES,carnivorous_mammal,35,True,False,40.00000,active,20.00000,12.00000,8.00000,0.00225,0.00000,0.00000,0.00000,"[21, 12, 30, 20, 22, 3, 11, 13, 39, 29, 31, 19, 23, 2, 4, 10, 14, 48, 38, 40, 28, 32, 18, 24, 1, 5, 9, 15, 57, 47, 49, 37, 41, 27, 33, 25, 0, 6, 16, 66, 56, 58, 46, 50, 36, 42, 34, 26, 7, 17, 75, 65, 67, 55, 59, 45, 51, 43, 35, 8, 74, 76, 64, 68, 54, 60, 52, 44, 73, 77, 63, 69, 61, 53, 72, 78, 70, 62, 79, 71, 80]",3593142.12134,0.00000,0.00000
4feedff6-a3cc-495b-bb77-0977910521e6,2013-01-01,0,0.00000,17,DevelopmentType.DIRECT,DietType.INVERTEBRATES|CARCASSES|VERTEBRATES,carnivorous_mammal,35,True,False,40.00000,active,20.00000,12.00000,8.00000,0.00225,0.00000,0.00000,0.00000,"[17, 8, 26, 16, 7, 35, 25, 15, 6, 44, 34, 24, 14, 5, 53, 43, 33, 23, 13, 4, 62, 52, 42, 32, 22, 12, 3, 71, 61, 51, 41, 31, 21, 11, 2, 80, 70, 60, 50, 40, 30, 20, 10, 1, 79, 69, 59, 49, 39, 29, 19, 9, 0, 78, 68, 58, 48, 38, 28, 18, 77, 67, 57, 47, 37, 27, 76, 66, 56, 46, 36, 75, 65, 55, 45, 74, 64, 54, 73, 63, 72]",3593142.12134,0.00000,0.00000
a7b05403-7829-49f9-8956-42f23d31f93e,2013-01-01,0,0.00000,49,DevelopmentType.DIRECT,DietType.INVERTEBRATES|CARCASSES|VERTEBRATES,carnivorous_mammal,35,True,False,40.00000,active,20.00000,12.00000,8.00000,0.00225,0.00000,0.00000,0.00000,"[49, 40, 58, 48, 50, 31, 39, 41, 67, 57, 59, 47, 51, 22, 30, 32, 38, 42, 76, 66, 68, 56, 60, 46, 52, 13, 21, 23, 29, 33, 37, 43, 75, 77, 65, 69, 55, 61, 45, 53, 4, 12, 14, 20, 24, 28, 34, 36, 44, 74, 78, 64, 70, 54, 62, 3, 5, 11, 15, 19, 25, 27, 35, 73, 79, 63, 71, 2, 6, 10, 16, 18, 26, 72, 80, 1, 7, 9, 17, 0, 8]",3593142.12134,0.00000,0.00000
9660e588-724f-49e7-a26c-2c2b27e9a9a6,2013-01-01,0,0.00000,47,DevelopmentType.DIRECT,DietType.INVERTEBRATES|CARCASSES|VERTEBRATES,carnivorous_mammal,35,True,False,40.00000,active,20.00000,12.00000,8.00000,0.00225,0.00000,0.00000,0.00000,"[47, 38, 56, 46, 48, 29, 37, 39, 65, 55, 57, 45, 49, 20, 28, 30, 36, 40, 74, 64, 66, 54, 58, 50, 11, 19, 21, 27, 31, 41, 73, 75, 63, 67, 59, 51, 2, 10, 12, 18, 22, 32, 42, 72, 76, 68, 60, 52, 1, 3, 9, 13, 23, 33, 43, 77, 69, 61, 53, 0, 4, 14, 24, 34, 44, 78, 70, 62, 5, 15, 25, 35, 79, 71, 6, 16, 26, 80, 7, 17, 8]",3593142.12134,0.00000,0.00000
7fed20ec-31cc-4204-9edd-5b745328170f,2013-01-01,0,0.00000,10,DevelopmentType.DIRECT,DietType.INVERTEBRATES|CARCASSES|VERTEBRATES,carnivorous_mammal,35,True,False,40.00000,active,20.00000,12.00000,8.00000,0.00225,0.00000,0.00000,0.00000,"[10, 1, 19, 9, 11, 0, 2, 28, 18, 20, 12, 3, 37, 27, 29, 21, 13, 4, 46, 36, 38, 30, 22, 14, 5, 55, 45, 47, 39, 31, 23, 15, 6, 64, 54, 56, 48, 40, 32, 24, 16, 7, 73, 63, 65, 57, 49, 41, 33, 25, 17, 8, 72, 74, 66, 58, 50, 42, 34, 26, 75, 67, 59, 51, 43, 35, 76, 68, 60, 52, 44, 77, 69, 61, 53, 78, 70, 62, 79, 71, 80]",3593142.12134,0.00000,0.00000
941589c2-3a03-4440-af25-9de1f8ff3f51,2013-01-01,0,0.00000,38,DevelopmentType.DIRECT,DietType.INVERTEBRATES|CARCASSES|VERTEBRATES,carnivorous_mammal,35,True,False,40.00000,active,20.00000,12.00000,8.00000,0.00225,0.00000,0.00000,0.00000,"[38, 29, 47, 37, 39, 20, 28, 30, 56, 46, 48, 36, 40, 11, 19, 21, 27, 31, 65, 55, 57, 45, 49, 41, 2, 10, 12, 18, 22, 32, 74, 64, 66, 54, 58, 50, 42, 1, 3, 9, 13, 23, 33, 73, 75, 63, 67, 59, 51, 43, 0, 4, 14, 24, 34, 72, 76, 68, 60, 52, 44, 5, 15, 25, 35, 77, 69, 61, 53, 6, 16, 26, 78, 70, 62, 7, 17, 79, 71, 8, 80]",3593142.12134,0.00000,0.00000
7f0074aa-ca59-4ad7-afcf-47c6ae68e9fa,2013-01-01,0,0.00000,25,DevelopmentType.DIRECT,DietType.INVERTEBRATES|CARCASSES|VERTEBRATES,carnivorous_mammal,35,True,False,40.00000,active,20.00000,12.00000,8.00000,0.00225,0.00000,0.00000,0.00000,"[25, 16, 34, 24, 26, 7, 15, 17, 43, 33, 35, 23, 6, 8, 14, 52, 42, 44, 32, 22, 5, 13, 61, 51, 53, 41, 31, 21, 4, 12, 70, 60, 62, 50, 40, 30, 20, 3, 11, 79, 69, 71, 59, 49, 39, 29, 19, 2, 10, 78, 80, 68, 58, 48, 38, 28, 18, 1, 9, 77, 67, 57, 47, 37, 27, 0, 76, 66, 56, 46, 36, 75, 65, 55, 45, 74, 64, 54, 73, 63, 72]",3593142.12134,0.00000,0.00000
c8204cc9-e306-4bfc-932b-854544158ebb,2013-01-01,0,0.00000,2,DevelopmentType.DIRECT,DietType.INVERTEBRATES|CARCASSES|VERTEBRATES,carnivorous_mammal,35,True,False,40.00000,active,20.00000,12.00000,8.00000,0.00225,0.00000,0.00000,0.00000,"[2, 11, 1, 3, 20, 10, 12, 0, 4, 29, 19, 21, 9, 13, 5, 38, 28, 30, 18, 22, 14, 6, 47, 37, 39, 27, 31, 23, 15, 7, 56, 46, 48, 36, 40, 32, 24, 16, 8, 65, 55, 57, 45, 49, 41, 33, 25, 17, 74, 64, 66, 54, 58, 50, 42, 34, 26, 73, 75, 63, 67, 59, 51, 43, 35, 72, 76, 68, 60, 52, 44, 77, 69, 61, 53, 78, 70, 62, 79, 71, 80]",3593142.12134,0.00000,0.00000
cb695888-1b36-4e3f-bba8-29c689858064,2013-01-01,0,0.00000,48,DevelopmentType.DIRECT,DietType.INVERTEBRATES|CARCASSES|VERTEBRATES,carnivorous_mammal,35,True,False,40.00000,active,20.00000,12.00000,8.00000,0.00225,0.00000,0.00000,0.00000,"[48, 39, 57, 47, 49, 30, 38, 40, 66, 56, 58, 46, 50, 21, 29, 31, 37, 41, 75, 65, 67, 55, 59, 45, 51, 12, 20, 22, 28, 32, 36, 42, 74, 76, 64, 68, 54, 60, 52, 3, 11, 13, 19, 23, 27, 33, 43, 73, 77, 63, 69, 61, 53, 2, 4, 10, 14, 18, 24, 34, 44, 72, 78, 70, 62, 1, 5, 9, 15, 25, 35, 79, 71, 0, 6, 16, 26, 80, 7, 17, 8]",3593142.12134,0.00000,0.00000
4a223951-ee01-4578-af96-b2b055cd40c9,2013-01-01,0,0.00000,14,DevelopmentType.DIRECT,DietType.INVERTEBRATES|CARCASSES|VERTEBRATES,carnivorous_mammal,35,True,False,40.00000,active,20.00000,12.00000,8.00000,0.00225,0.00000,0.00000,0.00000,"[14, 5, 23, 13, 15, 4, 6, 32, 22, 24, 12, 16, 3, 7, 41, 31, 33, 21, 25, 11, 17, 2, 8, 50, 40, 42, 30, 34, 20, 26, 10, 1, 59, 49, 51, 39, 43, 29, 35, 19, 9, 0, 68, 58, 60, 48, 52, 38, 44, 28, 18, 77, 67, 69, 57, 61, 47, 53, 37, 27, 76, 78, 66, 70, 56, 62, 46, 36, 75, 79, 65, 71, 55, 45, 74, 80, 64, 54, 73, 63, 72]",3593142.12134,0.00000,0.00000
ee24bca1-1e8c-4217-a97f-28a27743f896,2013-01-01,0,0.00000,75,DevelopmentType.DIRECT,DietType.INVERTEBRATES|CARCASSES|VERTEBRATES,carnivorous_mammal,35,True,False,40.00000,active,20.00000,12.00000,8.00000,0.00225,0.00000,0.00000,0.00000,"[75, 66, 74, 76, 57, 65, 67, 73, 77, 48, 56, 58, 64, 68, 72, 78, 39, 47, 49, 55, 59, 63, 69, 79, 30, 38, 40, 46, 50, 54, 60, 70, 80, 21, 29, 31, 37, 41, 45, 51, 61, 71, 12, 20, 22, 28, 32, 36, 42, 52, 62, 3, 11, 13, 19, 23, 27, 33, 43, 53, 2, 4, 10, 14, 18, 24, 34, 44, 1, 5, 9, 15, 25, 35, 0, 6, 16, 26, 7, 17, 8]",3593142.12134,0.00000,0.00000
7eb3eba7-71d4-462e-9482-8bbc9b6ea1cb,2013-01-01,0,0.00000,4,DevelopmentType.DIRECT,DietType.FOLIAGE|FRUIT|SEEDS,herbivorous_mammal,62,True,False,10.00000,active,5.00000,3.00000,2.00000,0.01075,0.00000,0.00000,0.00000,"[4, 13, 3, 5, 22, 12, 14, 2, 6, 31, 21, 23, 11, 15, 1, 7, 40, 30, 32, 20, 24, 10, 16, 0, 8, 49, 39, 41, 29, 33, 19, 25, 9, 17, 58, 48, 50, 38, 42, 28, 34, 18, 26, 67, 57, 59, 47, 51, 37, 43, 27, 35, 76, 66, 68, 56, 60, 46, 52, 36, 44, 75, 77, 65, 69, 55, 61, 45, 53, 74, 78, 64, 70, 54, 62, 73, 79, 63, 71, 72, 80]",750147.39458,0.00000,0.00000
4a3b7d4d-35a3-4cfa-8937-dde74c97de0c,2013-01-01,0,0.00000,60,DevelopmentType.DIRECT,DietType.FOLIAGE|FRUIT|SEEDS,herbivorous_mammal,62,True,False,10.00000,active,5.00000,3.00000,2.00000,0.01075,0.00000,0.00000,0.00000,"[60, 51, 69, 59, 61, 42, 50, 52, 78, 68, 70, 58, 62, 33, 41, 43, 49, 53, 77, 79, 67, 71, 57, 24, 32, 34, 40, 44, 48, 76, 80, 66, 56, 15, 23, 25, 31, 35, 39, 47, 75, 65, 55, 6, 14, 16, 22, 26, 30, 38, 46, 74, 64, 54, 5, 7, 13, 17, 21, 29, 37, 45, 73, 63, 4, 8, 12, 20, 28, 36, 72, 3, 11, 19, 27, 2, 10, 18, 1, 9, 0]",750147.39458,0.00000,0.00000
e1bbca76-3788-4565-9774-fb2aac9d76db,2013-01-01,0,0.00000,71,DevelopmentType.DIRECT,DietType.FOLIAGE|FRUIT|SEEDS,herbivorous_mammal,62,True,False,10.00000,active,5.00000,3.00000,2.00000,0.01075,0.00000,0.00000,0.00000,"[71, 62, 80, 70, 53, 61, 79, 69, 44, 52, 60, 78, 68, 35, 43, 51, 59, 77, 67, 26, 34, 42, 50, 58, 76, 66, 17, 25, 33, 41, 49, 57, 75, 65, 8, 16, 24, 32, 40, 48, 56, 74, 64, 7, 15, 23, 31, 39, 47, 55, 73, 63, 6, 14, 22, 30, 38, 46, 54, 72, 5, 13, 21, 29, 37, 45, 4, 12, 20, 28, 36, 3, 11, 19, 27, 2, 10, 18, 1, 9, 0]",750147.39458,0.00000,0.00000
29f01f51-0401-4d0b-ab4c-86f22e45bd76,2013-01-01,0,0.00000,42,DevelopmentType.DIRECT,DietType.FOLIAGE|FRUIT|SEEDS,herbivorous_mammal,62,True,False,10.00000,active,5.00000,3.00000,2.00000,0.01075,0.00000,0.00000,0.00000,"[42, 33, 51, 41, 43, 24, 32, 34, 60, 50, 52, 40, 44, 15, 23, 25, 31, 35, 69, 59, 61, 49, 53, 39, 6, 14, 16, 22, 26, 30, 78, 68, 70, 58, 62, 48, 38, 5, 7, 13, 17, 21, 29, 77, 79, 67, 71, 57, 47, 37, 4, 8, 12, 20, 28, 76, 80, 66, 56, 46, 36, 3, 11, 19, 27, 75, 65, 55, 45, 2, 10, 18, 74, 64, 54, 1, 9, 73, 63, 0, 72]",750147.39458,0.00000,0.00000
dd64edc7-c7f6-40f8-a347-0de3cc3d3348,2013-01-01,0,0.00000,62,DevelopmentType.DIRECT,DietType.FOLIAGE|FRUIT|SEEDS,herbivorous_mammal,61,True,False,10.00000,active,5.00000,3.00000,2.00000,0.01075,0.00000,0.00000,0.00000,"[62, 53, 71, 61, 44, 52, 80, 70, 60, 35, 43, 51, 79, 69, 59, 26, 34, 42, 50, 78, 68, 58, 17, 25, 33, 41, 49, 77, 67, 57, 8, 16, 24, 32, 40, 48, 76, 66, 56, 7, 15, 23, 31, 39, 47, 75, 65, 55, 6, 14, 22, 30, 38, 46, 74, 64, 54, 5, 13, 21, 29, 37, 45, 73, 63, 4, 12, 20, 28, 36, 72, 3, 11, 19, 27, 2, 10, 18, 1, 9, 0]",750147.39458,0.00000,0.00000
f77eae4b-c8ea-41a9-821f-ad565e34b97b,2013-01-01,0,0.00000,40,DevelopmentType.DIRECT,DietType.FOLIAGE|FRUIT|SEEDS,herbivorous_mammal,61,True,False,10.00000,active,5.00000,3.00000,2.00000,0.01075,0.00000,0.00000,0.00000,"[40, 31, 49, 39, 41, 22, 30, 32, 58, 48, 50, 38, 42, 13, 21, 23, 29, 33, 67, 57, 59, 47, 51, 37, 43, 4, 12, 14, 20, 24, 28, 34, 76, 66, 68, 56, 60, 46, 52, 36, 44, 3, 5, 11, 15, 19, 25, 27, 35, 75, 77, 65, 69, 55, 61, 45, 53, 2, 6, 10, 16, 18, 26, 74, 78, 64, 70, 54, 62, 1, 7, 9, 17, 73, 79, 63, 71, 0, 8, 72, 80]",750147.39458,0.00000,0.00000
771d0bc8-1b5e-4bb5-9066-f367d6750bf1,2013-01-01,0,0.00000,13,DevelopmentType.DIRECT,DietType.FOLIAGE|FRUIT|SEEDS,herbivorous_mammal,61,True,False,10.00000,active,5.00000,3.00000,2.00000,0.01075,0.00000,0.00000,0.00000,"[13, 4, 22, 12, 14, 3, 5, 31, 21, 23, 11, 15, 2, 6, 40, 30, 32, 20, 24, 10, 16, 1, 7, 49, 39, 41, 29, 33, 19, 25, 9, 17, 0, 8, 58, 48, 50, 38, 42, 28, 34, 18, 26, 67, 57, 59, 47, 51, 37, 43, 27, 35, 76, 66, 68, 56, 60, 46, 52, 36, 44, 75, 77, 65, 69, 55, 61, 45, 53, 74, 78, 64, 70, 54, 62, 73, 79, 63, 71, 72, 80]",750147.39458,0.00000,0.00000
b4f40452-aaa5-415a-8cc2-b345e652fe36,2013-01-01,0,0.00000,14,DevelopmentType.DIRECT,DietType.FOLIAGE|FRUIT|SEEDS,herbivorous_mammal,61,True,False,10.00000,active,5.00000,3.00000,2.00000,0.01075,0.00000,0.00000,0.00000,"[14, 5, 23, 13, 15, 4, 6, 32, 22, 24, 12, 16, 3, 7, 41, 31, 33, 21, 25, 11, 17, 2, 8, 50, 40, 42, 30, 34, 20, 26, 10, 1, 59, 49, 51, 39, 43, 29, 35, 19, 9, 0, 68, 58, 60, 48, 52, 38, 44, 28, 18, 77, 67, 69, 57, 61, 47, 53, 37, 27, 76, 78, 66, 70, 56, 62, 46, 36, 75, 79, 65, 71, 55, 45, 74, 80, 64, 54, 73, 63, 72]",750147.39458,0.00000,0.00000
869a9d73-5c71-4b4b-a57c-86a39b64852f,2013-01-01,0,0.00000,0,DevelopmentType.DIRECT,DietType.FOLIAGE|FRUIT|SEEDS,herbivorous_mammal,61,True,False,10.00000,active,5.00000,3.00000,2.00000,0.01075,0.00000,0.00000,0.00000,"[0, 9, 1, 18, 10, 2, 27, 19, 11, 3, 36, 28, 20, 12, 4, 45, 37, 29, 21, 13, 5, 54, 46, 38, 30, 22, 14, 6, 63, 55, 47, 39, 31, 23, 15, 7, 72, 64, 56, 48, 40, 32, 24, 16, 8, 73, 65, 57, 49, 41, 33, 25, 17, 74, 66, 58, 50, 42, 34, 26, 75, 67, 59, 51, 43, 35, 76, 68, 60, 52, 44, 77, 69, 61, 53, 78, 70, 62, 79, 71, 80]",750147.39458,0.00000,0.00000
b7ddf2b2-275b-490b-99b1-d70c53de492c,2013-01-01,0,0.00000,78,DevelopmentType.DIRECT,DietType.FOLIAGE|FRUIT|SEEDS,herbivorous_mammal,61,True,False,10.00000,active,5.00000,3.00000,2.00000,0.01075,0.00000,0.00000,0.00000,"[78, 69, 77, 79, 60, 68, 70, 76, 80, 51, 59, 61, 67, 71, 75, 42, 50, 52, 58, 62, 66, 74, 33, 41, 43, 49, 53, 57, 65, 73, 24, 32, 34, 40, 44, 48, 56, 64, 72, 15, 23, 25, 31, 35, 39, 47, 55, 63, 6, 14, 16, 22, 26, 30, 38, 46, 54, 5, 7, 13, 17, 21, 29, 37, 45, 4, 8, 12, 20, 28, 36, 3, 11, 19, 27, 2, 10, 18, 1, 9, 0]",750147.39458,0.00000,0.00000
a5c99666-0f6d-4293-823f-a9634f26ba46,2013-01-01,0,0.00000,37,DevelopmentType.DIRECT,DietType.FOLIAGE|FRUIT|SEEDS,herbivorous_mammal,61,True,False,10.00000,active,5.00000,3.00000,2.00000,0.01075,0.00000,0.00000,0.00000,"[37, 28, 46, 36, 38, 19, 27, 29, 55, 45, 47, 39, 10, 18, 20, 30, 64, 54, 56, 48, 40, 1, 9, 11, 21, 31, 73, 63, 65, 57, 49, 41, 0, 2, 12, 22, 32, 72, 74, 66, 58, 50, 42, 3, 13, 23, 33, 75, 67, 59, 51, 43, 4, 14, 24, 34, 76, 68, 60, 52, 44, 5, 15, 25, 35, 77, 69, 61, 53, 6, 16, 26, 78, 70, 62, 7, 17, 79, 71, 8, 80]",750147.39458,0.00000,0.00000
5e514302-9dd8-4e9c-9e32-7e8ddf875e9c,2013-01-01,0,0.00000,63,DevelopmentType.DIRECT,DietType.FOLIAGE|FRUIT|SEEDS,herbivorous_mammal,61,True,False,10.00000,active,5.00000,3.00000,2.00000,0.01075,0.00000,0.00000,0.00000,"[63, 54, 72, 64, 45, 55, 73, 65, 36, 46, 56, 74, 66, 27, 37, 47, 57, 75, 67, 18, 28, 38, 48, 58, 76, 68, 9, 19, 29, 39, 49, 59, 77, 69, 0, 10, 20, 30, 40, 50, 60, 78, 70, 1, 11, 21, 31, 41, 51, 61, 79, 71, 2, 12, 22, 32, 42, 52, 62, 80, 3, 13, 23, 33, 43, 53, 4, 14, 24, 34, 44, 5, 15, 25, 35, 6, 16, 26, 7, 17, 8]",750147.39458,0.00000,0.00000
8009e156-d3bd-4753-826b-578c5e455c41,2013-01-01,0,0.00000,21,DevelopmentType.DIRECT,DietType.FOLIAGE|FRUIT|SEEDS,herbivorous_mammal,61,True,False,10.00000,active,5.00000,3.00000,2.00000,0.01075,0.00000,0.00000,0.00000,"[21, 12, 30, 20, 22, 3, 11, 13, 39, 29, 31, 19, 23, 2, 4, 10, 14, 48, 38, 40, 28, 32, 18, 24, 1, 5, 9, 15, 57, 47, 49, 37, 41, 27, 33, 25, 0, 6, 16, 66, 56, 58, 46, 50, 36, 42, 34, 26, 7, 17, 75, 65, 67, 55, 59, 45, 51, 43, 35, 8, 74, 76, 64, 68, 54, 60, 52, 44, 73, 77, 63, 69, 61, 53, 72, 78, 70, 62, 79, 71, 80]",750147.39458,0.00000,0.00000
d0962b7d-f3f4-4524-85f2-a7fd6c517ba5,2013-01-01,0,0.00000,49,DevelopmentType.DIRECT,DietType.FOLIAGE|FRUIT|SEEDS,herbivorous_mammal,61,True,False,10.00000,active,5.00000,3.00000,2.00000,0.01075,0.00000,0.00000,0.00000,"[49, 40, 58, 48, 50, 31, 39, 41, 67, 57, 59, 47, 51, 22, 30, 32, 38, 42, 76, 66, 68, 56, 60, 46, 52, 13, 21, 23, 29, 33, 37, 43, 75, 77, 65, 69, 55, 61, 45, 53, 4, 12, 14, 20, 24, 28, 34, 36, 44, 74, 78, 64, 70, 54, 62, 3, 5, 11, 15, 19, 25, 27, 35, 73, 79, 63, 71, 2, 6, 10, 16, 18, 26, 72, 80, 1, 7, 9, 17, 0, 8]",750147.39458,0.00000,0.00000
bac362ff-8cde-4dbd-a201-075767529c24,2013-01-01,0,0.00000,55,DevelopmentType.DIRECT,DietType.FOLIAGE|FRUIT|SEEDS,herbivorous_mammal,61,True,False,10.00000,active,5.00000,3.00000,2.00000,0.01075,0.00000,0.00000,0.00000,"[55, 46, 64, 54, 56, 37, 45, 47, 73, 63, 65, 57, 28, 36, 38, 48, 72, 74, 66, 58, 19, 27, 29, 39, 49, 75, 67, 59, 10, 18, 20, 30, 40, 50, 76, 68, 60, 1, 9, 11, 21, 31, 41, 51, 77, 69, 61, 0, 2, 12, 22, 32, 42, 52, 78, 70, 62, 3, 13, 23, 33, 43, 53, 79, 71, 4, 14, 24, 34, 44, 80, 5, 15, 25, 35, 6, 16, 26, 7, 17, 8]",750147.39458,0.00000,0.00000
4ea154e7-9102-4d59-a478-c29de00a18f8,2013-01-01,0,0.00000,76,DevelopmentType.DIRECT,DietType.FOLIAGE|FRUIT|SEEDS,herbivorous_mammal,61,True,False,10.00000,active,5.00000,3.00000,2.00000,0.01075,0.00000,0.00000,0.00000,"[76, 67, 75, 77, 58, 66, 68, 74, 78, 49, 57, 59, 65, 69, 73, 79, 40, 48, 50, 56, 60, 64, 70, 72, 80, 31, 39, 41, 47, 51, 55, 61, 63, 71, 22, 30, 32, 38, 42, 46, 52, 54, 62, 13, 21, 23, 29, 33, 37, 43, 45, 53, 4, 12, 14, 20, 24, 28, 34, 36, 44, 3, 5, 11, 15, 19, 25, 27, 35, 2, 6, 10, 16, 18, 26, 1, 7, 9, 17, 0, 8]",750147.39458,0.00000,0.00000
8635a89b-c6bd-4af4-a5b2-c22f27dbcce0,2013-01-01,0,0.00000,22,DevelopmentType.DIRECT,DietType.FOLIAGE|FRUIT|SEEDS,herbivorous_mammal,61,True,False,10.00000,active,5.00000,3.00000,2.00000,0.01075,0.00000,0.00000,0.00000,"[22, 13, 31, 21, 23, 4, 12, 14, 40, 30, 32, 20, 24, 3, 5, 11, 15, 49, 39, 41, 29, 33, 19, 25, 2, 6, 10, 16, 58, 48, 50, 38, 42, 28, 34, 18, 26, 1, 7, 9, 17, 67, 57, 59, 47, 51, 37, 43, 27, 35, 0, 8, 76, 66, 68, 56, 60, 46, 52, 36, 44, 75, 77, 65, 69, 55, 61, 45, 53, 74, 78, 64, 70, 54, 62, 73, 79, 63, 71, 72, 80]",750147.39458,0.00000,0.00000
8889995c-0287-476c-b3dc-6f8eec434d86,2013-01-01,0,0.00000,61,DevelopmentType.DIRECT,DietType.FOLIAGE|FRUIT|SEEDS,herbivorous_mammal,61,True,False,10.00000,active,5.00000,3.00000,2.00000,0.01075,0.00000,0.00000,0.00000,"[61, 52, 70, 60, 62, 43, 51, 53, 79, 69, 71, 59, 34, 42, 44, 50, 78, 80, 68, 58, 25, 33, 35, 41, 49, 77, 67, 57, 16, 24, 26, 32, 40, 48, 76, 66, 56, 7, 15, 17, 23, 31, 39, 47, 75, 65, 55, 6, 8, 14, 22, 30, 38, 46, 74, 64, 54, 5, 13, 21, 29, 37, 45, 73, 63, 4, 12, 20, 28, 36, 72, 3, 11, 19, 27, 2, 10, 18, 1, 9, 0]",750147.39458,0.00000,0.00000
e8448d27-2557-4c4e-a247-2df5282860c2,2013-01-01,0,0.00000,5,DevelopmentType.DIRECT,DietType.FOLIAGE|FRUIT|SEEDS,herbivorous_mammal,61,True,False,10.00000,active,5.00000,3.00000,2.00000,0.01075,0.00000,0.00000,0.00000,"[5, 14, 4, 6, 23, 13, 15, 3, 7, 32, 22, 24, 12, 16, 2, 8, 41, 31, 33, 21, 25, 11, 17, 1, 50, 40, 42, 30, 34, 20, 26, 10, 0, 59, 49, 51, 39, 43, 29, 35, 19, 9, 68, 58, 60, 48, 52, 38, 44, 28, 18, 77, 67, 69, 57, 61, 47, 53, 37, 27, 76, 78, 66, 70, 56, 62, 46, 36, 75, 79, 65, 71, 55, 45, 74, 80, 64, 54, 73, 63, 72]",750147.39458,0.00000,0.00000
03cba76a-f77b-4b42-aebd-f7693f29987c,2013-01-01,0,0.00000,7,DevelopmentType.DIRECT,DietType.FOLIAGE|FRUIT|SEEDS,herbivorous_mammal,61,True,False,10.00000,active,5.00000,3.00000,2.00000,0.01075,0.00000,0.00000,0.00000,"[7, 16, 6, 8, 25, 15, 17, 5, 34, 24, 26, 14, 4, 43, 33, 35, 23, 13, 3, 52, 42, 44, 32, 22, 12, 2, 61, 51, 53, 41, 31, 21, 11, 1, 70, 60, 62, 50, 40, 30, 20, 10, 0, 79, 69, 71, 59, 49, 39, 29, 19, 9, 78, 80, 68, 58, 48, 38, 28, 18, 77, 67, 57, 47, 37, 27, 76, 66, 56, 46, 36, 75, 65, 55, 45, 74, 64, 54, 73, 63, 72]",750147.39458,0.00000,0.00000
af826bc6-9299-4c40-b2e6-8d94379c3134,2013-01-01,0,0.00000,75,DevelopmentType.DIRECT,DietType.FOLIAGE|FRUIT|SEEDS,herbivorous_mammal,61,True,False,10.00000,active,5.00000,3.00000,2.00000,0.01075,0.00000,0.00000,0.00000,"[75, 66, 74, 76, 57, 65, 67, 73, 77, 48, 56, 58, 64, 68, 72, 78, 39, 47, 49, 55, 59, 63, 69, 79, 30, 38, 40, 46, 50, 54, 60, 70, 80, 21, 29, 31, 37, 41, 45, 51, 61, 71, 12, 20, 22, 28, 32, 36, 42, 52, 62, 3, 11, 13, 19, 23, 27, 33, 43, 53, 2, 4, 10, 14, 18, 24, 34, 44, 1, 5, 9, 15, 25, 35, 0, 6, 16, 26, 7, 17, 8]",750147.39458,0.00000,0.00000
64912f06-d588-4a4e-af42-2581a84c05a9,2013-01-01,0,0.00000,65,DevelopmentType.DIRECT,DietType.FOLIAGE|FRUIT|SEEDS,herbivorous_mammal,61,True,False,10.00000,active,5.00000,3.00000,2.00000,0.01075,0.00000,0.00000,0.00000,"[65, 56, 74, 64, 66, 47, 55, 57, 73, 75, 63, 67, 38, 46, 48, 54, 58, 72, 76, 68, 29, 37, 39, 45, 49, 59, 77, 69, 20, 28, 30, 36, 40, 50, 60, 78, 70, 11, 19, 21, 27, 31, 41, 51, 61, 79, 71, 2, 10, 12, 18, 22, 32, 42, 52, 62, 80, 1, 3, 9, 13, 23, 33, 43, 53, 0, 4, 14, 24, 34, 44, 5, 15, 25, 35, 6, 16, 26, 7, 17, 8]",750147.39458,0.00000,0.00000
9227cec5-806d-4776-9a8a-f51ef2de48fd,2013-01-01,0,0.00000,29,DevelopmentType.DIRECT,DietType.FOLIAGE|FRUIT|SEEDS,herbivorous_mammal,61,True,False,10.00000,active,5.00000,3.00000,2.00000,0.01075,0.00000,0.00000,0.00000,"[29, 20, 38, 28, 30, 11, 19, 21, 47, 37, 39, 27, 31, 2, 10, 12, 18, 22, 56, 46, 48, 36, 40, 32, 1, 3, 9, 13, 23, 65, 55, 57, 45, 49, 41, 33, 0, 4, 14, 24, 74, 64, 66, 54, 58, 50, 42, 34, 5, 15, 25, 73, 75, 63, 67, 59, 51, 43, 35, 6, 16, 26, 72, 76, 68, 60, 52, 44, 7, 17, 77, 69, 61, 53, 8, 78, 70, 62, 79, 71, 80]",750147.39458,0.00000,0.00000
83c9f93b-45a8-48fb-b47d-5865f052797c,2013-01-01,0,0.00000,57,DevelopmentType.DIRECT,DietType.FOLIAGE|FRUIT|SEEDS,herbivorous_mammal,61,True,False,10.00000,active,5.00000,3.00000,2.00000,0.01075,0.00000,0.00000,0.00000,"[57, 48, 66, 56, 58, 39, 47, 49, 75, 65, 67, 55, 59, 30, 38, 40, 46, 50, 74, 76, 64, 68, 54, 60, 21, 29, 31, 37, 41, 45, 51, 73, 77, 63, 69, 61, 12, 20, 22, 28, 32, 36, 42, 52, 72, 78, 70, 62, 3, 11, 13, 19, 23, 27, 33, 43, 53, 79, 71, 2, 4, 10, 14, 18, 24, 34, 44, 80, 1, 5, 9, 15, 25, 35, 0, 6, 16, 26, 7, 17, 8]",750147.39458,0.00000,0.00000
94a73947-2b04-464b-afa8-6f1357fc5bfe,2013-01-01,0,0.00000,24,DevelopmentType.DIRECT,DietType.FOLIAGE|FRUIT|SEEDS,herbivorous_mammal,61,True,False,10.00000,active,5.00000,3.00000,2.00000,0.01075,0.00000,0.00000,0.00000,"[24, 15, 33, 23, 25, 6, 14, 16, 42, 32, 34, 22, 26, 5, 7, 13, 17, 51, 41, 43, 31, 35, 21, 4, 8, 12, 60, 50, 52, 40, 44, 30, 20, 3, 11, 69, 59, 61, 49, 53, 39, 29, 19, 2, 10, 78, 68, 70, 58, 62, 48, 38, 28, 18, 1, 9, 77, 79, 67, 71, 57, 47, 37, 27, 0, 76, 80, 66, 56, 46, 36, 75, 65, 55, 45, 74, 64, 54, 73, 63, 72]",750147.39458,0.00000,0.00000
86b78595-1658-45f8-a6c1-8d568941f5d2,2013-01-01,0,0.00000,54,DevelopmentType.DIRECT,DietType.FOLIAGE|FRUIT|SEEDS,herbivorous_mammal,61,True,False,10.00000,active,5.00000,3.00000,2.00000,0.01075,0.00000,0.00000,0.00000,"[54, 45, 63, 55, 36, 46, 72, 64, 56, 27, 37, 47, 73, 65, 57, 18, 28, 38, 48, 74, 66, 58, 9, 19, 29, 39, 49, 75, 67, 59, 0, 10, 20, 30, 40, 50, 76, 68, 60, 1, 11, 21, 31, 41, 51, 77, 69, 61, 2, 12, 22, 32, 42, 52, 78, 70, 62, 3, 13, 23, 33, 43, 53, 79, 71, 4, 14, 24, 34, 44, 80, 5, 15, 25, 35, 6, 16, 26, 7, 17, 8]",750147.39458,0.00000,0.00000
203419d5-fe16-407d-ba9f-82a6d583a088,2013-01-01,0,0.00000,51,DevelopmentType.DIRECT,DietType.FOLIAGE|FRUIT|SEEDS,herbivorous_mammal,61,True,False,10.00000,active,5.00000,3.00000,2.00000,0.01075,0.00000,0.00000,0.00000,"[51, 42, 60, 50, 52, 33, 41, 43, 69, 59, 61, 49, 53, 24, 32, 34, 40, 44, 78, 68, 70, 58, 62, 48, 15, 23, 25, 31, 35, 39, 77, 79, 67, 71, 57, 47, 6, 14, 16, 22, 26, 30, 38, 76, 80, 66, 56, 46, 5, 7, 13, 17, 21, 29, 37, 75, 65, 55, 45, 4, 8, 12, 20, 28, 36, 74, 64, 54, 3, 11, 19, 27, 73, 63, 2, 10, 18, 72, 1, 9, 0]",750147.39458,0.00000,0.00000
01277374-7223-4492-9ddd-38cb6c4a3158,2013-01-01,0,0.00000,9,DevelopmentType.DIRECT,DietType.FOLIAGE|FRUIT|SEEDS,herbivorous_mammal,61,True,False,10.00000,active,5.00000,3.00000,2.00000,0.01075,0.00000,0.00000,0.00000,"[9, 0, 18, 10, 1, 27, 19, 11, 2, 36, 28, 20, 12, 3, 45, 37, 29, 21, 13, 4, 54, 46, 38, 30, 22, 14, 5, 63, 55, 47, 39, 31, 23, 15, 6, 72, 64, 56, 48, 40, 32, 24, 16, 7, 73, 65, 57, 49, 41, 33, 25, 17, 8, 74, 66, 58, 50, 42, 34, 26, 75, 67, 59, 51, 43, 35, 76, 68, 60, 52, 44, 77, 69, 61, 53, 78, 70, 62, 79, 71, 80]",750147.39458,0.00000,0.00000
f8d88c33-54f5-4fab-9d23-de0799a6c0a9,2013-01-01,0,0.00000,3,DevelopmentType.DIRECT,DietType.FOLIAGE|FRUIT|SEEDS,herbivorous_mammal,61,True,False,10.00000,active,5.00000,3.00000,2.00000,0.01075,0.00000,0.00000,0.00000,"[3, 12, 2, 4, 21, 11, 13, 1, 5, 30, 20, 22, 10, 14, 0, 6, 39, 29, 31, 19, 23, 9, 15, 7, 48, 38, 40, 28, 32, 18, 24, 16, 8, 57, 47, 49, 37, 41, 27, 33, 25, 17, 66, 56, 58, 46, 50, 36, 42, 34, 26, 75, 65, 67, 55, 59, 45, 51, 43, 35, 74, 76, 64, 68, 54, 60, 52, 44, 73, 77, 63, 69, 61, 53, 72, 78, 70, 62, 79, 71, 80]",750147.39458,0.00000,0.00000
e8dbdece-7345-4c6b-81a6-acae1211e645,2013-01-01,0,0.00000,52,DevelopmentType.DIRECT,DietType.FOLIAGE|FRUIT|SEEDS,herbivorous_mammal,61,True,False,10.00000,active,5.00000,3.00000,2.00000,0.01075,0.00000,0.00000,0.00000,"[52, 43, 61, 51, 53, 34, 42, 44, 70, 60, 62, 50, 25, 33, 35, 41, 79, 69, 71, 59, 49, 16, 24, 26, 32, 40, 78, 80, 68, 58, 48, 7, 15, 17, 23, 31, 39, 77, 67, 57, 47, 6, 8, 14, 22, 30, 38, 76, 66, 56, 46, 5, 13, 21, 29, 37, 75, 65, 55, 45, 4, 12, 20, 28, 36, 74, 64, 54, 3, 11, 19, 27, 73, 63, 2, 10, 18, 72, 1, 9, 0]",750147.39458,0.00000,0.00000
d7b0be45-bc82-475c-b460-deac08665fe7,2013-01-01,0,0.00000,45,DevelopmentType.DIRECT,DietType.FOLIAGE|FRUIT|SEEDS,herbivorous_mammal,61,True,False,10.00000,active,5.00000,3.00000,2.00000,0.01075,0.00000,0.00000,0.00000,"[45, 36, 54, 46, 27, 37, 63, 55, 47, 18, 28, 38, 72, 64, 56, 48, 9, 19, 29, 39, 73, 65, 57, 49, 0, 10, 20, 30, 40, 74, 66, 58, 50, 1, 11, 21, 31, 41, 75, 67, 59, 51, 2, 12, 22, 32, 42, 76, 68, 60, 52, 3, 13, 23, 33, 43, 77, 69, 61, 53, 4, 14, 24, 34, 44, 78, 70, 62, 5, 15, 25, 35, 79, 71, 6, 16, 26, 80, 7, 17, 8]",750147.39458,0.00000,0.00000
7459fa7e-a130-4b16-90c3-03c53283a0c6,2013-01-01,0,0.00000,31,DevelopmentType.DIRECT,DietType.FOLIAGE|FRUIT|SEEDS,herbivorous_mammal,61,True,False,10.00000,active,5.00000,3.00000,2.00000,0.01075,0.00000,0.00000,0.00000,"[31, 22, 40, 30, 32, 13, 21, 23, 49, 39, 41, 29, 33, 4, 12, 14, 20, 24, 58, 48, 50, 38, 42, 28, 34, 3, 5, 11, 15, 19, 25, 67, 57, 59, 47, 51, 37, 43, 27, 35, 2, 6, 10, 16, 18, 26, 76, 66, 68, 56, 60, 46, 52, 36, 44, 1, 7, 9, 17, 75, 77, 65, 69, 55, 61, 45, 53, 0, 8, 74, 78, 64, 70, 54, 62, 73, 79, 63, 71, 72, 80]",750147.39458,0.00000,0.00000
dbd5928a-5974-4b7f-a03a-5004a851fdf1,2013-01-01,0,0.00000,59,DevelopmentType.DIRECT,DietType.FOLIAGE|FRUIT|SEEDS,herbivorous_mammal,61,True,False,10.00000,active,5.00000,3.00000,2.00000,0.01075,0.00000,0.00000,0.00000,"[59, 50, 68, 58, 60, 41, 49, 51, 77, 67, 69, 57, 61, 32, 40, 42, 48, 52, 76, 78, 66, 70, 56, 62, 23, 31, 33, 39, 43, 47, 53, 75, 79, 65, 71, 55, 14, 22, 24, 30, 34, 38, 44, 46, 74, 80, 64, 54, 5, 13, 15, 21, 25, 29, 35, 37, 45, 73, 63, 4, 6, 12, 16, 20, 26, 28, 36, 72, 3, 7, 11, 17, 19, 27, 2, 8, 10, 18, 1, 9, 0]",750147.39458,0.00000,0.00000
8e0fa908-d12e-4e35-8a22-8786990df0f7,2013-01-01,0,0.00000,48,DevelopmentType.DIRECT,DietType.FOLIAGE|FRUIT|SEEDS,herbivorous_mammal,61,True,False,10.00000,active,5.00000,3.00000,2.00000,0.01075,0.00000,0.00000,0.00000,"[48, 39, 57, 47, 49, 30, 38, 40, 66, 56, 58, 46, 50, 21, 29, 31, 37, 41, 75, 65, 67, 55, 59, 45, 51, 12, 20, 22, 28, 32, 36, 42, 74, 76, 64, 68, 54, 60, 52, 3, 11, 13, 19, 23, 27, 33, 43, 73, 77, 63, 69, 61, 53, 2, 4, 10, 14, 18, 24, 34, 44, 72, 78, 70, 62, 1, 5, 9, 15, 25, 35, 79, 71, 0, 6, 16, 26, 80, 7, 17, 8]",750147.39458,0.00000,0.00000
dde2699b-26f6-4604-b87f-848f1e408752,2013-01-01,0,0.00000,26,DevelopmentType.DIRECT,DietType.FOLIAGE|FRUIT|SEEDS,herbivorous_mammal,61,True,False,10.00000,active,5.00000,3.00000,2.00000,0.01075,0.00000,0.00000,0.00000,"[26, 17, 35, 25, 8, 16, 44, 34, 24, 7, 15, 53, 43, 33, 23, 6, 14, 62, 52, 42, 32, 22, 5, 13, 71, 61, 51, 41, 31, 21, 4, 12, 80, 70, 60, 50, 40, 30, 20, 3, 11, 79, 69, 59, 49, 39, 29, 19, 2, 10, 78, 68, 58, 48, 38, 28, 18, 1, 9, 77, 67, 57, 47, 37, 27, 0, 76, 66, 56, 46, 36, 75, 65, 55, 45, 74, 64, 54, 73, 63, 72]",750147.39458,0.00000,0.00000
ec635197-dc2e-427d-8444-0b0df50da8e9,2013-01-01,0,0.00000,79,DevelopmentType.DIRECT,DietType.FOLIAGE|FRUIT|SEEDS,herbivorous_mammal,61,True,False,10.00000,active,5.00000,3.00000,2.00000,0.01075,0.00000,0.00000,0.00000,"[79, 70, 78, 80, 61, 69, 71, 77, 52, 60, 62, 68, 76, 43, 51, 53, 59, 67, 75, 34, 42, 44, 50, 58, 66, 74, 25, 33, 35, 41, 49, 57, 65, 73, 16, 24, 26, 32, 40, 48, 56, 64, 72, 7, 15, 17, 23, 31, 39, 47, 55, 63, 6, 8, 14, 22, 30, 38, 46, 54, 5, 13, 21, 29, 37, 45, 4, 12, 20, 28, 36, 3, 11, 19, 27, 2, 10, 18, 1, 9, 0]",750147.39458,0.00000,0.00000
98329da6-fc56-41d3-a1fb-393d5f26fffc,2013-01-01,0,0.00000,20,DevelopmentType.DIRECT,DietType.FOLIAGE|FRUIT|SEEDS,herbivorous_mammal,61,True,False,10.00000,active,5.00000,3.00000,2.00000,0.01075,0.00000,0.00000,0.00000,"[20, 11, 29, 19, 21, 2, 10, 12, 38, 28, 30, 18, 22, 1, 3, 9, 13, 47, 37, 39, 27, 31, 23, 0, 4, 14, 56, 46, 48, 36, 40, 32, 24, 5, 15, 65, 55, 57, 45, 49, 41, 33, 25, 6, 16, 74, 64, 66, 54, 58, 50, 42, 34, 26, 7, 17, 73, 75, 63, 67, 59, 51, 43, 35, 8, 72, 76, 68, 60, 52, 44, 77, 69, 61, 53, 78, 70, 62, 79, 71, 80]",750147.39458,0.00000,0.00000
7d419ae2-b326-48ee-ab57-ac0764e42b4d,2013-01-01,0,0.00000,64,DevelopmentType.DIRECT,DietType.FOLIAGE|FRUIT|SEEDS,herbivorous_mammal,61,True,False,10.00000,active,5.00000,3.00000,2.00000,0.01075,0.00000,0.00000,0.00000,"[64, 55, 73, 63, 65, 46, 54, 56, 72, 74, 66, 37, 45, 47, 57, 75, 67, 28, 36, 38, 48, 58, 76, 68, 19, 27, 29, 39, 49, 59, 77, 69, 10, 18, 20, 30, 40, 50, 60, 78, 70, 1, 9, 11, 21, 31, 41, 51, 61, 79, 71, 0, 2, 12, 22, 32, 42, 52, 62, 80, 3, 13, 23, 33, 43, 53, 4, 14, 24, 34, 44, 5, 15, 25, 35, 6, 16, 26, 7, 17, 8]",750147.39458,0.00000,0.00000
63490171-bd39-4297-a842-8a50df39f92d,2013-01-01,0,0.00000,23,DevelopmentType.DIRECT,DietType.FOLIAGE|FRUIT|SEEDS,herbivorous_mammal,61,True,False,10.00000,active,5.00000,3.00000,2.00000,0.01075,0.00000,0.00000,0.00000,"[23, 14, 32, 22, 24, 5, 13, 15, 41, 31, 33, 21, 25, 4, 6, 12, 16, 50, 40, 42, 30, 34, 20, 26, 3, 7, 11, 17, 59, 49, 51, 39, 43, 29, 35, 19, 2, 8, 10, 68, 58, 60, 48, 52, 38, 44, 28, 18, 1, 9, 77, 67, 69, 57, 61, 47, 53, 37, 27, 0, 76, 78, 66, 70, 56, 62, 46, 36, 75, 79, 65, 71, 55, 45, 74, 80, 64, 54, 73, 63, 72]",750147.39458,0.00000,0.00000
a1af6dd2-d42b-4b20-aa91-a04515c95a6f,2013-01-01,0,0.00000,25,DevelopmentType.DIRECT,DietType.FOLIAGE|FRUIT|SEEDS,herbivorous_mammal,61,True,False,10.00000,active,5.00000,3.00000,2.00000,0.01075,0.00000,0.00000,0.00000,"[25, 16, 34, 24, 26, 7, 15, 17, 43, 33, 35, 23, 6, 8, 14, 52, 42, 44, 32, 22, 5, 13, 61, 51, 53, 41, 31, 21, 4, 12, 70, 60, 62, 50, 40, 30, 20, 3, 11, 79, 69, 71, 59, 49, 39, 29, 19, 2, 10, 78, 80, 68, 58, 48, 38, 28, 18, 1, 9, 77, 67, 57, 47, 37, 27, 0, 76, 66, 56, 46, 36, 75, 65, 55, 45, 74, 64, 54, 73, 63, 72]",750147.39458,0.00000,0.00000
a7bb174e-7b4a-4f23-a2d5-e933d4af2374,2013-01-01,0,0.00000,66,DevelopmentType.DIRECT,DietType.FOLIAGE|FRUIT|SEEDS,herbivorous_mammal,61,True,False,10.00000,active,5.00000,3.00000,2.00000,0.01075,0.00000,0.00000,0.00000,"[66, 57, 75, 65, 67, 48, 56, 58, 74, 76, 64, 68, 39, 47, 49, 55, 59, 73, 77, 63, 69, 30, 38, 40, 46, 50, 54, 60, 72, 78, 70, 21, 29, 31, 37, 41, 45, 51, 61, 79, 71, 12, 20, 22, 28, 32, 36, 42, 52, 62, 80, 3, 11, 13, 19, 23, 27, 33, 43, 53, 2, 4, 10, 14, 18, 24, 34, 44, 1, 5, 9, 15, 25, 35, 0, 6, 16, 26, 7, 17, 8]",750147.39458,0.00000,0.00000
46149d82-aeed-43c0-85cd-392edc2a1c67,2013-01-01,0,0.00000,35,DevelopmentType.DIRECT,DietType.FOLIAGE|FRUIT|SEEDS,herbivorous_mammal,61,True,False,10.00000,active,5.00000,3.00000,2.00000,0.01075,0.00000,0.00000,0.00000,"[35, 26, 44, 34, 17, 25, 53, 43, 33, 8, 16, 24, 62, 52, 42, 32, 7, 15, 23, 71, 61, 51, 41, 31, 6, 14, 22, 80, 70, 60, 50, 40, 30, 5, 13, 21, 79, 69, 59, 49, 39, 29, 4, 12, 20, 78, 68, 58, 48, 38, 28, 3, 11, 19, 77, 67, 57, 47, 37, 27, 2, 10, 18, 76, 66, 56, 46, 36, 1, 9, 75, 65, 55, 45, 0, 74, 64, 54, 73, 63, 72]",750147.39458,0.00000,0.00000
1930697f-6284-4e5b-9cbd-848fea3696d4,2013-01-01,0,0.00000,50,DevelopmentType.DIRECT,DietType.FOLIAGE|FRUIT|SEEDS,herbivorous_mammal,61,True,False,10.00000,active,5.00000,3.00000,2.00000,0.01075,0.00000,0.00000,0.00000,"[50, 41, 59, 49, 51, 32, 40, 42, 68, 58, 60, 48, 52, 23, 31, 33, 39, 43, 77, 67, 69, 57, 61, 47, 53, 14, 22, 24, 30, 34, 38, 44, 76, 78, 66, 70, 56, 62, 46, 5, 13, 15, 21, 25, 29, 35, 37, 75, 79, 65, 71, 55, 45, 4, 6, 12, 16, 20, 26, 28, 36, 74, 80, 64, 54, 3, 7, 11, 17, 19, 27, 73, 63, 2, 8, 10, 18, 72, 1, 9, 0]",750147.39458,0.00000,0.00000
dfb2e948-800f-48d8-aec4-0d9c35ac6749,2013-01-01,0,0.00000,12,DevelopmentType.DIRECT,DietType.FOLIAGE|FRUIT|SEEDS,herbivorous_mammal,61,True,False,10.00000,active,5.00000,3.00000,2.00000,0.01075,0.00000,0.00000,0.00000,"[12, 3, 21, 11, 13, 2, 4, 30, 20, 22, 10, 14, 1, 5, 39, 29, 31, 19, 23, 9, 15, 0, 6, 48, 38, 40, 28, 32, 18, 24, 16, 7, 57, 47, 49, 37, 41, 27, 33, 25, 17, 8, 66, 56, 58, 46, 50, 36, 42, 34, 26, 75, 65, 67, 55, 59, 45, 51, 43, 35, 74, 76, 64, 68, 54, 60, 52, 44, 73, 77, 63, 69, 61, 53, 72, 78, 70, 62, 79, 71, 80]",750147.39458,0.00000,0.00000
6a29a286-4afd-476e-97ff-7c78bfcd292c,2013-01-01,0,0.00000,36,DevelopmentType.DIRECT,DietType.FOLIAGE|FRUIT|SEEDS,herbivorous_mammal,61,True,False,10.00000,active,5.00000,3.00000,2.00000,0.01075,0.00000,0.00000,0.00000,"[36, 27, 45, 37, 18, 28, 54, 46, 38, 9, 19, 29, 63, 55, 47, 39, 0, 10, 20, 30, 72, 64, 56, 48, 40, 1, 11, 21, 31, 73, 65, 57, 49, 41, 2, 12, 22, 32, 74, 66, 58, 50, 42, 3, 13, 23, 33, 75, 67, 59, 51, 43, 4, 14, 24, 34, 76, 68, 60, 52, 44, 5, 15, 25, 35, 77, 69, 61, 53, 6, 16, 26, 78, 70, 62, 7, 17, 79, 71, 8, 80]",750147.39458,0.00000,0.00000
511a3764-d391-4a9a-bde0-e2a122996010,2013-01-01,0,0.00000,46,DevelopmentType.DIRECT,DietType.FOLIAGE|FRUIT|SEEDS,herbivorous_mammal,61,True,False,10.00000,active,5.00000,3.00000,2.00000,0.01075,0.00000,0.00000,0.00000,"[46, 37, 55, 45, 47, 28, 36, 38, 64, 54, 56, 48, 19, 27, 29, 39, 73, 63, 65, 57, 49, 10, 18, 20, 30, 40, 72, 74, 66, 58, 50, 1, 9, 11, 21, 31, 41, 75, 67, 59, 51, 0, 2, 12, 22, 32, 42, 76, 68, 60, 52, 3, 13, 23, 33, 43, 77, 69, 61, 53, 4, 14, 24, 34, 44, 78, 70, 62, 5, 15, 25, 35, 79, 71, 6, 16, 26, 80, 7, 17, 8]",750147.39458,0.00000,0.00000
558329a6-09d2-49e3-9094-e8021b83096e,2013-01-01,0,0.00000,68,DevelopmentType.DIRECT,DietType.FOLIAGE|FRUIT|SEEDS,herbivorous_mammal,61,True,False,10.00000,active,5.00000,3.00000,2.00000,0.01075,0.00000,0.00000,0.00000,"[68, 59, 77, 67, 69, 50, 58, 60, 76, 78, 66, 70, 41, 49, 51, 57, 61, 75, 79, 65, 71, 32, 40, 42, 48, 52, 56, 62, 74, 80, 64, 23, 31, 33, 39, 43, 47, 53, 55, 73, 63, 14, 22, 24, 30, 34, 38, 44, 46, 54, 72, 5, 13, 15, 21, 25, 29, 35, 37, 45, 4, 6, 12, 16, 20, 26, 28, 36, 3, 7, 11, 17, 19, 27, 2, 8, 10, 18, 1, 9, 0]",750147.39458,0.00000,0.00000
224d4f60-3794-4073-a9aa-0f6d65e5fdc0,2013-01-01,0,0.00000,10,DevelopmentType.DIRECT,DietType.FOLIAGE|FRUIT|SEEDS,herbivorous_mammal,61,True,False,10.00000,active,5.00000,3.00000,2.00000,0.01075,0.00000,0.00000,0.00000,"[10, 1, 19, 9, 11, 0, 2, 28, 18, 20, 12, 3, 37, 27, 29, 21, 13, 4, 46, 36, 38, 30, 22, 14, 5, 55, 45, 47, 39, 31, 23, 15, 6, 64, 54, 56, 48, 40, 32, 24, 16, 7, 73, 63, 65, 57, 49, 41, 33, 25, 17, 8, 72, 74, 66, 58, 50, 42, 34, 26, 75, 67, 59, 51, 43, 35, 76, 68, 60, 52, 44, 77, 69, 61, 53, 78, 70, 62, 79, 71, 80]",750147.39458,0.00000,0.00000
b41b299a-0f87-4080-b6eb-c2b24f6126b8,2013-01-01,0,0.00000,8,DevelopmentType.DIRECT,DietType.FOLIAGE|FRUIT|SEEDS,herbivorous_mammal,61,True,False,10.00000,active,5.00000,3.00000,2.00000,0.01075,0.00000,0.00000,0.00000,"[8, 17, 7, 26, 16, 6, 35, 25, 15, 5, 44, 34, 24, 14, 4, 53, 43, 33, 23, 13, 3, 62, 52, 42, 32, 22, 12, 2, 71, 61, 51, 41, 31, 21, 11, 1, 80, 70, 60, 50, 40, 30, 20, 10, 0, 79, 69, 59, 49, 39, 29, 19, 9, 78, 68, 58, 48, 38, 28, 18, 77, 67, 57, 47, 37, 27, 76, 66, 56, 46, 36, 75, 65, 55, 45, 74, 64, 54, 73, 63, 72]",750147.39458,0.00000,0.00000
0c7d660f-7d1f-49e3-978e-be1535d38d56,2013-01-01,0,0.00000,18,DevelopmentType.DIRECT,DietType.FOLIAGE|FRUIT|SEEDS,herbivorous_mammal,61,True,False,10.00000,active,5.00000,3.00000,2.00000,0.01075,0.00000,0.00000,0.00000,"[18, 9, 27, 19, 0, 10, 36, 28, 20, 1, 11, 45, 37, 29, 21, 2, 12, 54, 46, 38, 30, 22, 3, 13, 63, 55, 47, 39, 31, 23, 4, 14, 72, 64, 56, 48, 40, 32, 24, 5, 15, 73, 65, 57, 49, 41, 33, 25, 6, 16, 74, 66, 58, 50, 42, 34, 26, 7, 17, 75, 67, 59, 51, 43, 35, 8, 76, 68, 60, 52, 44, 77, 69, 61, 53, 78, 70, 62, 79, 71, 80]",750147.39458,0.00000,0.00000
9709ba24-7550-4d34-a302-59e117610aa7,2013-01-01,0,0.00000,39,DevelopmentType.DIRECT,DietType.FOLIAGE|FRUIT|SEEDS,herbivorous_mammal,61,True,False,10.00000,active,5.00000,3.00000,2.00000,0.01075,0.00000,0.00000,0.00000,"[39, 30, 48, 38, 40, 21, 29, 31, 57, 47, 49, 37, 41, 12, 20, 22, 28, 32, 66, 56, 58, 46, 50, 36, 42, 3, 11, 13, 19, 23, 27, 33, 75, 65, 67, 55, 59, 45, 51, 43, 2, 4, 10, 14, 18, 24, 34, 74, 76, 64, 68, 54, 60, 52, 44, 1, 5, 9, 15, 25, 35, 73, 77, 63, 69, 61, 53, 0, 6, 16, 26, 72, 78, 70, 62, 7, 17, 79, 71, 8, 80]",750147.39458,0.00000,0.00000
836c360d-6844-4021-a501-67b5da72ec6a,2013-01-01,0,0.00000,72,DevelopmentType.DIRECT,DietType.FOLIAGE|FRUIT|SEEDS,herbivorous_mammal,61,True,False,10.00000,active,5.00000,3.00000,2.00000,0.01075,0.00000,0.00000,0.00000,"[72, 63, 73, 54, 64, 74, 45, 55, 65, 75, 36, 46, 56, 66, 76, 27, 37, 47, 57, 67, 77, 18, 28, 38, 48, 58, 68, 78, 9, 19, 29, 39, 49, 59, 69, 79, 0, 10, 20, 30, 40, 50, 60, 70, 80, 1, 11, 21, 31, 41, 51, 61, 71, 2, 12, 22, 32, 42, 52, 62, 3, 13, 23, 33, 43, 53, 4, 14, 24, 34, 44, 5, 15, 25, 35, 6, 16, 26, 7, 17, 8]",750147.39458,0.00000,0.00000
c04dc88a-fcce-4e30-aa74-e8b989b1e0fc,2013-01-01,0,0.00000,69,DevelopmentType.DIRECT,DietType.FOLIAGE|FRUIT|SEEDS,herbivorous_mammal,61,True,False,10.00000,active,5.00000,3.00000,2.00000,0.01075,0.00000,0.00000,0.00000,"[69, 60, 78, 68, 70, 51, 59, 61, 77, 79, 67, 71, 42, 50, 52, 58, 62, 76, 80, 66, 33, 41, 43, 49, 53, 57, 75, 65, 24, 32, 34, 40, 44, 48, 56, 74, 64, 15, 23, 25, 31, 35, 39, 47, 55, 73, 63, 6, 14, 16, 22, 26, 30, 38, 46, 54, 72, 5, 7, 13, 17, 21, 29, 37, 45, 4, 8, 12, 20, 28, 36, 3, 11, 19, 27, 2, 10, 18, 1, 9, 0]",750147.39458,0.00000,0.00000
3f3edb2a-7b7f-43cf-aa3a-69aa91c51f3e,2013-01-01,0,0.00000,74,DevelopmentType.DIRECT,DietType.FOLIAGE|FRUIT|SEEDS,herbivorous_mammal,61,True,False,10.00000,active,5.00000,3.00000,2.00000,0.01075,0.00000,0.00000,0.00000,"[74, 65, 73, 75, 56, 64, 66, 72, 76, 47, 55, 57, 63, 67, 77, 38, 46, 48, 54, 58, 68, 78, 29, 37, 39, 45, 49, 59, 69, 79, 20, 28, 30, 36, 40, 50, 60, 70, 80, 11, 19, 21, 27, 31, 41, 51, 61, 71, 2, 10, 12, 18, 22, 32, 42, 52, 62, 1, 3, 9, 13, 23, 33, 43, 53, 0, 4, 14, 24, 34, 44, 5, 15, 25, 35, 6, 16, 26, 7, 17, 8]",750147.39458,0.00000,0.00000
21fa7534-3296-4627-905d-b9134119fca3,2013-01-01,0,0.00000,16,DevelopmentType.DIRECT,DietType.FOLIAGE|FRUIT|SEEDS,herbivorous_mammal,61,True,False,10.00000,active,5.00000,3.00000,2.00000,0.01075,0.00000,0.00000,0.00000,"[16, 7, 25, 15, 17, 6, 8, 34, 24, 26, 14, 5, 43, 33, 35, 23, 13, 4, 52, 42, 44, 32, 22, 12, 3, 61, 51, 53, 41, 31, 21, 11, 2, 70, 60, 62, 50, 40, 30, 20, 10, 1, 79, 69, 71, 59, 49, 39, 29, 19, 9, 0, 78, 80, 68, 58, 48, 38, 28, 18, 77, 67, 57, 47, 37, 27, 76, 66, 56, 46, 36, 75, 65, 55, 45, 74, 64, 54, 73, 63, 72]",750147.39458,0.00000,0.00000
7b3054b6-56d0-4918-81b1-63d754d552be,2013-01-01,0,0.00000,56,DevelopmentType.DIRECT,DietType.FOLIAGE|FRUIT|SEEDS,herbivorous_mammal,61,True,False,10.00000,active,5.00000,3.00000,2.00000,0.01075,0.00000,0.00000,0.00000,"[56, 47, 65, 55, 57, 38, 46, 48, 74, 64, 66, 54, 58, 29, 37, 39, 45, 49, 73, 75, 63, 67, 59, 20, 28, 30, 36, 40, 50, 72, 76, 68, 60, 11, 19, 21, 27, 31, 41, 51, 77, 69, 61, 2, 10, 12, 18, 22, 32, 42, 52, 78, 70, 62, 1, 3, 9, 13, 23, 33, 43, 53, 79, 71, 0, 4, 14, 24, 34, 44, 80, 5, 15, 25, 35, 6, 16, 26, 7, 17, 8]",750147.39458,0.00000,0.00000
eb018e08-36a3-40bb-a140-e78e34aab39a,2013-01-01,0,0.00000,44,DevelopmentType.DIRECT,DietType.FOLIAGE|FRUIT|SEEDS,herbivorous_mammal,61,True,False,10.00000,active,5.00000,3.00000,2.00000,0.01075,0.00000,0.00000,0.00000,"[44, 35, 53, 43, 26, 34, 62, 52, 42, 17, 25, 33, 71, 61, 51, 41, 8, 16, 24, 32, 80, 70, 60, 50, 40, 7, 15, 23, 31, 79, 69, 59, 49, 39, 6, 14, 22, 30, 78, 68, 58, 48, 38, 5, 13, 21, 29, 77, 67, 57, 47, 37, 4, 12, 20, 28, 76, 66, 56, 46, 36, 3, 11, 19, 27, 75, 65, 55, 45, 2, 10, 18, 74, 64, 54, 1, 9, 73, 63, 0, 72]",750147.39458,0.00000,0.00000
7cb07ada-6c91-4f34-ad46-33cbc50724d2,2013-01-01,0,0.00000,41,DevelopmentType.DIRECT,DietType.FOLIAGE|FRUIT|SEEDS,herbivorous_mammal,61,True,False,10.00000,active,5.00000,3.00000,2.00000,0.01075,0.00000,0.00000,0.00000,"[41, 32, 50, 40, 42, 23, 31, 33, 59, 49, 51, 39, 43, 14, 22, 24, 30, 34, 68, 58, 60, 48, 52, 38, 44, 5, 13, 15, 21, 25, 29, 35, 77, 67, 69, 57, 61, 47, 53, 37, 4, 6, 12, 16, 20, 26, 28, 76, 78, 66, 70, 56, 62, 46, 36, 3, 7, 11, 17, 19, 27, 75, 79, 65, 71, 55, 45, 2, 8, 10, 18, 74, 80, 64, 54, 1, 9, 73, 63, 0, 72]",750147.39458,0.00000,0.00000
1793303c-98a5-4b41-8e3d-92caad3696a4,2013-01-01,0,0.00000,53,DevelopmentType.DIRECT,DietType.FOLIAGE|FRUIT|SEEDS,herbivorous_mammal,61,True,False,10.00000,active,5.00000,3.00000,2.00000,0.01075,0.00000,0.00000,0.00000,"[53, 44, 62, 52, 35, 43, 71, 61, 51, 26, 34, 42, 80, 70, 60, 50, 17, 25, 33, 41, 79, 69, 59, 49, 8, 16, 24, 32, 40, 78, 68, 58, 48, 7, 15, 23, 31, 39, 77, 67, 57, 47, 6, 14, 22, 30, 38, 76, 66, 56, 46, 5, 13, 21, 29, 37, 75, 65, 55, 45, 4, 12, 20, 28, 36, 74, 64, 54, 3, 11, 19, 27, 73, 63, 2, 10, 18, 72, 1, 9, 0]",750147.39458,0.00000,0.00000
b7952e02-839c-4c6e-a296-c974105146f6,2013-01-01,0,0.00000,73,DevelopmentType.DIRECT,DietType.FOLIAGE|FRUIT|SEEDS,herbivorous_mammal,61,True,False,10.00000,active,5.00000,3.00000,2.00000,0.01075,0.00000,0.00000,0.00000,"[73, 64, 72, 74, 55, 63, 65, 75, 46, 54, 56, 66, 76, 37, 45, 47, 57, 67, 77, 28, 36, 38, 48, 58, 68, 78, 19, 27, 29, 39, 49, 59, 69, 79, 10, 18, 20, 30, 40, 50, 60, 70, 80, 1, 9, 11, 21, 31, 41, 51, 61, 71, 0, 2, 12, 22, 32, 42, 52, 62, 3, 13, 23, 33, 43, 53, 4, 14, 24, 34, 44, 5, 15, 25, 35, 6, 16, 26, 7, 17, 8]",750147.39458,0.00000,0.00000
b36932e0-294a-4076-93e4-c3c4142a75ab,2013-01-01,0,0.00000,33,DevelopmentType.DIRECT,DietType.FOLIAGE|FRUIT|SEEDS,herbivorous_mammal,61,True,False,10.00000,active,5.00000,3.00000,2.00000,0.01075,0.00000,0.00000,0.00000,"[33, 24, 42, 32, 34, 15, 23, 25, 51, 41, 43, 31, 35, 6, 14, 16, 22, 26, 60, 50, 52, 40, 44, 30, 5, 7, 13, 17, 21, 69, 59, 61, 49, 53, 39, 29, 4, 8, 12, 20, 78, 68, 70, 58, 62, 48, 38, 28, 3, 11, 19, 77, 79, 67, 71, 57, 47, 37, 27, 2, 10, 18, 76, 80, 66, 56, 46, 36, 1, 9, 75, 65, 55, 45, 0, 74, 64, 54, 73, 63, 72]",750147.39458,0.00000,0.00000
b23b3806-0f2b-4f3c-944b-99050ce6f8ed,2013-01-01,0,0.00000,58,DevelopmentType.DIRECT,DietType.FOLIAGE|FRUIT|SEEDS,herbivorous_mammal,61,True,False,10.00000,active,5.00000,3.00000,2.00000,0.01075,0.00000,0.00000,0.00000,"[58, 49, 67, 57, 59, 40, 48, 50, 76, 66, 68, 56, 60, 31, 39, 41, 47, 51, 75, 77, 65, 69, 55, 61, 22, 30, 32, 38, 42, 46, 52, 74, 78, 64, 70, 54, 62, 13, 21, 23, 29, 33, 37, 43, 45, 53, 73, 79, 63, 71, 4, 12, 14, 20, 24, 28, 34, 36, 44, 72, 80, 3, 5, 11, 15, 19, 25, 27, 35, 2, 6, 10, 16, 18, 26, 1, 7, 9, 17, 0, 8]",750147.39458,0.00000,0.00000
3dcecad1-d295-4a1a-9151-e40dee358531,2013-01-01,0,0.00000,43,DevelopmentType.DIRECT,DietType.FOLIAGE|FRUIT|SEEDS,herbivorous_mammal,61,True,False,10.00000,active,5.00000,3.00000,2.00000,0.01075,0.00000,0.00000,0.00000,"[43, 34, 52, 42, 44, 25, 33, 35, 61, 51, 53, 41, 16, 24, 26, 32, 70, 60, 62, 50, 40, 7, 15, 17, 23, 31, 79, 69, 71, 59, 49, 39, 6, 8, 14, 22, 30, 78, 80, 68, 58, 48, 38, 5, 13, 21, 29, 77, 67, 57, 47, 37, 4, 12, 20, 28, 76, 66, 56, 46, 36, 3, 11, 19, 27, 75, 65, 55, 45, 2, 10, 18, 74, 64, 54, 1, 9, 73, 63, 0, 72]",750147.39458,0.00000,0.00000
fa869c00-4bd8-4a47-97e8-6331a756cdf1,2013-01-01,0,0.00000,2,DevelopmentType.DIRECT,DietType.FOLIAGE|FRUIT|SEEDS,herbivorous_mammal,61,True,False,10.00000,active,5.00000,3.00000,2.00000,0.01075,0.00000,0.00000,0.00000,"[2, 11, 1, 3, 20, 10, 12, 0, 4, 29, 19, 21, 9, 13, 5, 38, 28, 30, 18, 22, 14, 6, 47, 37, 39, 27, 31, 23, 15, 7, 56, 46, 48, 36, 40, 32, 24, 16, 8, 65, 55, 57, 45, 49, 41, 33, 25, 17, 74, 64, 66, 54, 58, 50, 42, 34, 26, 73, 75, 63, 67, 59, 51, 43, 35, 72, 76, 68, 60, 52, 44, 77, 69, 61, 53, 78, 70, 62, 79, 71, 80]",750147.39458,0.00000,0.00000
d6d72d0b-d471-45e1-a0fd-1ed3bcabbd49,2013-01-01,0,0.00000,11,DevelopmentType.DIRECT,DietType.FOLIAGE|FRUIT|SEEDS,herbivorous_mammal,61,True,False,10.00000,active,5.00000,3.00000,2.00000,0.01075,0.00000,0.00000,0.00000,"[11, 2, 20, 10, 12, 1, 3, 29, 19, 21, 9, 13, 0, 4, 38, 28, 30, 18, 22, 14, 5, 47, 37, 39, 27, 31, 23, 15, 6, 56, 46, 48, 36, 40, 32, 24, 16, 7, 65, 55, 57, 45, 49, 41, 33, 25, 17, 8, 74, 64, 66, 54, 58, 50, 42, 34, 26, 73, 75, 63, 67, 59, 51, 43, 35, 72, 76, 68, 60, 52, 44, 77, 69, 61, 53, 78, 70, 62, 79, 71, 80]",750147.39458,0.00000,0.00000
ab9d432f-2d9c-4d0a-94dc-6c69dddb19fb,2013-01-01,0,0.00000,47,DevelopmentType.DIRECT,DietType.FOLIAGE|FRUIT|SEEDS,herbivorous_mammal,61,True,False,10.00000,active,5.00000,3.00000,2.00000,0.01075,0.00000,0.00000,0.00000,"[47, 38, 56, 46, 48, 29, 37, 39, 65, 55, 57, 45, 49, 20, 28, 30, 36, 40, 74, 64, 66, 54, 58, 50, 11, 19, 21, 27, 31, 41, 73, 75, 63, 67, 59, 51, 2, 10, 12, 18, 22, 32, 42, 72, 76, 68, 60, 52, 1, 3, 9, 13, 23, 33, 43, 77, 69, 61, 53, 0, 4, 14, 24, 34, 44, 78, 70, 62, 5, 15, 25, 35, 79, 71, 6, 16, 26, 80, 7, 17, 8]",750147.39458,0.00000,0.00000
c5bdca75-1fa3-4f3c-af1e-6ae45e4aa80d,2013-01-01,0,0.00000,28,DevelopmentType.DIRECT,DietType.FOLIAGE|FRUIT|SEEDS,herbivorous_mammal,61,True,False,10.00000,active,5.00000,3.00000,2.00000,0.01075,0.00000,0.00000,0.00000,"[28, 19, 37, 27, 29, 10, 18, 20, 46, 36, 38, 30, 1, 9, 11, 21, 55, 45, 47, 39, 31, 0, 2, 12, 22, 64, 54, 56, 48, 40, 32, 3, 13, 23, 73, 63, 65, 57, 49, 41, 33, 4, 14, 24, 72, 74, 66, 58, 50, 42, 34, 5, 15, 25, 75, 67, 59, 51, 43, 35, 6, 16, 26, 76, 68, 60, 52, 44, 7, 17, 77, 69, 61, 53, 8, 78, 70, 62, 79, 71, 80]",750147.39458,0.00000,0.00000
860293ba-e148-4352-be50-db1296a02734,2013-01-01,0,0.00000,15,DevelopmentType.DIRECT,DietType.FOLIAGE|FRUIT|SEEDS,herbivorous_mammal,61,True,False,10.00000,active,5.00000,3.00000,2.00000,0.01075,0.00000,0.00000,0.00000,"[15, 6, 24, 14, 16, 5, 7, 33, 23, 25, 13, 17, 4, 8, 42, 32, 34, 22, 26, 12, 3, 51, 41, 43, 31, 35, 21, 11, 2, 60, 50, 52, 40, 44, 30, 20, 10, 1, 69, 59, 61, 49, 53, 39, 29, 19, 9, 0, 78, 68, 70, 58, 62, 48, 38, 28, 18, 77, 79, 67, 71, 57, 47, 37, 27, 76, 80, 66, 56, 46, 36, 75, 65, 55, 45, 74, 64, 54, 73, 63, 72]",750147.39458,0.00000,0.00000
27e91ec3-47e2-491c-bb58-b73bf24ffbab,2013-01-01,0,0.00000,80,DevelopmentType.DIRECT,DietType.FOLIAGE|FRUIT|SEEDS,herbivorous_mammal,61,True,False,10.00000,active,5.00000,3.00000,2.00000,0.01075,0.00000,0.00000,0.00000,"[80, 71, 79, 62, 70, 78, 53, 61, 69, 77, 44, 52, 60, 68, 76, 35, 43, 51, 59, 67, 75, 26, 34, 42, 50, 58, 66, 74, 17, 25, 33, 41, 49, 57, 65, 73, 8, 16, 24, 32, 40, 48, 56, 64, 72, 7, 15, 23, 31, 39, 47, 55, 63, 6, 14, 22, 30, 38, 46, 54, 5, 13, 21, 29, 37, 45, 4, 12, 20, 28, 36, 3, 11, 19, 27, 2, 10, 18, 1, 9, 0]",750147.39458,0.00000,0.00000
0541e78d-4c43-4b6c-92b1-e4d12340fd53,2013-01-01,0,0.00000,17,DevelopmentType.DIRECT,DietType.FOLIAGE|FRUIT|SEEDS,herbivorous_mammal,61,True,False,10.00000,active,5.00000,3.00000,2.00000,0.01075,0.00000,0.00000,0.00000,"[17, 8, 26, 16, 7, 35, 25, 15, 6, 44, 34, 24, 14, 5, 53, 43, 33, 23, 13, 4, 62, 52, 42, 32, 22, 12, 3, 71, 61, 51, 41, 31, 21, 11, 2, 80, 70, 60, 50, 40, 30, 20, 10, 1, 79, 69, 59, 49, 39, 29, 19, 9, 0, 78, 68, 58, 48, 38, 28, 18, 77, 67, 57, 47, 37, 27, 76, 66, 56, 46, 36, 75, 65, 55, 45, 74, 64, 54, 73, 63, 72]",750147.39458,0.00000,0.00000
b025dab7-6707-4526-9332-4e2280de89a4,2013-01-01,0,0.00000,30,DevelopmentType.DIRECT,DietType.FOLIAGE|FRUIT|SEEDS,herbivorous_mammal,61,True,False,10.00000,active,5.00000,3.00000,2.00000,0.01075,0.00000,0.00000,0.00000,"[30, 21, 39, 29, 31, 12, 20, 22, 48, 38, 40, 28, 32, 3, 11, 13, 19, 23, 57, 47, 49, 37, 41, 27, 33, 2, 4, 10, 14, 18, 24, 66, 56, 58, 46, 50, 36, 42, 34, 1, 5, 9, 15, 25, 75, 65, 67, 55, 59, 45, 51, 43, 35, 0, 6, 16, 26, 74, 76, 64, 68, 54, 60, 52, 44, 7, 17, 73, 77, 63, 69, 61, 53, 8, 72, 78, 70, 62, 79, 71, 80]",750147.39458,0.00000,0.00000
097bee82-9ae6-4204-aed1-71434e766a11,2013-01-01,0,0.00000,19,DevelopmentType.DIRECT,DietType.FOLIAGE|FRUIT|SEEDS,herbivorous_mammal,61,True,False,10.00000,active,5.00000,3.00000,2.00000,0.01075,0.00000,0.00000,0.00000,"[19, 10, 28, 18, 20, 1, 9, 11, 37, 27, 29, 21, 0, 2, 12, 46, 36, 38, 30, 22, 3, 13, 55, 45, 47, 39, 31, 23, 4, 14, 64, 54, 56, 48, 40, 32, 24, 5, 15, 73, 63, 65, 57, 49, 41, 33, 25, 6, 16, 72, 74, 66, 58, 50, 42, 34, 26, 7, 17, 75, 67, 59, 51, 43, 35, 8, 76, 68, 60, 52, 44, 77, 69, 61, 53, 78, 70, 62, 79, 71, 80]",750147.39458,0.00000,0.00000
c00f7bee-5b3a-4fd1-8ebf-cbac5061ae2b,2013-01-01,0,0.00000,77,DevelopmentType.DIRECT,DietType.FOLIAGE|FRUIT|SEEDS,herbivorous_mammal,61,True,False,10.00000,active,5.00000,3.00000,2.00000,0.01075,0.00000,0.00000,0.00000,"[77, 68, 76, 78, 59, 67, 69, 75, 79, 50, 58, 60, 66, 70, 74, 80, 41, 49, 51, 57, 61, 65, 71, 73, 32, 40, 42, 48, 52, 56, 62, 64, 72, 23, 31, 33, 39, 43, 47, 53, 55, 63, 14, 22, 24, 30, 34, 38, 44, 46, 54, 5, 13, 15, 21, 25, 29, 35, 37, 45, 4, 6, 12, 16, 20, 26, 28, 36, 3, 7, 11, 17, 19, 27, 2, 8, 10, 18, 1, 9, 0]",750147.39458,0.00000,0.00000
f016f091-df01-4b8b-bd94-e2e749c4ca5c,2013-01-01,0,0.00000,38,DevelopmentType.DIRECT,DietType.FOLIAGE|FRUIT|SEEDS,herbivorous_mammal,61,True,False,10.00000,active,5.00000,3.00000,2.00000,0.01075,0.00000,0.00000,0.00000,"[38, 29, 47, 37, 39, 20, 28, 30, 56, 46, 48, 36, 40, 11, 19, 21, 27, 31, 65, 55, 57, 45, 49, 41, 2, 10, 12, 18, 22, 32, 74, 64, 66, 54, 58, 50, 42, 1, 3, 9, 13, 23, 33, 73, 75, 63, 67, 59, 51, 43, 0, 4, 14, 24, 34, 72, 76, 68, 60, 52, 44, 5, 15, 25, 35, 77, 69, 61, 53, 6, 16, 26, 78, 70, 62, 7, 17, 79, 71, 8, 80]",750147.39458,0.00000,0.00000
8e40b482-9981-4a60-8193-c51647d50845,2013-01-01,0,0.00000,1,DevelopmentType.DIRECT,DietType.FOLIAGE|FRUIT|SEEDS,herbivorous_mammal,61,True,False,10.00000,active,5.00000,3.00000,2.00000,0.01075,0.00000,0.00000,0.00000,"[1, 10, 0, 2, 19, 9, 11, 3, 28, 18, 20, 12, 4, 37, 27, 29, 21, 13, 5, 46, 36, 38, 30, 22, 14, 6, 55, 45, 47, 39, 31, 23, 15, 7, 64, 54, 56, 48, 40, 32, 24, 16, 8, 73, 63, 65, 57, 49, 41, 33, 25, 17, 72, 74, 66, 58, 50, 42, 34, 26, 75, 67, 59, 51, 43, 35, 76, 68, 60, 52, 44, 77, 69, 61, 53, 78, 70, 62, 79, 71, 80]",750147.39458,0.00000,0.00000
4b702fb7-85d3-450c-8f72-15c0289dcc76,2013-01-01,0,0.00000,27,DevelopmentType.DIRECT,DietType.FOLIAGE|FRUIT|SEEDS,herbivorous_mammal,61,True,False,10.00000,active,5.00000,3.00000,2.00000,0.01075,0.00000,0.00000,0.00000,"[27, 18, 36, 28, 9, 19, 45, 37, 29, 0, 10, 20, 54, 46, 38, 30, 1, 11, 21, 63, 55, 47, 39, 31, 2, 12, 22, 72, 64, 56, 48, 40, 32, 3, 13, 23, 73, 65, 57, 49, 41, 33, 4, 14, 24, 74, 66, 58, 50, 42, 34, 5, 15, 25, 75, 67, 59, 51, 43, 35, 6, 16, 26, 76, 68, 60, 52, 44, 7, 17, 77, 69, 61, 53, 8, 78, 70, 62, 79, 71, 80]",750147.39458,0.00000,0.00000
5dff3752-9528-438d-899b-c4d59456372e,2013-01-01,0,0.00000,32,DevelopmentType.DIRECT,DietType.FOLIAGE|FRUIT|SEEDS,herbivorous_mammal,61,True,False,10.00000,active,5.00000,3.00000,2.00000,0.01075,0.00000,0.00000,0.00000,"[32, 23, 41, 31, 33, 14, 22, 24, 50, 40, 42, 30, 34, 5, 13, 15, 21, 25, 59, 49, 51, 39, 43, 29, 35, 4, 6, 12, 16, 20, 26, 68, 58, 60, 48, 52, 38, 44, 28, 3, 7, 11, 17, 19, 77, 67, 69, 57, 61, 47, 53, 37, 27, 2, 8, 10, 18, 76, 78, 66, 70, 56, 62, 46, 36, 1, 9, 75, 79, 65, 71, 55, 45, 0, 74, 80, 64, 54, 73, 63, 72]",750147.39458,0.00000,0.00000
c1fb7077-8953-4861-bb5f-82a83a725e86,2013-01-01,0,0.00000,70,DevelopmentType.DIRECT,DietType.FOLIAGE|FRUIT|SEEDS,herbivorous_mammal,61,True,False,10.00000,active,5.00000,3.00000,2.00000,0.01075,0.00000,0.00000,0.00000,"[70, 61, 79, 69, 71, 52, 60, 62, 78, 80, 68, 43, 51, 53, 59, 77, 67, 34, 42, 44, 50, 58, 76, 66, 25, 33, 35, 41, 49, 57, 75, 65, 16, 24, 26, 32, 40, 48, 56, 74, 64, 7, 15, 17, 23, 31, 39, 47, 55, 73, 63, 6, 8, 14, 22, 30, 38, 46, 54, 72, 5, 13, 21, 29, 37, 45, 4, 12, 20, 28, 36, 3, 11, 19, 27, 2, 10, 18, 1, 9, 0]",750147.39458,0.00000,0.00000
4ce0d173-ebb3-4e47-b58d-60183d48e618,2013-01-01,0,0.00000,34,DevelopmentType.DIRECT,DietType.FOLIAGE|FRUIT|SEEDS,herbivorous_mammal,61,True,False,10.00000,active,5.00000,3.00000,2.00000,0.01075,0.00000,0.00000,0.00000,"[34, 25, 43, 33, 35, 16, 24, 26, 52, 42, 44, 32, 7, 15, 17, 23, 61, 51, 53, 41, 31, 6, 8, 14, 22, 70, 60, 62, 50, 40, 30, 5, 13, 21, 79, 69, 71, 59, 49, 39, 29, 4, 12, 20, 78, 80, 68, 58, 48, 38, 28, 3, 11, 19, 77, 67, 57, 47, 37, 27, 2, 10, 18, 76, 66, 56, 46, 36, 1, 9, 75, 65, 55, 45, 0, 74, 64, 54, 73, 63, 72]",750147.39458,0.00000,0.00000
6080975e-cbcc-4693-b857-5858c6a6082c,2013-01-01,0,0.00000,67,DevelopmentType.DIRECT,DietType.FOLIAGE|FRUIT|SEEDS,herbivorous_mammal,61,True,False,10.00000,active,5.00000,3.00000,2.00000,0.01075,0.00000,0.00000,0.00000,"[67, 58, 76, 66, 68, 49, 57, 59, 75, 77, 65, 69, 40, 48, 50, 56, 60, 74, 78, 64, 70, 31, 39, 41, 47, 51, 55, 61, 73, 79, 63, 71, 22, 30, 32, 38, 42, 46, 52, 54, 62, 72, 80, 13, 21, 23, 29, 33, 37, 43, 45, 53, 4, 12, 14, 20, 24, 28, 34, 36, 44, 3, 5, 11, 15, 19, 25, 27, 35, 2, 6, 10, 16, 18, 26, 1, 7, 9, 17, 0, 8]",750147.39458,0.00000,0.00000
eeda987c-5c95-429e-bc85-3ecbb996efe8,2013-01-01,0,0.00000,6,DevelopmentType.DIRECT,DietType.FOLIAGE|FRUIT|SEEDS,herbivorous_mammal,61,True,False,10.00000,active,5.00000,3.00000,2.00000,0.01075,0.00000,0.00000,0.00000,"[6, 15, 5, 7, 24, 14, 16, 4, 8, 33, 23, 25, 13, 17, 3, 42, 32, 34, 22, 26, 12, 2, 51, 41, 43, 31, 35, 21, 11, 1, 60, 50, 52, 40, 44, 30, 20, 10, 0, 69, 59, 61, 49, 53, 39, 29, 19, 9, 78, 68, 70, 58, 62, 48, 38, 28, 18, 77, 79, 67, 71, 57, 47, 37, 27, 76, 80, 66, 56, 46, 36, 75, 65, 55, 45, 74, 64, 54, 73, 63, 72]",750147.39458,0.00000,0.00000
b1f1c453-a03c-4ee3-b267-9cd94cf269d2,2013-01-01,0,0.00000,67,DevelopmentType.DIRECT,DietType.INVERTEBRATES,carnivorous_insect_iteroparous,968,True,False,0.01000,active,0.00400,0.00200,0.00400,1.00000,0.00000,0.00000,0.00000,[67],305.59525,0.00000,0.00000
2fcaf556-ba1c-43d1-93a8-ceb4e66b33e7,2013-01-01,0,0.00000,14,DevelopmentType.DIRECT,DietType.INVERTEBRATES,carnivorous_insect_iteroparous,968,True,False,0.01000,active,0.00400,0.00200,0.00400,1.00000,0.00000,0.00000,0.00000,[14],305.59525,0.00000,0.00000
817b7dba-7a01-4c55-8927-ea1f3d9bb012,2013-01-01,0,0.00000,29,DevelopmentType.DIRECT,DietType.INVERTEBRATES,carnivorous_insect_iteroparous,968,True,False,0.01000,active,0.00400,0.00200,0.00400,1.00000,0.00000,0.00000,0.00000,[29],305.59525,0.00000,0.00000
2825b7c0-f136-4b35-87a5-726e85a67f6b,2013-01-01,0,0.00000,75,DevelopmentType.DIRECT,DietType.INVERTEBRATES,carnivorous_insect_iteroparous,968,True,False,0.01000,active,0.00400,0.00200,0.00400,1.00000,0.00000,0.00000,0.00000,[75],305.59525,0.00000,0.00000
5a653867-eb71-46a8-a49f-36fa0d3f4369,2013-01-01,0,0.00000,70,DevelopmentType.DIRECT,DietType.INVERTEBRATES,carnivorous_insect_iteroparous,968,True,False,0.01000,active,0.00400,0.00200,0.00400,1.00000,0.00000,0.00000,0.00000,[70],305.59525,0.00000,0.00000
a6efe424-0fb8-4c17-b5c3-8ae43b9e0299,2013-01-01,0,0.00000,48,DevelopmentType.DIRECT,DietType.INVERTEBRATES,carnivorous_insect_iteroparous,968,True,False,0.01000,active,0.00400,0.00200,0.00400,1.00000,0.00000,0.00000,0.00000,[48],305.59525,0.00000,0.00000
12d6883e-8588-4deb-8758-d7cef0657afe,2013-01-01,0,0.00000,66,DevelopmentType.DIRECT,DietType.INVERTEBRATES,carnivorous_insect_iteroparous,968,True,False,0.01000,active,0.00400,0.00200,0.00400,1.00000,0.00000,0.00000,0.00000,[66],305.59525,0.00000,0.00000
ff3eb758-e9a3-45f2-b24a-1b7577598817,2013-01-01,0,0.00000,44,DevelopmentType.DIRECT,DietType.INVERTEBRATES,carnivorous_insect_iteroparous,968,True,False,0.01000,active,0.00400,0.00200,0.00400,1.00000,0.00000,0.00000,0.00000,[44],305.59525,0.00000,0.00000
46139529-cc78-4744-b397-575aa8cc0e35,2013-01-01,0,0.00000,0,DevelopmentType.DIRECT,DietType.INVERTEBRATES,carnivorous_insect_iteroparous,968,True,False,0.01000,active,0.00400,0.00200,0.00400,1.00000,0.00000,0.00000,0.00000,[0],305.59525,0.00000,0.00000
8e414fa8-3619-4677-af07-e9d331f47ceb,2013-01-01,0,0.00000,31,DevelopmentType.DIRECT,DietType.INVERTEBRATES,carnivorous_insect_iteroparous,968,True,False,0.01000,active,0.00400,0.00200,0.00400,1.00000,0.00000,0.00000,0.00000,[31],305.59525,0.00000,0.00000
286ac755-02f4-4095-9f97-715d3dfd4837,2013-01-01,0,0.00000,3,DevelopmentType.DIRECT,DietType.INVERTEBRATES,carnivorous_insect_iteroparous,968,True,False,0.01000,active,0.00400,0.00200,0.00400,1.00000,0.00000,0.00000,0.00000,[3],305.59525,0.00000,0.00000
6e77f36a-8f16-43a8-be69-6c45e1455c12,2013-01-01,0,0.00000,11,DevelopmentType.DIRECT,DietType.INVERTEBRATES,carnivorous_insect_iteroparous,968,True,False,0.01000,active,0.00400,0.00200,0.00400,1.00000,0.00000,0.00000,0.00000,[11],305.59525,0.00000,0.00000
a3b24fc5-e07e-4e4a-940e-629918e046a3,2013-01-01,0,0.00000,58,DevelopmentType.DIRECT,DietType.INVERTEBRATES,carnivorous_insect_iteroparous,968,True,False,0.01000,active,0.00400,0.00200,0.00400,1.00000,0.00000,0.00000,0.00000,[58],305.59525,0.00000,0.00000
82c39b28-638e-4f03-bcb0-060bc6e62ab7,2013-01-01,0,0.00000,17,DevelopmentType.DIRECT,DietType.INVERTEBRATES,carnivorous_insect_iteroparous,968,True,False,0.01000,active,0.00400,0.00200,0.00400,1.00000,0.00000,0.00000,0.00000,[17],305.59525,0.00000,0.00000
c711069c-6aa7-4aad-a089-07880808b52f,2013-01-01,0,0.00000,26,DevelopmentType.DIRECT,DietType.INVERTEBRATES,carnivorous_insect_iteroparous,968,True,False,0.01000,active,0.00400,0.00200,0.00400,1.00000,0.00000,0.00000,0.00000,[26],305.59525,0.00000,0.00000
a363b3e2-5606-4b22-acbf-799c2b24cafd,2013-01-01,0,0.00000,1,DevelopmentType.DIRECT,DietType.INVERTEBRATES,carnivorous_insect_iteroparous,968,True,False,0.01000,active,0.00400,0.00200,0.00400,1.00000,0.00000,0.00000,0.00000,[1],305.59525,0.00000,0.00000
9fc32ba6-2a90-4447-9314-6cf183836832,2013-01-01,0,0.00000,80,DevelopmentType.DIRECT,DietType.INVERTEBRATES,carnivorous_insect_iteroparous,968,True,False,0.01000,active,0.00400,0.00200,0.00400,1.00000,0.00000,0.00000,0.00000,[80],305.59525,0.00000,0.00000
70fd4216-0700-4d6c-a0bf-d11fb9e01a51,2013-01-01,0,0.00000,36,DevelopmentType.DIRECT,DietType.INVERTEBRATES,carnivorous_insect_iteroparous,968,True,False,0.01000,active,0.00400,0.00200,0.00400,1.00000,0.00000,0.00000,0.00000,[36],305.59525,0.00000,0.00000
2a59910d-52a0-43ee-a86c-50f75723a3e6,2013-01-01,0,0.00000,8,DevelopmentType.DIRECT,DietType.INVERTEBRATES,carnivorous_insect_iteroparous,968,True,False,0.01000,active,0.00400,0.00200,0.00400,1.00000,0.00000,0.00000,0.00000,[8],305.59525,0.00000,0.00000
3af188c0-c9c4-4924-98d4-d5dc418a7e18,2013-01-01,0,0.00000,33,DevelopmentType.DIRECT,DietType.INVERTEBRATES,carnivorous_insect_iteroparous,968,True,False,0.01000,active,0.00400,0.00200,0.00400,1.00000,0.00000,0.00000,0.00000,[33],305.59525,0.00000,0.00000
ff2e6aaa-0080-4a8b-bf00-b01852e8510b,2013-01-01,0,0.00000,76,DevelopmentType.DIRECT,DietType.INVERTEBRATES,carnivorous_insect_iteroparous,968,True,False,0.01000,active,0.00400,0.00200,0.00400,1.00000,0.00000,0.00000,0.00000,[76],305.59525,0.00000,0.00000
04d3b5e1-6fe9-43ed-abaf-b15a32242ff7,2013-01-01,0,0.00000,73,DevelopmentType.DIRECT,DietType.INVERTEBRATES,carnivorous_insect_iteroparous,968,True,False,0.01000,active,0.00400,0.00200,0.00400,1.00000,0.00000,0.00000,0.00000,[73],305.59525,0.00000,0.00000
07ac682a-0e99-46bd-a922-60e4cce2c788,2013-01-01,0,0.00000,15,DevelopmentType.DIRECT,DietType.INVERTEBRATES,carnivorous_insect_iteroparous,968,True,False,0.01000,active,0.00400,0.00200,0.00400,1.00000,0.00000,0.00000,0.00000,[15],305.59525,0.00000,0.00000
c0e30eab-51a6-4af8-884c-f228b1c021e8,2013-01-01,0,0.00000,24,DevelopmentType.DIRECT,DietType.INVERTEBRATES,carnivorous_insect_iteroparous,968,True,False,0.01000,active,0.00400,0.00200,0.00400,1.00000,0.00000,0.00000,0.00000,[24],305.59525,0.00000,0.00000
953eee05-34cb-44e6-be99-4afb888995e2,2013-01-01,0,0.00000,21,DevelopmentType.DIRECT,DietType.INVERTEBRATES,carnivorous_insect_iteroparous,968,True,False,0.01000,active,0.00400,0.00200,0.00400,1.00000,0.00000,0.00000,0.00000,[21],305.59525,0.00000,0.00000
7223d046-7ea3-4742-980b-3eb09ceaf156,2013-01-01,0,0.00000,60,DevelopmentType.DIRECT,DietType.INVERTEBRATES,carnivorous_insect_iteroparous,968,True,False,0.01000,active,0.00400,0.00200,0.00400,1.00000,0.00000,0.00000,0.00000,[60],305.59525,0.00000,0.00000
7daf39d1-79dd-43de-bf30-fdbcf1d26b09,2013-01-01,0,0.00000,57,DevelopmentType.DIRECT,DietType.INVERTEBRATES,carnivorous_insect_iteroparous,968,True,False,0.01000,active,0.00400,0.00200,0.00400,1.00000,0.00000,0.00000,0.00000,[57],305.59525,0.00000,0.00000
c0876b7c-2121-4c8a-b0f3-c26c4a4b3d5a,2013-01-01,0,0.00000,35,DevelopmentType.DIRECT,DietType.INVERTEBRATES,carnivorous_insect_iteroparous,968,True,False,0.01000,active,0.00400,0.00200,0.00400,1.00000,0.00000,0.00000,0.00000,[35],305.59525,0.00000,0.00000
764b1074-60ff-4030-80f5-07bb38011113,2013-01-01,0,0.00000,27,DevelopmentType.DIRECT,DietType.INVERTEBRATES,carnivorous_insect_iteroparous,968,True,False,0.01000,active,0.00400,0.00200,0.00400,1.00000,0.00000,0.00000,0.00000,[27],305.59525,0.00000,0.00000
46adfe1b-2e7b-4013-adbe-20e17eba3f9a,2013-01-01,0,0.00000,34,DevelopmentType.DIRECT,DietType.INVERTEBRATES,carnivorous_insect_iteroparous,968,True,False,0.01000,active,0.00400,0.00200,0.00400,1.00000,0.00000,0.00000,0.00000,[34],305.59525,0.00000,0.00000
7a478814-d4fb-4db6-868b-c8669d4d51de,2013-01-01,0,0.00000,18,DevelopmentType.DIRECT,DietType.INVERTEBRATES,carnivorous_insect_iteroparous,968,True,False,0.01000,active,0.00400,0.00200,0.00400,1.00000,0.00000,0.00000,0.00000,[18],305.59525,0.00000,0.00000
a7694e00-446e-4cbe-805a-d4e9e1742dea,2013-01-01,0,0.00000,59,DevelopmentType.DIRECT,DietType.INVERTEBRATES,carnivorous_insect_iteroparous,968,True,False,0.01000,active,0.00400,0.00200,0.00400,1.00000,0.00000,0.00000,0.00000,[59],305.59525,0.00000,0.00000
bd177db2-1c79-489c-afd5-f1ae37bce2a0,2013-01-01,0,0.00000,46,DevelopmentType.DIRECT,DietType.INVERTEBRATES,carnivorous_insect_iteroparous,968,True,False,0.01000,active,0.00400,0.00200,0.00400,1.00000,0.00000,0.00000,0.00000,[46],305.59525,0.00000,0.00000
732d61ea-a71a-4732-ad8b-710e30ec871a,2013-01-01,0,0.00000,51,DevelopmentType.DIRECT,DietType.INVERTEBRATES,carnivorous_insect_iteroparous,967,True,False,0.01000,active,0.00400,0.00200,0.00400,1.00000,0.00000,0.00000,0.00000,[51],305.59525,0.00000,0.00000
a3d0516b-6c6c-4d30-ab5f-3d419509690b,2013-01-01,0,0.00000,25,DevelopmentType.DIRECT,DietType.INVERTEBRATES,carnivorous_insect_iteroparous,967,True,False,0.01000,active,0.00400,0.00200,0.00400,1.00000,0.00000,0.00000,0.00000,[25],305.59525,0.00000,0.00000
72d02a90-bcfa-4129-85ab-b0e19cc0b155,2013-01-01,0,0.00000,28,DevelopmentType.DIRECT,DietType.INVERTEBRATES,carnivorous_insect_iteroparous,967,True,False,0.01000,active,0.00400,0.00200,0.00400,1.00000,0.00000,0.00000,0.00000,[28],305.59525,0.00000,0.00000
09f24a35-5e87-4f2d-b417-08438b8e0295,2013-01-01,0,0.00000,45,DevelopmentType.DIRECT,DietType.INVERTEBRATES,carnivorous_insect_iteroparous,967,True,False,0.01000,active,0.00400,0.00200,0.00400,1.00000,0.00000,0.00000,0.00000,[45],305.59525,0.00000,0.00000
330fbdca-e235-4f12-9d5f-d74edc662e46,2013-01-01,0,0.00000,79,DevelopmentType.DIRECT,DietType.INVERTEBRATES,carnivorous_insect_iteroparous,967,True,False,0.01000,active,0.00400,0.00200,0.00400,1.00000,0.00000,0.00000,0.00000,[79],305.59525,0.00000,0.00000
60010dec-787c-42de-a3a7-bb39792e8c03,2013-01-01,0,0.00000,5,DevelopmentType.DIRECT,DietType.INVERTEBRATES,carnivorous_insect_iteroparous,967,True,False,0.01000,active,0.00400,0.00200,0.00400,1.00000,0.00000,0.00000,0.00000,[5],305.59525,0.00000,0.00000
4fdc399a-bd44-4e53-b3da-6e1939843b6e,2013-01-01,0,0.00000,65,DevelopmentType.DIRECT,DietType.INVERTEBRATES,carnivorous_insect_iteroparous,967,True,False,0.01000,active,0.00400,0.00200,0.00400,1.00000,0.00000,0.00000,0.00000,[65],305.59525,0.00000,0.00000
a7b7330a-085f-4a6a-ae08-6f49065a7f6e,2013-01-01,0,0.00000,61,DevelopmentType.DIRECT,DietType.INVERTEBRATES,carnivorous_insect_iteroparous,967,True,False,0.01000,active,0.00400,0.00200,0.00400,1.00000,0.00000,0.00000,0.00000,[61],305.59525,0.00000,0.00000
23580c17-8f41-46c7-8b6d-e2efc648ffdc,2013-01-01,0,0.00000,54,DevelopmentType.DIRECT,DietType.INVERTEBRATES,carnivorous_insect_iteroparous,967,True,False,0.01000,active,0.00400,0.00200,0.00400,1.00000,0.00000,0.00000,0.00000,[54],305.59525,0.00000,0.00000
f25400eb-e882-4ff0-98c6-eced71427b81,2013-01-01,0,0.00000,72,DevelopmentType.DIRECT,DietType.INVERTEBRATES,carnivorous_insect_iteroparous,967,True,False,0.01000,active,0.00400,0.00200,0.00400,1.00000,0.00000,0.00000,0.00000,[72],305.59525,0.00000,0.00000
9742da5a-0048-41e2-a126-8b6a3a14eb87,2013-01-01,0,0.00000,77,DevelopmentType.DIRECT,DietType.INVERTEBRATES,carnivorous_insect_iteroparous,967,True,False,0.01000,active,0.00400,0.00200,0.00400,1.00000,0.00000,0.00000,0.00000,[77],305.59525,0.00000,0.00000
1e6b9dc8-3092-4611-90c2-3e9b121f4513,2013-01-01,0,0.00000,19,DevelopmentType.DIRECT,DietType.INVERTEBRATES,carnivorous_insect_iteroparous,967,True,False,0.01000,active,0.00400,0.00200,0.00400,1.00000,0.00000,0.00000,0.00000,[19],305.59525,0.00000,0.00000
6bd9e35e-f140-49d1-b2b1-05d945c488cc,2013-01-01,0,0.00000,78,DevelopmentType.DIRECT,DietType.INVERTEBRATES,carnivorous_insect_iteroparous,967,True,False,0.01000,active,0.00400,0.00200,0.00400,1.00000,0.00000,0.00000,0.00000,[78],305.59525,0.00000,0.00000
8389c618-bdb0-423f-ad4a-4b8583e4f786,2013-01-01,0,0.00000,23,DevelopmentType.DIRECT,DietType.INVERTEBRATES,carnivorous_insect_iteroparous,967,True,False,0.01000,active,0.00400,0.00200,0.00400,1.00000,0.00000,0.00000,0.00000,[23],305.59525,0.00000,0.00000
6d1487d2-b6e6-44a9-9aee-d2c76075fdc0,2013-01-01,0,0.00000,9,DevelopmentType.DIRECT,DietType.INVERTEBRATES,carnivorous_insect_iteroparous,967,True,False,0.01000,active,0.00400,0.00200,0.00400,1.00000,0.00000,0.00000,0.00000,[9],305.59525,0.00000,0.00000
351dc9c8-3370-44ca-a597-f5bd7b17914c,2013-01-01,0,0.00000,69,DevelopmentType.DIRECT,DietType.INVERTEBRATES,carnivorous_insect_iteroparous,967,True,False,0.01000,active,0.00400,0.00200,0.00400,1.00000,0.00000,0.00000,0.00000,[69],305.59525,0.00000,0.00000
214c4643-ca31-4e1a-9b2e-4df192766040,2013-01-01,0,0.00000,38,DevelopmentType.DIRECT,DietType.INVERTEBRATES,carnivorous_insect_iteroparous,967,True,False,0.01000,active,0.00400,0.00200,0.00400,1.00000,0.00000,0.00000,0.00000,[38],305.59525,0.00000,0.00000
565d684d-fe11-473f-9798-d5b2d5e57f72,2013-01-01,0,0.00000,13,DevelopmentType.DIRECT,DietType.INVERTEBRATES,carnivorous_insect_iteroparous,967,True,False,0.01000,active,0.00400,0.00200,0.00400,1.00000,0.00000,0.00000,0.00000,[13],305.59525,0.00000,0.00000
560206b2-d1ce-47e0-856d-87aecc9bf74c,2013-01-01,0,0.00000,30,DevelopmentType.DIRECT,DietType.INVERTEBRATES,carnivorous_insect_iteroparous,967,True,False,0.01000,active,0.00400,0.00200,0.00400,1.00000,0.00000,0.00000,0.00000,[30],305.59525,0.00000,0.00000
911b8033-3fa5-4207-a463-309468beeaae,2013-01-01,0,0.00000,20,DevelopmentType.DIRECT,DietType.INVERTEBRATES,carnivorous_insect_iteroparous,967,True,False,0.01000,active,0.00400,0.00200,0.00400,1.00000,0.00000,0.00000,0.00000,[20],305.59525,0.00000,0.00000
d5fb00bf-0ba1-49f5-845c-03f02ebd0ab7,2013-01-01,0,0.00000,55,DevelopmentType.DIRECT,DietType.INVERTEBRATES,carnivorous_insect_iteroparous,967,True,False,0.01000,active,0.00400,0.00200,0.00400,1.00000,0.00000,0.00000,0.00000,[55],305.59525,0.00000,0.00000
7b4f0b80-eff8-4df3-ba98-02c712536a22,2013-01-01,0,0.00000,42,DevelopmentType.DIRECT,DietType.INVERTEBRATES,carnivorous_insect_iteroparous,967,True,False,0.01000,active,0.00400,0.00200,0.00400,1.00000,0.00000,0.00000,0.00000,[42],305.59525,0.00000,0.00000
aee12177-ff03-494b-89ed-898af2c5d5cc,2013-01-01,0,0.00000,71,DevelopmentType.DIRECT,DietType.INVERTEBRATES,carnivorous_insect_iteroparous,967,True,False,0.01000,active,0.00400,0.00200,0.00400,1.00000,0.00000,0.00000,0.00000,[71],305.59525,0.00000,0.00000
3eaffb5a-d86f-48fa-bb52-42374396646f,2013-01-01,0,0.00000,74,DevelopmentType.DIRECT,DietType.INVERTEBRATES,carnivorous_insect_iteroparous,967,True,False,0.01000,active,0.00400,0.00200,0.00400,1.00000,0.00000,0.00000,0.00000,[74],305.59525,0.00000,0.00000
5b756208-6b86-4efe-966f-15956f520427,2013-01-01,0,0.00000,64,DevelopmentType.DIRECT,DietType.INVERTEBRATES,carnivorous_insect_iteroparous,967,True,False,0.01000,active,0.00400,0.00200,0.00400,1.00000,0.00000,0.00000,0.00000,[64],305.59525,0.00000,0.00000
27c45b44-8a58-4568-b151-4f06429d259c,2013-01-01,0,0.00000,49,DevelopmentType.DIRECT,DietType.INVERTEBRATES,carnivorous_insect_iteroparous,967,True,False,0.01000,active,0.00400,0.00200,0.00400,1.00000,0.00000,0.00000,0.00000,[49],305.59525,0.00000,0.00000
9bc2853e-e55a-4406-967c-33d6202da563,2013-01-01,0,0.00000,37,DevelopmentType.DIRECT,DietType.INVERTEBRATES,carnivorous_insect_iteroparous,967,True,False,0.01000,active,0.00400,0.00200,0.00400,1.00000,0.00000,0.00000,0.00000,[37],305.59525,0.00000,0.00000
7147a37b-60e5-45cf-9361-7bf37979ec8d,2013-01-01,0,0.00000,2,DevelopmentType.DIRECT,DietType.INVERTEBRATES,carnivorous_insect_iteroparous,967,True,False,0.01000,active,0.00400,0.00200,0.00400,1.00000,0.00000,0.00000,0.00000,[2],305.59525,0.00000,0.00000
cc0188f5-a765-4552-ac62-8a2566080386,2013-01-01,0,0.00000,39,DevelopmentType.DIRECT,DietType.INVERTEBRATES,carnivorous_insect_iteroparous,967,True,False,0.01000,active,0.00400,0.00200,0.00400,1.00000,0.00000,0.00000,0.00000,[39],305.59525,0.00000,0.00000
75715539-15d5-40f2-ba4c-33098fc75669,2013-01-01,0,0.00000,56,DevelopmentType.DIRECT,DietType.INVERTEBRATES,carnivorous_insect_iteroparous,967,True,False,0.01000,active,0.00400,0.00200,0.00400,1.00000,0.00000,0.00000,0.00000,[56],305.59525,0.00000,0.00000
3039446b-3eae-46b1-9cf8-92f4e71296c7,2013-01-01,0,0.00000,52,DevelopmentType.DIRECT,DietType.INVERTEBRATES,carnivorous_insect_iteroparous,967,True,False,0.01000,active,0.00400,0.00200,0.00400,1.00000,0.00000,0.00000,0.00000,[52],305.59525,0.00000,0.00000
9eb085a9-8b1d-45d2-ad06-2527771a8cb2,2013-01-01,0,0.00000,62,DevelopmentType.DIRECT,DietType.INVERTEBRATES,carnivorous_insect_iteroparous,967,True,False,0.01000,active,0.00400,0.00200,0.00400,1.00000,0.00000,0.00000,0.00000,[62],305.59525,0.00000,0.00000
f4fe1fd0-2e53-49ab-88cd-33c69c9cb5f9,2013-01-01,0,0.00000,53,DevelopmentType.DIRECT,DietType.INVERTEBRATES,carnivorous_insect_iteroparous,967,True,False,0.01000,active,0.00400,0.00200,0.00400,1.00000,0.00000,0.00000,0.00000,[53],305.59525,0.00000,0.00000
2ba546a9-4ec9-4d1c-aa04-e15b0f4d3c8a,2013-01-01,0,0.00000,47,DevelopmentType.DIRECT,DietType.INVERTEBRATES,carnivorous_insect_iteroparous,967,True,False,0.01000,active,0.00400,0.00200,0.00400,1.00000,0.00000,0.00000,0.00000,[47],305.59525,0.00000,0.00000
c2e97df9-ea62-4abc-b4b3-348127277ef0,2013-01-01,0,0.00000,41,DevelopmentType.DIRECT,DietType.INVERTEBRATES,carnivorous_insect_iteroparous,967,True,False,0.01000,active,0.00400,0.00200,0.00400,1.00000,0.00000,0.00000,0.00000,[41],305.59525,0.00000,0.00000
a361a6b2-648b-4707-867a-0a7cf9d8d73f,2013-01-01,0,0.00000,40,DevelopmentType.DIRECT,DietType.INVERTEBRATES,carnivorous_insect_iteroparous,967,True,False,0.01000,active,0.00400,0.00200,0.00400,1.00000,0.00000,0.00000,0.00000,[40],305.59525,0.00000,0.00000
b66a0c4c-60de-4978-8d22-8e882449ccbb,2013-01-01,0,0.00000,7,DevelopmentType.DIRECT,DietType.INVERTEBRATES,carnivorous_insect_iteroparous,967,True,False,0.01000,active,0.00400,0.00200,0.00400,1.00000,0.00000,0.00000,0.00000,[7],305.59525,0.00000,0.00000
732854ac-ef79-496e-bbc8-d2e09f609d55,2013-01-01,0,0.00000,12,DevelopmentType.DIRECT,DietType.INVERTEBRATES,carnivorous_insect_iteroparous,967,True,False,0.01000,active,0.00400,0.00200,0.00400,1.00000,0.00000,0.00000,0.00000,[12],305.59525,0.00000,0.00000
46e3e78c-50e2-4404-b5b2-1f0340a31ca9,2013-01-01,0,0.00000,43,DevelopmentType.DIRECT,DietType.INVERTEBRATES,carnivorous_insect_iteroparous,967,True,False,0.01000,active,0.00400,0.00200,0.00400,1.00000,0.00000,0.00000,0.00000,[43],305.59525,0.00000,0.00000
1d6d4876-5654-45ac-beda-8bcbaabdbf67,2013-01-01,0,0.00000,68,DevelopmentType.DIRECT,DietType.INVERTEBRATES,carnivorous_insect_iteroparous,967,True,False,0.01000,active,0.00400,0.00200,0.00400,1.00000,0.00000,0.00000,0.00000,[68],305.59525,0.00000,0.00000
38a8b033-6852-472a-82a5-dd99fc94ead3,2013-01-01,0,0.00000,16,DevelopmentType.DIRECT,DietType.INVERTEBRATES,carnivorous_insect_iteroparous,967,True,False,0.01000,active,0.00400,0.00200,0.00400,1.00000,0.00000,0.00000,0.00000,[16],305.59525,0.00000,0.00000
e55eb6d2-06f0-40bf-9954-2806e4812c3a,2013-01-01,0,0.00000,6,DevelopmentType.DIRECT,DietType.INVERTEBRATES,carnivorous_insect_iteroparous,967,True,False,0.01000,active,0.00400,0.00200,0.00400,1.00000,0.00000,0.00000,0.00000,[6],305.59525,0.00000,0.00000
86178e2c-bf81-4fec-9f40-8cca62f593f2,2013-01-01,0,0.00000,4,DevelopmentType.DIRECT,DietType.INVERTEBRATES,carnivorous_insect_iteroparous,967,True,False,0.01000,active,0.00400,0.00200,0.00400,1.00000,0.00000,0.00000,0.00000,[4],305.59525,0.00000,0.00000
b5ce519d-f432-48c1-895d-4376f94a258f,2013-01-01,0,0.00000,10,DevelopmentType.DIRECT,DietType.INVERTEBRATES,carnivorous_insect_iteroparous,967,True,False,0.01000,active,0.00400,0.00200,0.00400,1.00000,0.00000,0.00000,0.00000,[10],305.59525,0.00000,0.00000
e85000e7-a5b5-4158-82d6-a7b4ea75cd64,2013-01-01,0,0.00000,32,DevelopmentType.DIRECT,DietType.INVERTEBRATES,carnivorous_insect_iteroparous,967,True,False,0.01000,active,0.00400,0.00200,0.00400,1.00000,0.00000,0.00000,0.00000,[32],305.59525,0.00000,0.00000
b351789d-3f17-4686-a6d3-4024f6965b7c,2013-01-01,0,0.00000,63,DevelopmentType.DIRECT,DietType.INVERTEBRATES,carnivorous_insect_iteroparous,967,True,False,0.01000,active,0.00400,0.00200,0.00400,1.00000,0.00000,0.00000,0.00000,[63],305.59525,0.00000,0.00000
42be3953-a0e6-4a89-971a-633421f643c6,2013-01-01,0,0.00000,50,DevelopmentType.DIRECT,DietType.INVERTEBRATES,carnivorous_insect_iteroparous,967,True,False,0.01000,active,0.00400,0.00200,0.00400,1.00000,0.00000,0.00000,0.00000,[50],305.59525,0.00000,0.00000
91436350-6cd1-4b13-80db-832fcecd1c1c,2013-01-01,0,0.00000,22,DevelopmentType.DIRECT,DietType.INVERTEBRATES,carnivorous_insect_iteroparous,967,True,False,0.01000,active,0.00400,0.00200,0.00400,1.00000,0.00000,0.00000,0.00000,[22],305.59525,0.00000,0.00000
1c9e4571-2463-4118-8c22-381750f69ef7,2013-01-01,0,0.00000,54,DevelopmentType.DIRECT,DietType.FOLIAGE|FRUIT,herbivorous_insect_iteroparous,1277,True,False,0.00500,active,0.00200,0.00100,0.00200,1.00000,0.00000,0.00000,0.00000,[54],139.63128,0.00000,0.00000
524deb3f-00c9-4d3a-9a0e-62c949f96a02,2013-01-01,0,0.00000,75,DevelopmentType.DIRECT,DietType.FOLIAGE|FRUIT,herbivorous_insect_iteroparous,1277,True,False,0.00500,active,0.00200,0.00100,0.00200,1.00000,0.00000,0.00000,0.00000,[75],139.63128,0.00000,0.00000
fbcae71c-a44e-4978-87b3-b9d6bb2f14aa,2013-01-01,0,0.00000,60,DevelopmentType.DIRECT,DietType.FOLIAGE|FRUIT,herbivorous_insect_iteroparous,1277,True,False,0.00500,active,0.00200,0.00100,0.00200,1.00000,0.00000,0.00000,0.00000,[60],139.63128,0.00000,0.00000
136bb7ee-48c8-455c-a622-b892dbfbb168,2013-01-01,0,0.00000,68,DevelopmentType.DIRECT,DietType.FOLIAGE|FRUIT,herbivorous_insect_iteroparous,1277,True,False,0.00500,active,0.00200,0.00100,0.00200,1.00000,0.00000,0.00000,0.00000,[68],139.63128,0.00000,0.00000
7f7184a2-3682-46b4-912f-9f7606c66fa1,2013-01-01,0,0.00000,27,DevelopmentType.DIRECT,DietType.FOLIAGE|FRUIT,herbivorous_insect_iteroparous,1277,True,False,0.00500,active,0.00200,0.00100,0.00200,1.00000,0.00000,0.00000,0.00000,[27],139.63128,0.00000,0.00000
687e4178-7522-4ab4-b29b-13f19d5dbcda,2013-01-01,0,0.00000,79,DevelopmentType.DIRECT,DietType.FOLIAGE|FRUIT,herbivorous_insect_iteroparous,1277,True,False,0.00500,active,0.00200,0.00100,0.00200,1.00000,0.00000,0.00000,0.00000,[79],139.63128,0.00000,0.00000
d887d3b1-1d85-457e-9298-ef7bf6279c55,2013-01-01,0,0.00000,58,DevelopmentType.DIRECT,DietType.FOLIAGE|FRUIT,herbivorous_insect_iteroparous,1277,True,False,0.00500,active,0.00200,0.00100,0.00200,1.00000,0.00000,0.00000,0.00000,[58],139.63128,0.00000,0.00000
117a7b3d-85db-4a33-974d-479f2c66c455,2013-01-01,0,0.00000,59,DevelopmentType.DIRECT,DietType.FOLIAGE|FRUIT,herbivorous_insect_iteroparous,1277,True,False,0.00500,active,0.00200,0.00100,0.00200,1.00000,0.00000,0.00000,0.00000,[59],139.63128,0.00000,0.00000
fc327766-b2c7-4dd3-8017-87fa759e7e61,2013-01-01,0,0.00000,37,DevelopmentType.DIRECT,DietType.FOLIAGE|FRUIT,herbivorous_insect_iteroparous,1277,True,False,0.00500,active,0.00200,0.00100,0.00200,1.00000,0.00000,0.00000,0.00000,[37],139.63128,0.00000,0.00000
c06306dd-091e-48d7-a80e-be147ebcd0ec,2013-01-01,0,0.00000,53,DevelopmentType.DIRECT,DietType.FOLIAGE|FRUIT,herbivorous_insect_iteroparous,1277,True,False,0.00500,active,0.00200,0.00100,0.00200,1.00000,0.00000,0.00000,0.00000,[53],139.63128,0.00000,0.00000
8d62d286-b251-40da-95f4-c625c41766a6,2013-01-01,0,0.00000,48,DevelopmentType.DIRECT,DietType.FOLIAGE|FRUIT,herbivorous_insect_iteroparous,1277,True,False,0.00500,active,0.00200,0.00100,0.00200,1.00000,0.00000,0.00000,0.00000,[48],139.63128,0.00000,0.00000
a2ce37b4-455e-4492-9360-e342936cacfb,2013-01-01,0,0.00000,50,DevelopmentType.DIRECT,DietType.FOLIAGE|FRUIT,herbivorous_insect_iteroparous,1277,True,False,0.00500,active,0.00200,0.00100,0.00200,1.00000,0.00000,0.00000,0.00000,[50],139.63128,0.00000,0.00000
aba6b43c-298e-4b94-ba1d-e44d98790750,2013-01-01,0,0.00000,7,DevelopmentType.DIRECT,DietType.FOLIAGE|FRUIT,herbivorous_insect_iteroparous,1277,True,False,0.00500,active,0.00200,0.00100,0.00200,1.00000,0.00000,0.00000,0.00000,[7],139.63128,0.00000,0.00000
490a968f-64de-426c-9c6a-76f6dc671561,2013-01-01,0,0.00000,13,DevelopmentType.DIRECT,DietType.FOLIAGE|FRUIT,herbivorous_insect_iteroparous,1277,True,False,0.00500,active,0.00200,0.00100,0.00200,1.00000,0.00000,0.00000,0.00000,[13],139.63128,0.00000,0.00000
8ef51eae-4503-468b-b55f-08dc3127867f,2013-01-01,0,0.00000,21,DevelopmentType.DIRECT,DietType.FOLIAGE|FRUIT,herbivorous_insect_iteroparous,1277,True,False,0.00500,active,0.00200,0.00100,0.00200,1.00000,0.00000,0.00000,0.00000,[21],139.63128,0.00000,0.00000
b7086ef0-1467-4c7c-8fcb-d64c87243e77,2013-01-01,0,0.00000,49,DevelopmentType.DIRECT,DietType.FOLIAGE|FRUIT,herbivorous_insect_iteroparous,1277,True,False,0.00500,active,0.00200,0.00100,0.00200,1.00000,0.00000,0.00000,0.00000,[49],139.63128,0.00000,0.00000
fd143242-d541-46ec-bb01-bf8fbcb9cee9,2013-01-01,0,0.00000,4,DevelopmentType.DIRECT,DietType.FOLIAGE|FRUIT,herbivorous_insect_iteroparous,1277,True,False,0.00500,active,0.00200,0.00100,0.00200,1.00000,0.00000,0.00000,0.00000,[4],139.63128,0.00000,0.00000
3daf938e-5a72-404d-8b8c-d8df0f3451ae,2013-01-01,0,0.00000,28,DevelopmentType.DIRECT,DietType.FOLIAGE|FRUIT,herbivorous_insect_iteroparous,1277,True,False,0.00500,active,0.00200,0.00100,0.00200,1.00000,0.00000,0.00000,0.00000,[28],139.63128,0.00000,0.00000
526d65dc-d100-42dc-ab09-c6646ee9d14c,2013-01-01,0,0.00000,17,DevelopmentType.DIRECT,DietType.FOLIAGE|FRUIT,herbivorous_insect_iteroparous,1277,True,False,0.00500,active,0.00200,0.00100,0.00200,1.00000,0.00000,0.00000,0.00000,[17],139.63128,0.00000,0.00000
d0e3ec70-d653-4f21-ba32-f57956c0e393,2013-01-01,0,0.00000,24,DevelopmentType.DIRECT,DietType.FOLIAGE|FRUIT,herbivorous_insect_iteroparous,1277,True,False,0.00500,active,0.00200,0.00100,0.00200,1.00000,0.00000,0.00000,0.00000,[24],139.63128,0.00000,0.00000
6739f57d-380a-444c-b528-84d29ef046ba,2013-01-01,0,0.00000,26,DevelopmentType.DIRECT,DietType.FOLIAGE|FRUIT,herbivorous_insect_iteroparous,1277,True,False,0.00500,active,0.00200,0.00100,0.00200,1.00000,0.00000,0.00000,0.00000,[26],139.63128,0.00000,0.00000
99849006-41d0-4574-8053-13d1b2525fda,2013-01-01,0,0.00000,45,DevelopmentType.DIRECT,DietType.FOLIAGE|FRUIT,herbivorous_insect_iteroparous,1277,True,False,0.00500,active,0.00200,0.00100,0.00200,1.00000,0.00000,0.00000,0.00000,[45],139.63128,0.00000,0.00000
fda42729-1b0e-4844-8871-1cfbf6dec48e,2013-01-01,0,0.00000,16,DevelopmentType.DIRECT,DietType.FOLIAGE|FRUIT,herbivorous_insect_iteroparous,1277,True,False,0.00500,active,0.00200,0.00100,0.00200,1.00000,0.00000,0.00000,0.00000,[16],139.63128,0.00000,0.00000
6b04940f-70bf-414c-b60b-703e935e88e3,2013-01-01,0,0.00000,1,DevelopmentType.DIRECT,DietType.FOLIAGE|FRUIT,herbivorous_insect_iteroparous,1277,True,False,0.00500,active,0.00200,0.00100,0.00200,1.00000,0.00000,0.00000,0.00000,[1],139.63128,0.00000,0.00000
a698f327-eeea-463a-879b-3a89e3f958b4,2013-01-01,0,0.00000,64,DevelopmentType.DIRECT,DietType.FOLIAGE|FRUIT,herbivorous_insect_iteroparous,1277,True,False,0.00500,active,0.00200,0.00100,0.00200,1.00000,0.00000,0.00000,0.00000,[64],139.63128,0.00000,0.00000
3175fb4f-a915-4e67-b7b0-c82cbb68c516,2013-01-01,0,0.00000,46,DevelopmentType.DIRECT,DietType.FOLIAGE|FRUIT,herbivorous_insect_iteroparous,1277,True,False,0.00500,active,0.00200,0.00100,0.00200,1.00000,0.00000,0.00000,0.00000,[46],139.63128,0.00000,0.00000
47ae8788-3eca-4f0e-9113-ef3f3a5a640a,2013-01-01,0,0.00000,23,DevelopmentType.DIRECT,DietType.FOLIAGE|FRUIT,herbivorous_insect_iteroparous,1277,True,False,0.00500,active,0.00200,0.00100,0.00200,1.00000,0.00000,0.00000,0.00000,[23],139.63128,0.00000,0.00000
64e448f0-11da-4459-a375-c153ec96d4c5,2013-01-01,0,0.00000,20,DevelopmentType.DIRECT,DietType.FOLIAGE|FRUIT,herbivorous_insect_iteroparous,1277,True,False,0.00500,active,0.00200,0.00100,0.00200,1.00000,0.00000,0.00000,0.00000,[20],139.63128,0.00000,0.00000
ff6c9263-9582-4c6a-a77c-8bdc03cb4f97,2013-01-01,0,0.00000,44,DevelopmentType.DIRECT,DietType.FOLIAGE|FRUIT,herbivorous_insect_iteroparous,1277,True,False,0.00500,active,0.00200,0.00100,0.00200,1.00000,0.00000,0.00000,0.00000,[44],139.63128,0.00000,0.00000
bf5b9a16-dc4a-495a-af68-841b720c59d9,2013-01-01,0,0.00000,14,DevelopmentType.DIRECT,DietType.FOLIAGE|FRUIT,herbivorous_insect_iteroparous,1277,True,False,0.00500,active,0.00200,0.00100,0.00200,1.00000,0.00000,0.00000,0.00000,[14],139.63128,0.00000,0.00000
f4984636-f968-4bdb-9d79-f8ba1d8069ee,2013-01-01,0,0.00000,57,DevelopmentType.DIRECT,DietType.FOLIAGE|FRUIT,herbivorous_insect_iteroparous,1277,True,False,0.00500,active,0.00200,0.00100,0.00200,1.00000,0.00000,0.00000,0.00000,[57],139.63128,0.00000,0.00000
aeff329c-543c-480e-a594-b46ad6cd37ff,2013-01-01,0,0.00000,74,DevelopmentType.DIRECT,DietType.FOLIAGE|FRUIT,herbivorous_insect_iteroparous,1277,True,False,0.00500,active,0.00200,0.00100,0.00200,1.00000,0.00000,0.00000,0.00000,[74],139.63128,0.00000,0.00000
71e69dac-b610-459c-afae-8de8d6f4778b,2013-01-01,0,0.00000,10,DevelopmentType.DIRECT,DietType.FOLIAGE|FRUIT,herbivorous_insect_iteroparous,1277,True,False,0.00500,active,0.00200,0.00100,0.00200,1.00000,0.00000,0.00000,0.00000,[10],139.63128,0.00000,0.00000
26025f4b-b576-465c-83b4-a106a45a0006,2013-01-01,0,0.00000,73,DevelopmentType.DIRECT,DietType.FOLIAGE|FRUIT,herbivorous_insect_iteroparous,1277,True,False,0.00500,active,0.00200,0.00100,0.00200,1.00000,0.00000,0.00000,0.00000,[73],139.63128,0.00000,0.00000
42a5ce43-56ca-46ea-8276-fdeb60a56b8a,2013-01-01,0,0.00000,52,DevelopmentType.DIRECT,DietType.FOLIAGE|FRUIT,herbivorous_insect_iteroparous,1277,True,False,0.00500,active,0.00200,0.00100,0.00200,1.00000,0.00000,0.00000,0.00000,[52],139.63128,0.00000,0.00000
e222dcd1-7a23-423b-ae2b-b0bfe3aec66c,2013-01-01,0,0.00000,11,DevelopmentType.DIRECT,DietType.FOLIAGE|FRUIT,herbivorous_insect_iteroparous,1277,True,False,0.00500,active,0.00200,0.00100,0.00200,1.00000,0.00000,0.00000,0.00000,[11],139.63128,0.00000,0.00000
cfbda8d8-aeba-49a1-af7b-e4f531669315,2013-01-01,0,0.00000,3,DevelopmentType.DIRECT,DietType.FOLIAGE|FRUIT,herbivorous_insect_iteroparous,1277,True,False,0.00500,active,0.00200,0.00100,0.00200,1.00000,0.00000,0.00000,0.00000,[3],139.63128,0.00000,0.00000
e0886369-33ed-430c-90a8-b2dc641a77b2,2013-01-01,0,0.00000,9,DevelopmentType.DIRECT,DietType.FOLIAGE|FRUIT,herbivorous_insect_iteroparous,1277,True,False,0.00500,active,0.00200,0.00100,0.00200,1.00000,0.00000,0.00000,0.00000,[9],139.63128,0.00000,0.00000
82546ede-b72f-43a0-a22e-f2eb75af3f74,2013-01-01,0,0.00000,38,DevelopmentType.DIRECT,DietType.FOLIAGE|FRUIT,herbivorous_insect_iteroparous,1277,True,False,0.00500,active,0.00200,0.00100,0.00200,1.00000,0.00000,0.00000,0.00000,[38],139.63128,0.00000,0.00000
110a4ead-7601-4a63-8b7f-7fe2113a15f8,2013-01-01,0,0.00000,40,DevelopmentType.DIRECT,DietType.FOLIAGE|FRUIT,herbivorous_insect_iteroparous,1277,True,False,0.00500,active,0.00200,0.00100,0.00200,1.00000,0.00000,0.00000,0.00000,[40],139.63128,0.00000,0.00000
c665e674-8af5-431d-804f-6e1506801615,2013-01-01,0,0.00000,61,DevelopmentType.DIRECT,DietType.FOLIAGE|FRUIT,herbivorous_insect_iteroparous,1276,True,False,0.00500,active,0.00200,0.00100,0.00200,1.00000,0.00000,0.00000,0.00000,[61],139.63128,0.00000,0.00000
36d4f39f-7adc-4744-a867-aa9d0e559d4b,2013-01-01,0,0.00000,66,DevelopmentType.DIRECT,DietType.FOLIAGE|FRUIT,herbivorous_insect_iteroparous,1276,True,False,0.00500,active,0.00200,0.00100,0.00200,1.00000,0.00000,0.00000,0.00000,[66],139.63128,0.00000,0.00000
be4058ff-4bdc-4b6a-ae2d-c3aad132f6b6,2013-01-01,0,0.00000,36,DevelopmentType.DIRECT,DietType.FOLIAGE|FRUIT,herbivorous_insect_iteroparous,1276,True,False,0.00500,active,0.00200,0.00100,0.00200,1.00000,0.00000,0.00000,0.00000,[36],139.63128,0.00000,0.00000
5e953c05-e6a2-466c-b754-086554b80197,2013-01-01,0,0.00000,78,DevelopmentType.DIRECT,DietType.FOLIAGE|FRUIT,herbivorous_insect_iteroparous,1276,True,False,0.00500,active,0.00200,0.00100,0.00200,1.00000,0.00000,0.00000,0.00000,[78],139.63128,0.00000,0.00000
e7114a4b-537c-4d3a-9202-61a42153aac2,2013-01-01,0,0.00000,19,DevelopmentType.DIRECT,DietType.FOLIAGE|FRUIT,herbivorous_insect_iteroparous,1276,True,False,0.00500,active,0.00200,0.00100,0.00200,1.00000,0.00000,0.00000,0.00000,[19],139.63128,0.00000,0.00000
61f34b92-754a-472f-a1ab-8159e5ac2942,2013-01-01,0,0.00000,63,DevelopmentType.DIRECT,DietType.FOLIAGE|FRUIT,herbivorous_insect_iteroparous,1276,True,False,0.00500,active,0.00200,0.00100,0.00200,1.00000,0.00000,0.00000,0.00000,[63],139.63128,0.00000,0.00000
e5b0b841-a96f-4228-987d-bf21a8286289,2013-01-01,0,0.00000,5,DevelopmentType.DIRECT,DietType.FOLIAGE|FRUIT,herbivorous_insect_iteroparous,1276,True,False,0.00500,active,0.00200,0.00100,0.00200,1.00000,0.00000,0.00000,0.00000,[5],139.63128,0.00000,0.00000
6ad9395a-d2fd-4d21-a981-8ffad273bf18,2013-01-01,0,0.00000,0,DevelopmentType.DIRECT,DietType.FOLIAGE|FRUIT,herbivorous_insect_iteroparous,1276,True,False,0.00500,active,0.00200,0.00100,0.00200,1.00000,0.00000,0.00000,0.00000,[0],139.63128,0.00000,0.00000
99aed35b-0612-4ea2-b0e8-c5fa807617ce,2013-01-01,0,0.00000,18,DevelopmentType.DIRECT,DietType.FOLIAGE|FRUIT,herbivorous_insect_iteroparous,1276,True,False,0.00500,active,0.00200,0.00100,0.00200,1.00000,0.00000,0.00000,0.00000,[18],139.63128,0.00000,0.00000
2963d6ba-9199-4885-98fa-9e8bee839a7e,2013-01-01,0,0.00000,39,DevelopmentType.DIRECT,DietType.FOLIAGE|FRUIT,herbivorous_insect_iteroparous,1276,True,False,0.00500,active,0.00200,0.00100,0.00200,1.00000,0.00000,0.00000,0.00000,[39],139.63128,0.00000,0.00000
bc803e52-b0af-48c5-81bf-3cdb83de7e62,2013-01-01,0,0.00000,2,DevelopmentType.DIRECT,DietType.FOLIAGE|FRUIT,herbivorous_insect_iteroparous,1276,True,False,0.00500,active,0.00200,0.00100,0.00200,1.00000,0.00000,0.00000,0.00000,[2],139.63128,0.00000,0.00000
f57aa265-f024-4870-a8ed-48016b680fa5,2013-01-01,0,0.00000,65,DevelopmentType.DIRECT,DietType.FOLIAGE|FRUIT,herbivorous_insect_iteroparous,1276,True,False,0.00500,active,0.00200,0.00100,0.00200,1.00000,0.00000,0.00000,0.00000,[65],139.63128,0.00000,0.00000
34526c21-2998-4173-a047-31580b853aec,2013-01-01,0,0.00000,31,DevelopmentType.DIRECT,DietType.FOLIAGE|FRUIT,herbivorous_insect_iteroparous,1276,True,False,0.00500,active,0.00200,0.00100,0.00200,1.00000,0.00000,0.00000,0.00000,[31],139.63128,0.00000,0.00000
675dba2d-ec7e-4bd7-b7f2-6047774f050a,2013-01-01,0,0.00000,35,DevelopmentType.DIRECT,DietType.FOLIAGE|FRUIT,herbivorous_insect_iteroparous,1276,True,False,0.00500,active,0.00200,0.00100,0.00200,1.00000,0.00000,0.00000,0.00000,[35],139.63128,0.00000,0.00000
7c66e2e2-3f20-4460-87d7-7cb8577b8e6d,2013-01-01,0,0.00000,25,DevelopmentType.DIRECT,DietType.FOLIAGE|FRUIT,herbivorous_insect_iteroparous,1276,True,False,0.00500,active,0.00200,0.00100,0.00200,1.00000,0.00000,0.00000,0.00000,[25],139.63128,0.00000,0.00000
722a440b-4622-49bc-ae25-e0f287c78860,2013-01-01,0,0.00000,8,DevelopmentType.DIRECT,DietType.FOLIAGE|FRUIT,herbivorous_insect_iteroparous,1276,True,False,0.00500,active,0.00200,0.00100,0.00200,1.00000,0.00000,0.00000,0.00000,[8],139.63128,0.00000,0.00000
08120e47-7d56-4b23-ad1e-450c696fd2bc,2013-01-01,0,0.00000,70,DevelopmentType.DIRECT,DietType.FOLIAGE|FRUIT,herbivorous_insect_iteroparous,1276,True,False,0.00500,active,0.00200,0.00100,0.00200,1.00000,0.00000,0.00000,0.00000,[70],139.63128,0.00000,0.00000
a478552f-a2ae-49da-b891-a4cc36d96479,2013-01-01,0,0.00000,34,DevelopmentType.DIRECT,DietType.FOLIAGE|FRUIT,herbivorous_insect_iteroparous,1276,True,False,0.00500,active,0.00200,0.00100,0.00200,1.00000,0.00000,0.00000,0.00000,[34],139.63128,0.00000,0.00000
30f4e223-be19-4f84-9efa-fb092772625b,2013-01-01,0,0.00000,32,DevelopmentType.DIRECT,DietType.FOLIAGE|FRUIT,herbivorous_insect_iteroparous,1276,True,False,0.00500,active,0.00200,0.00100,0.00200,1.00000,0.00000,0.00000,0.00000,[32],139.63128,0.00000,0.00000
5f1944a2-a9dc-41c8-94a2-c3626ccad063,2013-01-01,0,0.00000,51,DevelopmentType.DIRECT,DietType.FOLIAGE|FRUIT,herbivorous_insect_iteroparous,1276,True,False,0.00500,active,0.00200,0.00100,0.00200,1.00000,0.00000,0.00000,0.00000,[51],139.63128,0.00000,0.00000
6ce9dcc7-0e8b-413d-8100-d40e051d3ac4,2013-01-01,0,0.00000,33,DevelopmentType.DIRECT,DietType.FOLIAGE|FRUIT,herbivorous_insect_iteroparous,1276,True,False,0.00500,active,0.00200,0.00100,0.00200,1.00000,0.00000,0.00000,0.00000,[33],139.63128,0.00000,0.00000
4bf8c4bd-c7c3-4634-9ec8-cca4707dbd18,2013-01-01,0,0.00000,67,DevelopmentType.DIRECT,DietType.FOLIAGE|FRUIT,herbivorous_insect_iteroparous,1276,True,False,0.00500,active,0.00200,0.00100,0.00200,1.00000,0.00000,0.00000,0.00000,[67],139.63128,0.00000,0.00000
0c47deaa-2e3b-42fc-9c04-e6a6ed929ed1,2013-01-01,0,0.00000,6,DevelopmentType.DIRECT,DietType.FOLIAGE|FRUIT,herbivorous_insect_iteroparous,1276,True,False,0.00500,active,0.00200,0.00100,0.00200,1.00000,0.00000,0.00000,0.00000,[6],139.63128,0.00000,0.00000
bd961cde-4347-4d8a-83ce-766ba2d4c99e,2013-01-01,0,0.00000,69,DevelopmentType.DIRECT,DietType.FOLIAGE|FRUIT,herbivorous_insect_iteroparous,1276,True,False,0.00500,active,0.00200,0.00100,0.00200,1.00000,0.00000,0.00000,0.00000,[69],139.63128,0.00000,0.00000
7fd2237f-4a8b-495d-b64c-d8678df5be8d,2013-01-01,0,0.00000,62,DevelopmentType.DIRECT,DietType.FOLIAGE|FRUIT,herbivorous_insect_iteroparous,1276,True,False,0.00500,active,0.00200,0.00100,0.00200,1.00000,0.00000,0.00000,0.00000,[62],139.63128,0.00000,0.00000
7497a74d-7896-4f77-bcf5-5d05c718419d,2013-01-01,0,0.00000,56,DevelopmentType.DIRECT,DietType.FOLIAGE|FRUIT,herbivorous_insect_iteroparous,1276,True,False,0.00500,active,0.00200,0.00100,0.00200,1.00000,0.00000,0.00000,0.00000,[56],139.63128,0.00000,0.00000
23826552-01a7-4e15-ba27-6ddfeb58d27b,2013-01-01,0,0.00000,29,DevelopmentType.DIRECT,DietType.FOLIAGE|FRUIT,herbivorous_insect_iteroparous,1276,True,False,0.00500,active,0.00200,0.00100,0.00200,1.00000,0.00000,0.00000,0.00000,[29],139.63128,0.00000,0.00000
62dd20d2-db30-4e6a-9e40-771981c06494,2013-01-01,0,0.00000,76,DevelopmentType.DIRECT,DietType.FOLIAGE|FRUIT,herbivorous_insect_iteroparous,1276,True,False,0.00500,active,0.00200,0.00100,0.00200,1.00000,0.00000,0.00000,0.00000,[76],139.63128,0.00000,0.00000
0d1c5a9a-0825-400a-87b2-30f14c7a584e,2013-01-01,0,0.00000,43,DevelopmentType.DIRECT,DietType.FOLIAGE|FRUIT,herbivorous_insect_iteroparous,1276,True,False,0.00500,active,0.00200,0.00100,0.00200,1.00000,0.00000,0.00000,0.00000,[43],139.63128,0.00000,0.00000
65f6a200-b1e2-42c5-9cda-9abb1ba7efb3,2013-01-01,0,0.00000,77,DevelopmentType.DIRECT,DietType.FOLIAGE|FRUIT,herbivorous_insect_iteroparous,1276,True,False,0.00500,active,0.00200,0.00100,0.00200,1.00000,0.00000,0.00000,0.00000,[77],139.63128,0.00000,0.00000
15db6de4-34dc-4a88-bd48-6e075098980e,2013-01-01,0,0.00000,30,DevelopmentType.DIRECT,DietType.FOLIAGE|FRUIT,herbivorous_insect_iteroparous,1276,True,False,0.00500,active,0.00200,0.00100,0.00200,1.00000,0.00000,0.00000,0.00000,[30],139.63128,0.00000,0.00000
6dadd075-705e-487b-b465-592cf4555902,2013-01-01,0,0.00000,72,DevelopmentType.DIRECT,DietType.FOLIAGE|FRUIT,herbivorous_insect_iteroparous,1276,True,False,0.00500,active,0.00200,0.00100,0.00200,1.00000,0.00000,0.00000,0.00000,[72],139.63128,0.00000,0.00000
3d592853-a600-4a77-9e6f-2bb22049aebe,2013-01-01,0,0.00000,80,DevelopmentType.DIRECT,DietType.FOLIAGE|FRUIT,herbivorous_insect_iteroparous,1276,True,False,0.00500,active,0.00200,0.00100,0.00200,1.00000,0.00000,0.00000,0.00000,[80],139.63128,0.00000,0.00000
ee63c19f-aaab-4db9-a847-05777b646970,2013-01-01,0,0.00000,22,DevelopmentType.DIRECT,DietType.FOLIAGE|FRUIT,herbivorous_insect_iteroparous,1276,True,False,0.00500,active,0.00200,0.00100,0.00200,1.00000,0.00000,0.00000,0.00000,[22],139.63128,0.00000,0.00000
aad9d64e-1790-46e6-a1f7-73e19ca814e4,2013-01-01,0,0.00000,55,DevelopmentType.DIRECT,DietType.FOLIAGE|FRUIT,herbivorous_insect_iteroparous,1276,True,False,0.00500,active,0.00200,0.00100,0.00200,1.00000,0.00000,0.00000,0.00000,[55],139.63128,0.00000,0.00000
9a6795c8-9124-426a-9fc8-7732f2b4ab39,2013-01-01,0,0.00000,71,DevelopmentType.DIRECT,DietType.FOLIAGE|FRUIT,herbivorous_insect_iteroparous,1276,True,False,0.00500,active,0.00200,0.00100,0.00200,1.00000,0.00000,0.00000,0.00000,[71],139.63128,0.00000,0.00000
90952566-a01b-40c7-adde-f5097596be09,2013-01-01,0,0.00000,12,DevelopmentType.DIRECT,DietType.FOLIAGE|FRUIT,herbivorous_insect_iteroparous,1276,True,False,0.00500,active,0.00200,0.00100,0.00200,1.00000,0.00000,0.00000,0.00000,[12],139.63128,0.00000,0.00000
89d5b739-3414-4361-828e-f24f4ce81653,2013-01-01,0,0.00000,47,DevelopmentType.DIRECT,DietType.FOLIAGE|FRUIT,herbivorous_insect_iteroparous,1276,True,False,0.00500,active,0.00200,0.00100,0.00200,1.00000,0.00000,0.00000,0.00000,[47],139.63128,0.00000,0.00000
fc345632-b6db-4e55-8bd3-1a7ec5990cbc,2013-01-01,0,0.00000,15,DevelopmentType.DIRECT,DietType.FOLIAGE|FRUIT,herbivorous_insect_iteroparous,1276,True,False,0.00500,active,0.00200,0.00100,0.00200,1.00000,0.00000,0.00000,0.00000,[15],139.63128,0.00000,0.00000
2feb471e-b3bf-4b29-a9f3-107fa768d24f,2013-01-01,0,0.00000,41,DevelopmentType.DIRECT,DietType.FOLIAGE|FRUIT,herbivorous_insect_iteroparous,1276,True,False,0.00500,active,0.00200,0.00100,0.00200,1.00000,0.00000,0.00000,0.00000,[41],139.63128,0.00000,0.00000
69e07cee-7104-4e72-8657-fb43670dd94b,2013-01-01,0,0.00000,42,DevelopmentType.DIRECT,DietType.FOLIAGE|FRUIT,herbivorous_insect_iteroparous,1276,True,False,0.00500,active,0.00200,0.00100,0.00200,1.00000,0.00000,0.00000,0.00000,[42],139.63128,0.00000,0.00000
0216a1f0-3559-411d-b348-d8f49c73adc7,2013-01-01,0,0.00000,36,DevelopmentType.DIRECT,DietType.INVERTEBRATES,carnivorous_insect_semelparous,968,True,False,0.01000,active,0.00400,0.00200,0.00400,1.00000,0.00000,0.00000,0.00000,[36],305.59525,0.00000,0.00000
959f697d-eb3e-4e46-b836-155ff85e64da,2013-01-01,0,0.00000,19,DevelopmentType.DIRECT,DietType.INVERTEBRATES,carnivorous_insect_semelparous,968,True,False,0.01000,active,0.00400,0.00200,0.00400,1.00000,0.00000,0.00000,0.00000,[19],305.59525,0.00000,0.00000
6ad6ae3f-7234-4239-a723-7116c2c744fe,2013-01-01,0,0.00000,67,DevelopmentType.DIRECT,DietType.INVERTEBRATES,carnivorous_insect_semelparous,968,True,False,0.01000,active,0.00400,0.00200,0.00400,1.00000,0.00000,0.00000,0.00000,[67],305.59525,0.00000,0.00000
fe472fc4-c182-42b5-8c1c-4d2f701a80a4,2013-01-01,0,0.00000,23,DevelopmentType.DIRECT,DietType.INVERTEBRATES,carnivorous_insect_semelparous,968,True,False,0.01000,active,0.00400,0.00200,0.00400,1.00000,0.00000,0.00000,0.00000,[23],305.59525,0.00000,0.00000
bdbb003a-0918-4ff1-8de1-9b2ef15d8368,2013-01-01,0,0.00000,37,DevelopmentType.DIRECT,DietType.INVERTEBRATES,carnivorous_insect_semelparous,968,True,False,0.01000,active,0.00400,0.00200,0.00400,1.00000,0.00000,0.00000,0.00000,[37],305.59525,0.00000,0.00000
16c69db7-4225-435c-aeed-1fac33291a0a,2013-01-01,0,0.00000,33,DevelopmentType.DIRECT,DietType.INVERTEBRATES,carnivorous_insect_semelparous,968,True,False,0.01000,active,0.00400,0.00200,0.00400,1.00000,0.00000,0.00000,0.00000,[33],305.59525,0.00000,0.00000
d08d0a9b-c486-45bf-9620-4528a8aee1dc,2013-01-01,0,0.00000,17,DevelopmentType.DIRECT,DietType.INVERTEBRATES,carnivorous_insect_semelparous,968,True,False,0.01000,active,0.00400,0.00200,0.00400,1.00000,0.00000,0.00000,0.00000,[17],305.59525,0.00000,0.00000
f0b6f637-b817-4343-b899-c771d1d9ed60,2013-01-01,0,0.00000,79,DevelopmentType.DIRECT,DietType.INVERTEBRATES,carnivorous_insect_semelparous,968,True,False,0.01000,active,0.00400,0.00200,0.00400,1.00000,0.00000,0.00000,0.00000,[79],305.59525,0.00000,0.00000
15de9aa1-8d5e-4219-ab95-51db18c67b8a,2013-01-01,0,0.00000,13,DevelopmentType.DIRECT,DietType.INVERTEBRATES,carnivorous_insect_semelparous,968,True,False,0.01000,active,0.00400,0.00200,0.00400,1.00000,0.00000,0.00000,0.00000,[13],305.59525,0.00000,0.00000
3d52aac4-31bf-48a3-be68-4f0da2af45a1,2013-01-01,0,0.00000,41,DevelopmentType.DIRECT,DietType.INVERTEBRATES,carnivorous_insect_semelparous,968,True,False,0.01000,active,0.00400,0.00200,0.00400,1.00000,0.00000,0.00000,0.00000,[41],305.59525,0.00000,0.00000
744af3dd-8bc8-4f9a-881c-45c1f0688519,2013-01-01,0,0.00000,57,DevelopmentType.DIRECT,DietType.INVERTEBRATES,carnivorous_insect_semelparous,968,True,False,0.01000,active,0.00400,0.00200,0.00400,1.00000,0.00000,0.00000,0.00000,[57],305.59525,0.00000,0.00000
fa7e4b22-75c0-425b-bc92-3f1da3a13293,2013-01-01,0,0.00000,4,DevelopmentType.DIRECT,DietType.INVERTEBRATES,carnivorous_insect_semelparous,968,True,False,0.01000,active,0.00400,0.00200,0.00400,1.00000,0.00000,0.00000,0.00000,[4],305.59525,0.00000,0.00000
eb6b7bf8-9441-4c1c-9f5e-50b87a1dc5cd,2013-01-01,0,0.00000,55,DevelopmentType.DIRECT,DietType.INVERTEBRATES,carnivorous_insect_semelparous,968,True,False,0.01000,active,0.00400,0.00200,0.00400,1.00000,0.00000,0.00000,0.00000,[55],305.59525,0.00000,0.00000
ed458855-82bf-48f1-bdb8-5142eb90139f,2013-01-01,0,0.00000,76,DevelopmentType.DIRECT,DietType.INVERTEBRATES,carnivorous_insect_semelparous,968,True,False,0.01000,active,0.00400,0.00200,0.00400,1.00000,0.00000,0.00000,0.00000,[76],305.59525,0.00000,0.00000
a44b957a-7861-4fc6-89c2-421b22307e9f,2013-01-01,0,0.00000,18,DevelopmentType.DIRECT,DietType.INVERTEBRATES,carnivorous_insect_semelparous,968,True,False,0.01000,active,0.00400,0.00200,0.00400,1.00000,0.00000,0.00000,0.00000,[18],305.59525,0.00000,0.00000
02f6cb29-c40c-45ef-b3db-95c7e6cb3bab,2013-01-01,0,0.00000,15,DevelopmentType.DIRECT,DietType.INVERTEBRATES,carnivorous_insect_semelparous,968,True,False,0.01000,active,0.00400,0.00200,0.00400,1.00000,0.00000,0.00000,0.00000,[15],305.59525,0.00000,0.00000
4274a81c-681c-4d6d-9b5d-f200385b3aad,2013-01-01,0,0.00000,32,DevelopmentType.DIRECT,DietType.INVERTEBRATES,carnivorous_insect_semelparous,968,True,False,0.01000,active,0.00400,0.00200,0.00400,1.00000,0.00000,0.00000,0.00000,[32],305.59525,0.00000,0.00000
660bee74-e275-4f85-ad0b-ccda6b237a4d,2013-01-01,0,0.00000,40,DevelopmentType.DIRECT,DietType.INVERTEBRATES,carnivorous_insect_semelparous,968,True,False,0.01000,active,0.00400,0.00200,0.00400,1.00000,0.00000,0.00000,0.00000,[40],305.59525,0.00000,0.00000
b7af4d78-5856-485c-ad9b-8aa872ebb738,2013-01-01,0,0.00000,44,DevelopmentType.DIRECT,DietType.INVERTEBRATES,carnivorous_insect_semelparous,968,True,False,0.01000,active,0.00400,0.00200,0.00400,1.00000,0.00000,0.00000,0.00000,[44],305.59525,0.00000,0.00000
359799d9-4b2a-4334-bfa3-42134e428588,2013-01-01,0,0.00000,16,DevelopmentType.DIRECT,DietType.INVERTEBRATES,carnivorous_insect_semelparous,968,True,False,0.01000,active,0.00400,0.00200,0.00400,1.00000,0.00000,0.00000,0.00000,[16],305.59525,0.00000,0.00000
e7d7eb05-8a87-408a-8b3a-2bb1692adb2e,2013-01-01,0,0.00000,56,DevelopmentType.DIRECT,DietType.INVERTEBRATES,carnivorous_insect_semelparous,968,True,False,0.01000,active,0.00400,0.00200,0.00400,1.00000,0.00000,0.00000,0.00000,[56],305.59525,0.00000,0.00000
4d5558fd-bea5-473c-a62d-d3110ec621cd,2013-01-01,0,0.00000,72,DevelopmentType.DIRECT,DietType.INVERTEBRATES,carnivorous_insect_semelparous,968,True,False,0.01000,active,0.00400,0.00200,0.00400,1.00000,0.00000,0.00000,0.00000,[72],305.59525,0.00000,0.00000
a8139a9c-221e-4b1f-a456-87c9f7b79bcf,2013-01-01,0,0.00000,80,DevelopmentType.DIRECT,DietType.INVERTEBRATES,carnivorous_insect_semelparous,968,True,False,0.01000,active,0.00400,0.00200,0.00400,1.00000,0.00000,0.00000,0.00000,[80],305.59525,0.00000,0.00000
e1e027c2-b8fc-4b3c-9844-5e672f506c1e,2013-01-01,0,0.00000,50,DevelopmentType.DIRECT,DietType.INVERTEBRATES,carnivorous_insect_semelparous,968,True,False,0.01000,active,0.00400,0.00200,0.00400,1.00000,0.00000,0.00000,0.00000,[50],305.59525,0.00000,0.00000
28cd9aab-144b-49fb-9d44-c4898c7878fb,2013-01-01,0,0.00000,47,DevelopmentType.DIRECT,DietType.INVERTEBRATES,carnivorous_insect_semelparous,968,True,False,0.01000,active,0.00400,0.00200,0.00400,1.00000,0.00000,0.00000,0.00000,[47],305.59525,0.00000,0.00000
5b7b3de1-e1d6-439c-bf0a-08f56c2aff56,2013-01-01,0,0.00000,78,DevelopmentType.DIRECT,DietType.INVERTEBRATES,carnivorous_insect_semelparous,968,True,False,0.01000,active,0.00400,0.00200,0.00400,1.00000,0.00000,0.00000,0.00000,[78],305.59525,0.00000,0.00000
7e51476e-1469-4400-add0-9507c08ca758,2013-01-01,0,0.00000,71,DevelopmentType.DIRECT,DietType.INVERTEBRATES,carnivorous_insect_semelparous,968,True,False,0.01000,active,0.00400,0.00200,0.00400,1.00000,0.00000,0.00000,0.00000,[71],305.59525,0.00000,0.00000
df1c6b53-8a75-413d-93ff-4e65ec2acdad,2013-01-01,0,0.00000,51,DevelopmentType.DIRECT,DietType.INVERTEBRATES,carnivorous_insect_semelparous,968,True,False,0.01000,active,0.00400,0.00200,0.00400,1.00000,0.00000,0.00000,0.00000,[51],305.59525,0.00000,0.00000
2c1f8b55-fd05-476c-82e5-a2f465669c41,2013-01-01,0,0.00000,11,DevelopmentType.DIRECT,DietType.INVERTEBRATES,carnivorous_insect_semelparous,968,True,False,0.01000,active,0.00400,0.00200,0.00400,1.00000,0.00000,0.00000,0.00000,[11],305.59525,0.00000,0.00000
94e319e3-cd84-4976-be1f-d43e36707032,2013-01-01,0,0.00000,31,DevelopmentType.DIRECT,DietType.INVERTEBRATES,carnivorous_insect_semelparous,968,True,False,0.01000,active,0.00400,0.00200,0.00400,1.00000,0.00000,0.00000,0.00000,[31],305.59525,0.00000,0.00000
92f3a4f7-7cb0-4801-96b8-0e31787faa8d,2013-01-01,0,0.00000,2,DevelopmentType.DIRECT,DietType.INVERTEBRATES,carnivorous_insect_semelparous,968,True,False,0.01000,active,0.00400,0.00200,0.00400,1.00000,0.00000,0.00000,0.00000,[2],305.59525,0.00000,0.00000
4e58c172-4d84-490b-87ca-d6e9ad26bbc4,2013-01-01,0,0.00000,48,DevelopmentType.DIRECT,DietType.INVERTEBRATES,carnivorous_insect_semelparous,968,True,False,0.01000,active,0.00400,0.00200,0.00400,1.00000,0.00000,0.00000,0.00000,[48],305.59525,0.00000,0.00000
164e8dae-f0fb-4761-8343-fdd66caf3494,2013-01-01,0,0.00000,0,DevelopmentType.DIRECT,DietType.INVERTEBRATES,carnivorous_insect_semelparous,968,True,False,0.01000,active,0.00400,0.00200,0.00400,1.00000,0.00000,0.00000,0.00000,[0],305.59525,0.00000,0.00000
ee0f00e5-1e9b-452f-9385-d2a6a0a6d549,2013-01-01,0,0.00000,53,DevelopmentType.DIRECT,DietType.INVERTEBRATES,carnivorous_insect_semelparous,967,True,False,0.01000,active,0.00400,0.00200,0.00400,1.00000,0.00000,0.00000,0.00000,[53],305.59525,0.00000,0.00000
6bb47d02-76cb-4955-ad16-1fd946b8a654,2013-01-01,0,0.00000,46,DevelopmentType.DIRECT,DietType.INVERTEBRATES,carnivorous_insect_semelparous,967,True,False,0.01000,active,0.00400,0.00200,0.00400,1.00000,0.00000,0.00000,0.00000,[46],305.59525,0.00000,0.00000
dbe54c3e-87fb-4c74-ad87-cae2055d51ad,2013-01-01,0,0.00000,39,DevelopmentType.DIRECT,DietType.INVERTEBRATES,carnivorous_insect_semelparous,967,True,False,0.01000,active,0.00400,0.00200,0.00400,1.00000,0.00000,0.00000,0.00000,[39],305.59525,0.00000,0.00000
f7b095f8-cfd6-455d-aa24-9e7132975bf9,2013-01-01,0,0.00000,7,DevelopmentType.DIRECT,DietType.INVERTEBRATES,carnivorous_insect_semelparous,967,True,False,0.01000,active,0.00400,0.00200,0.00400,1.00000,0.00000,0.00000,0.00000,[7],305.59525,0.00000,0.00000
57020d53-5a0c-47b2-a341-707cec7b0f81,2013-01-01,0,0.00000,49,DevelopmentType.DIRECT,DietType.INVERTEBRATES,carnivorous_insect_semelparous,967,True,False,0.01000,active,0.00400,0.00200,0.00400,1.00000,0.00000,0.00000,0.00000,[49],305.59525,0.00000,0.00000
622ef07a-a58f-4d32-80d5-80a0f58de2a0,2013-01-01,0,0.00000,60,DevelopmentType.DIRECT,DietType.INVERTEBRATES,carnivorous_insect_semelparous,967,True,False,0.01000,active,0.00400,0.00200,0.00400,1.00000,0.00000,0.00000,0.00000,[60],305.59525,0.00000,0.00000
252275f6-e4bc-420f-b6ac-1e645f9db30c,2013-01-01,0,0.00000,35,DevelopmentType.DIRECT,DietType.INVERTEBRATES,carnivorous_insect_semelparous,967,True,False,0.01000,active,0.00400,0.00200,0.00400,1.00000,0.00000,0.00000,0.00000,[35],305.59525,0.00000,0.00000
943d06bb-d107-4859-a0b4-4661c0b40553,2013-01-01,0,0.00000,58,DevelopmentType.DIRECT,DietType.INVERTEBRATES,carnivorous_insect_semelparous,967,True,False,0.01000,active,0.00400,0.00200,0.00400,1.00000,0.00000,0.00000,0.00000,[58],305.59525,0.00000,0.00000
3fb2b5e7-5320-48eb-8760-3c753127a95a,2013-01-01,0,0.00000,77,DevelopmentType.DIRECT,DietType.INVERTEBRATES,carnivorous_insect_semelparous,967,True,False,0.01000,active,0.00400,0.00200,0.00400,1.00000,0.00000,0.00000,0.00000,[77],305.59525,0.00000,0.00000
aa0c2372-9287-42f7-8cf2-b3ab4e3ee3a6,2013-01-01,0,0.00000,65,DevelopmentType.DIRECT,DietType.INVERTEBRATES,carnivorous_insect_semelparous,967,True,False,0.01000,active,0.00400,0.00200,0.00400,1.00000,0.00000,0.00000,0.00000,[65],305.59525,0.00000,0.00000
bfefd82a-fbdb-4cf2-8e58-a2457cb0bff1,2013-01-01,0,0.00000,22,DevelopmentType.DIRECT,DietType.INVERTEBRATES,carnivorous_insect_semelparous,967,True,False,0.01000,active,0.00400,0.00200,0.00400,1.00000,0.00000,0.00000,0.00000,[22],305.59525,0.00000,0.00000
fe65ac7e-22ed-4cb6-ba7d-c8b379291043,2013-01-01,0,0.00000,9,DevelopmentType.DIRECT,DietType.INVERTEBRATES,carnivorous_insect_semelparous,967,True,False,0.01000,active,0.00400,0.00200,0.00400,1.00000,0.00000,0.00000,0.00000,[9],305.59525,0.00000,0.00000
cac8fdd3-d91f-4d5f-935c-047b25e09671,2013-01-01,0,0.00000,12,DevelopmentType.DIRECT,DietType.INVERTEBRATES,carnivorous_insect_semelparous,967,True,False,0.01000,active,0.00400,0.00200,0.00400,1.00000,0.00000,0.00000,0.00000,[12],305.59525,0.00000,0.00000
f77b0c7e-b471-42e4-a976-7785a722dde3,2013-01-01,0,0.00000,73,DevelopmentType.DIRECT,DietType.INVERTEBRATES,carnivorous_insect_semelparous,967,True,False,0.01000,active,0.00400,0.00200,0.00400,1.00000,0.00000,0.00000,0.00000,[73],305.59525,0.00000,0.00000
cd47cab1-bc8b-4deb-8718-1028deca616b,2013-01-01,0,0.00000,68,DevelopmentType.DIRECT,DietType.INVERTEBRATES,carnivorous_insect_semelparous,967,True,False,0.01000,active,0.00400,0.00200,0.00400,1.00000,0.00000,0.00000,0.00000,[68],305.59525,0.00000,0.00000
0e34f6aa-a58c-4898-99f6-0cc95db89138,2013-01-01,0,0.00000,21,DevelopmentType.DIRECT,DietType.INVERTEBRATES,carnivorous_insect_semelparous,967,True,False,0.01000,active,0.00400,0.00200,0.00400,1.00000,0.00000,0.00000,0.00000,[21],305.59525,0.00000,0.00000
e714a9c7-5cc3-4114-8b74-fb078aa30268,2013-01-01,0,0.00000,64,DevelopmentType.DIRECT,DietType.INVERTEBRATES,carnivorous_insect_semelparous,967,True,False,0.01000,active,0.00400,0.00200,0.00400,1.00000,0.00000,0.00000,0.00000,[64],305.59525,0.00000,0.00000
3e4c6463-f4a2-4ed9-8a77-8a4967e5d4da,2013-01-01,0,0.00000,62,DevelopmentType.DIRECT,DietType.INVERTEBRATES,carnivorous_insect_semelparous,967,True,False,0.01000,active,0.00400,0.00200,0.00400,1.00000,0.00000,0.00000,0.00000,[62],305.59525,0.00000,0.00000
a0463302-280a-4e1d-8a1f-1efed0652c52,2013-01-01,0,0.00000,34,DevelopmentType.DIRECT,DietType.INVERTEBRATES,carnivorous_insect_semelparous,967,True,False,0.01000,active,0.00400,0.00200,0.00400,1.00000,0.00000,0.00000,0.00000,[34],305.59525,0.00000,0.00000
d43bf5b3-55d6-4a63-b3d0-0b4de18b91b5,2013-01-01,0,0.00000,8,DevelopmentType.DIRECT,DietType.INVERTEBRATES,carnivorous_insect_semelparous,967,True,False,0.01000,active,0.00400,0.00200,0.00400,1.00000,0.00000,0.00000,0.00000,[8],305.59525,0.00000,0.00000
b4b772b4-8494-493c-be9f-8588736f65e9,2013-01-01,0,0.00000,75,DevelopmentType.DIRECT,DietType.INVERTEBRATES,carnivorous_insect_semelparous,967,True,False,0.01000,active,0.00400,0.00200,0.00400,1.00000,0.00000,0.00000,0.00000,[75],305.59525,0.00000,0.00000
17774322-0237-483a-b26e-4960955764e8,2013-01-01,0,0.00000,69,DevelopmentType.DIRECT,DietType.INVERTEBRATES,carnivorous_insect_semelparous,967,True,False,0.01000,active,0.00400,0.00200,0.00400,1.00000,0.00000,0.00000,0.00000,[69],305.59525,0.00000,0.00000
23ff4c19-4dd3-4cb9-9ece-d3f2a70dc981,2013-01-01,0,0.00000,52,DevelopmentType.DIRECT,DietType.INVERTEBRATES,carnivorous_insect_semelparous,967,True,False,0.01000,active,0.00400,0.00200,0.00400,1.00000,0.00000,0.00000,0.00000,[52],305.59525,0.00000,0.00000
ee5ad02e-feec-4ab7-acfd-516d90e64568,2013-01-01,0,0.00000,29,DevelopmentType.DIRECT,DietType.INVERTEBRATES,carnivorous_insect_semelparous,967,True,False,0.01000,active,0.00400,0.00200,0.00400,1.00000,0.00000,0.00000,0.00000,[29],305.59525,0.00000,0.00000
84ff0ddf-b0c7-471a-bc89-2eba5a2a3511,2013-01-01,0,0.00000,63,DevelopmentType.DIRECT,DietType.INVERTEBRATES,carnivorous_insect_semelparous,967,True,False,0.01000,active,0.00400,0.00200,0.00400,1.00000,0.00000,0.00000,0.00000,[63],305.59525,0.00000,0.00000
becd903a-7ff5-4c8f-a1d7-158f2380966b,2013-01-01,0,0.00000,1,DevelopmentType.DIRECT,DietType.INVERTEBRATES,carnivorous_insect_semelparous,967,True,False,0.01000,active,0.00400,0.00200,0.00400,1.00000,0.00000,0.00000,0.00000,[1],305.59525,0.00000,0.00000
53a671fc-6e05-4ffe-be5f-8728edf78e16,2013-01-01,0,0.00000,45,DevelopmentType.DIRECT,DietType.INVERTEBRATES,carnivorous_insect_semelparous,967,True,False,0.01000,active,0.00400,0.00200,0.00400,1.00000,0.00000,0.00000,0.00000,[45],305.59525,0.00000,0.00000
e0022045-9aca-4783-84e9-aa5f4e729e3a,2013-01-01,0,0.00000,70,DevelopmentType.DIRECT,DietType.INVERTEBRATES,carnivorous_insect_semelparous,967,True,False,0.01000,active,0.00400,0.00200,0.00400,1.00000,0.00000,0.00000,0.00000,[70],305.59525,0.00000,0.00000
bbcb9b0c-b741-405d-8a61-80b9fb99d915,2013-01-01,0,0.00000,27,DevelopmentType.DIRECT,DietType.INVERTEBRATES,carnivorous_insect_semelparous,967,True,False,0.01000,active,0.00400,0.00200,0.00400,1.00000,0.00000,0.00000,0.00000,[27],305.59525,0.00000,0.00000
974364a3-8a08-4ecb-ab11-e9943ef1f237,2013-01-01,0,0.00000,10,DevelopmentType.DIRECT,DietType.INVERTEBRATES,carnivorous_insect_semelparous,967,True,False,0.01000,active,0.00400,0.00200,0.00400,1.00000,0.00000,0.00000,0.00000,[10],305.59525,0.00000,0.00000
00577e3f-64cd-48dd-8d9b-e7d675b97c9b,2013-01-01,0,0.00000,59,DevelopmentType.DIRECT,DietType.INVERTEBRATES,carnivorous_insect_semelparous,967,True,False,0.01000,active,0.00400,0.00200,0.00400,1.00000,0.00000,0.00000,0.00000,[59],305.59525,0.00000,0.00000
2bcb2090-60af-4fef-86db-5fa7e98f5d83,2013-01-01,0,0.00000,42,DevelopmentType.DIRECT,DietType.INVERTEBRATES,carnivorous_insect_semelparous,967,True,False,0.01000,active,0.00400,0.00200,0.00400,1.00000,0.00000,0.00000,0.00000,[42],305.59525,0.00000,0.00000
8232a035-4ac2-4cb0-89d3-e4af441f26d0,2013-01-01,0,0.00000,30,DevelopmentType.DIRECT,DietType.INVERTEBRATES,carnivorous_insect_semelparous,967,True,False,0.01000,active,0.00400,0.00200,0.00400,1.00000,0.00000,0.00000,0.00000,[30],305.59525,0.00000,0.00000
c488bf6d-fde6-4bf3-9fb8-273d8d63e42d,2013-01-01,0,0.00000,28,DevelopmentType.DIRECT,DietType.INVERTEBRATES,carnivorous_insect_semelparous,967,True,False,0.01000,active,0.00400,0.00200,0.00400,1.00000,0.00000,0.00000,0.00000,[28],305.59525,0.00000,0.00000
84e4ea18-c84e-4608-bd63-00bf74855170,2013-01-01,0,0.00000,6,DevelopmentType.DIRECT,DietType.INVERTEBRATES,carnivorous_insect_semelparous,967,True,False,0.01000,active,0.00400,0.00200,0.00400,1.00000,0.00000,0.00000,0.00000,[6],305.59525,0.00000,0.00000
f6d62832-cbb2-4cf9-96b4-28dc283953d9,2013-01-01,0,0.00000,74,DevelopmentType.DIRECT,DietType.INVERTEBRATES,carnivorous_insect_semelparous,967,True,False,0.01000,active,0.00400,0.00200,0.00400,1.00000,0.00000,0.00000,0.00000,[74],305.59525,0.00000,0.00000
8e66e9bd-1ff7-47ff-b39b-2a2813213fa8,2013-01-01,0,0.00000,66,DevelopmentType.DIRECT,DietType.INVERTEBRATES,carnivorous_insect_semelparous,967,True,False,0.01000,active,0.00400,0.00200,0.00400,1.00000,0.00000,0.00000,0.00000,[66],305.59525,0.00000,0.00000
ae7cd130-bf25-4e9b-8f32-024b59fe65ae,2013-01-01,0,0.00000,20,DevelopmentType.DIRECT,DietType.INVERTEBRATES,carnivorous_insect_semelparous,967,True,False,0.01000,active,0.00400,0.00200,0.00400,1.00000,0.00000,0.00000,0.00000,[20],305.59525,0.00000,0.00000
26b4f1de-a770-49c9-9ef3-f2ed3ab43a8b,2013-01-01,0,0.00000,25,DevelopmentType.DIRECT,DietType.INVERTEBRATES,carnivorous_insect_semelparous,967,True,False,0.01000,active,0.00400,0.00200,0.00400,1.00000,0.00000,0.00000,0.00000,[25],305.59525,0.00000,0.00000
47bbf57f-92a4-4bc4-9b6e-678f8d43b7f2,2013-01-01,0,0.00000,26,DevelopmentType.DIRECT,DietType.INVERTEBRATES,carnivorous_insect_semelparous,967,True,False,0.01000,active,0.00400,0.00200,0.00400,1.00000,0.00000,0.00000,0.00000,[26],305.59525,0.00000,0.00000
2fc016aa-3dfe-4570-9422-7aaf81167c1d,2013-01-01,0,0.00000,24,DevelopmentType.DIRECT,DietType.INVERTEBRATES,carnivorous_insect_semelparous,967,True,False,0.01000,active,0.00400,0.00200,0.00400,1.00000,0.00000,0.00000,0.00000,[24],305.59525,0.00000,0.00000
f1dcfc2a-7ccc-4d05-9c7c-0796050eb829,2013-01-01,0,0.00000,38,DevelopmentType.DIRECT,DietType.INVERTEBRATES,carnivorous_insect_semelparous,967,True,False,0.01000,active,0.00400,0.00200,0.00400,1.00000,0.00000,0.00000,0.00000,[38],305.59525,0.00000,0.00000
c98bba4a-4c26-4ede-b91f-484d7b84656e,2013-01-01,0,0.00000,14,DevelopmentType.DIRECT,DietType.INVERTEBRATES,carnivorous_insect_semelparous,967,True,False,0.01000,active,0.00400,0.00200,0.00400,1.00000,0.00000,0.00000,0.00000,[14],305.59525,0.00000,0.00000
145bd33e-5de2-4ede-9c40-4406644407de,2013-01-01,0,0.00000,54,DevelopmentType.DIRECT,DietType.INVERTEBRATES,carnivorous_insect_semelparous,967,True,False,0.01000,active,0.00400,0.00200,0.00400,1.00000,0.00000,0.00000,0.00000,[54],305.59525,0.00000,0.00000
ae0ea6ef-d324-466f-9142-d2f8f32667e0,2013-01-01,0,0.00000,5,DevelopmentType.DIRECT,DietType.INVERTEBRATES,carnivorous_insect_semelparous,967,True,False,0.01000,active,0.00400,0.00200,0.00400,1.00000,0.00000,0.00000,0.00000,[5],305.59525,0.00000,0.00000
0001b0b0-be0f-4efe-8726-aa457af44182,2013-01-01,0,0.00000,3,DevelopmentType.DIRECT,DietType.INVERTEBRATES,carnivorous_insect_semelparous,967,True,False,0.01000,active,0.00400,0.00200,0.00400,1.00000,0.00000,0.00000,0.00000,[3],305.59525,0.00000,0.00000
8c0528ec-78fe-498d-861a-6e20e0354817,2013-01-01,0,0.00000,43,DevelopmentType.DIRECT,DietType.INVERTEBRATES,carnivorous_insect_semelparous,967,True,False,0.01000,active,0.00400,0.00200,0.00400,1.00000,0.00000,0.00000,0.00000,[43],305.59525,0.00000,0.00000
59e80ef7-38db-4bf5-8d22-9d30bd06fb0b,2013-01-01,0,0.00000,61,DevelopmentType.DIRECT,DietType.INVERTEBRATES,carnivorous_insect_semelparous,967,True,False,0.01000,active,0.00400,0.00200,0.00400,1.00000,0.00000,0.00000,0.00000,[61],305.59525,0.00000,0.00000
735e372a-3962-494d-974d-5ace9bd35cb8,2013-01-01,0,0.00000,7,DevelopmentType.DIRECT,DietType.FOLIAGE|FRUIT,herbivorous_insect_semelparous,1277,True,False,0.00500,active,0.00200,0.00100,0.00200,1.00000,0.00000,0.00000,0.00000,[7],139.63128,0.00000,0.00000
2d6cdf45-345d-413b-8121-d02065ea66ca,2013-01-01,0,0.00000,58,DevelopmentType.DIRECT,DietType.FOLIAGE|FRUIT,herbivorous_insect_semelparous,1277,True,False,0.00500,active,0.00200,0.00100,0.00200,1.00000,0.00000,0.00000,0.00000,[58],139.63128,0.00000,0.00000
95775c61-0a01-4cd5-8733-f4b366bccffc,2013-01-01,0,0.00000,79,DevelopmentType.DIRECT,DietType.FOLIAGE|FRUIT,herbivorous_insect_semelparous,1277,True,False,0.00500,active,0.00200,0.00100,0.00200,1.00000,0.00000,0.00000,0.00000,[79],139.63128,0.00000,0.00000
39e2b0be-c838-49e2-ac97-40237f1f5e47,2013-01-01,0,0.00000,55,DevelopmentType.DIRECT,DietType.FOLIAGE|FRUIT,herbivorous_insect_semelparous,1277,True,False,0.00500,active,0.00200,0.00100,0.00200,1.00000,0.00000,0.00000,0.00000,[55],139.63128,0.00000,0.00000
9f78c738-4441-4b06-ab30-011d56c1c69d,2013-01-01,0,0.00000,35,DevelopmentType.DIRECT,DietType.FOLIAGE|FRUIT,herbivorous_insect_semelparous,1277,True,False,0.00500,active,0.00200,0.00100,0.00200,1.00000,0.00000,0.00000,0.00000,[35],139.63128,0.00000,0.00000
978603c5-2f8b-4356-9d13-ad91326cbed0,2013-01-01,0,0.00000,39,DevelopmentType.DIRECT,DietType.FOLIAGE|FRUIT,herbivorous_insect_semelparous,1277,True,False,0.00500,active,0.00200,0.00100,0.00200,1.00000,0.00000,0.00000,0.00000,[39],139.63128,0.00000,0.00000
8ac01cb4-80e0-4902-bb33-c7d57abb2f59,2013-01-01,0,0.00000,44,DevelopmentType.DIRECT,DietType.FOLIAGE|FRUIT,herbivorous_insect_semelparous,1277,True,False,0.00500,active,0.00200,0.00100,0.00200,1.00000,0.00000,0.00000,0.00000,[44],139.63128,0.00000,0.00000
e30bd44c-c099-4e5b-b757-a66666f6b1d5,2013-01-01,0,0.00000,41,DevelopmentType.DIRECT,DietType.FOLIAGE|FRUIT,herbivorous_insect_semelparous,1277,True,False,0.00500,active,0.00200,0.00100,0.00200,1.00000,0.00000,0.00000,0.00000,[41],139.63128,0.00000,0.00000
e46261b7-565c-468b-9d3a-652c22b15651,2013-01-01,0,0.00000,52,DevelopmentType.DIRECT,DietType.FOLIAGE|FRUIT,herbivorous_insect_semelparous,1277,True,False,0.00500,active,0.00200,0.00100,0.00200,1.00000,0.00000,0.00000,0.00000,[52],139.63128,0.00000,0.00000
0c21004a-a40d-4812-b2e0-064167d39572,2013-01-01,0,0.00000,32,DevelopmentType.DIRECT,DietType.FOLIAGE|FRUIT,herbivorous_insect_semelparous,1277,True,False,0.00500,active,0.00200,0.00100,0.00200,1.00000,0.00000,0.00000,0.00000,[32],139.63128,0.00000,0.00000
6dc3811d-90e1-4d5e-8cf7-d8d2b6caca28,2013-01-01,0,0.00000,72,DevelopmentType.DIRECT,DietType.FOLIAGE|FRUIT,herbivorous_insect_semelparous,1277,True,False,0.00500,active,0.00200,0.00100,0.00200,1.00000,0.00000,0.00000,0.00000,[72],139.63128,0.00000,0.00000
d486248d-1a9f-44d0-83b0-08c573d60ee9,2013-01-01,0,0.00000,17,DevelopmentType.DIRECT,DietType.FOLIAGE|FRUIT,herbivorous_insect_semelparous,1277,True,False,0.00500,active,0.00200,0.00100,0.00200,1.00000,0.00000,0.00000,0.00000,[17],139.63128,0.00000,0.00000
b8c2b869-cf21-4eaa-897b-f5750ac8d4b9,2013-01-01,0,0.00000,56,DevelopmentType.DIRECT,DietType.FOLIAGE|FRUIT,herbivorous_insect_semelparous,1277,True,False,0.00500,active,0.00200,0.00100,0.00200,1.00000,0.00000,0.00000,0.00000,[56],139.63128,0.00000,0.00000
c1cfef7f-d6e0-4437-8a19-e52b48b0f0b9,2013-01-01,0,0.00000,57,DevelopmentType.DIRECT,DietType.FOLIAGE|FRUIT,herbivorous_insect_semelparous,1277,True,False,0.00500,active,0.00200,0.00100,0.00200,1.00000,0.00000,0.00000,0.00000,[57],139.63128,0.00000,0.00000
e36e00ed-68b6-4798-95e9-84fc5ce0090d,2013-01-01,0,0.00000,60,DevelopmentType.DIRECT,DietType.FOLIAGE|FRUIT,herbivorous_insect_semelparous,1277,True,False,0.00500,active,0.00200,0.00100,0.00200,1.00000,0.00000,0.00000,0.00000,[60],139.63128,0.00000,0.00000
2de23f4a-7023-43e2-b645-a36bf6aa4c75,2013-01-01,0,0.00000,61,DevelopmentType.DIRECT,DietType.FOLIAGE|FRUIT,herbivorous_insect_semelparous,1277,True,False,0.00500,active,0.00200,0.00100,0.00200,1.00000,0.00000,0.00000,0.00000,[61],139.63128,0.00000,0.00000
f20269aa-eae1-454a-8d38-d7c807a9efdf,2013-01-01,0,0.00000,71,DevelopmentType.DIRECT,DietType.FOLIAGE|FRUIT,herbivorous_insect_semelparous,1277,True,False,0.00500,active,0.00200,0.00100,0.00200,1.00000,0.00000,0.00000,0.00000,[71],139.63128,0.00000,0.00000
a393a6f7-bed0-4ebc-a0f2-2a1bf72ecd3e,2013-01-01,0,0.00000,14,DevelopmentType.DIRECT,DietType.FOLIAGE|FRUIT,herbivorous_insect_semelparous,1277,True,False,0.00500,active,0.00200,0.00100,0.00200,1.00000,0.00000,0.00000,0.00000,[14],139.63128,0.00000,0.00000
3a31361a-31b9-4b69-ae53-c969480159c0,2013-01-01,0,0.00000,43,DevelopmentType.DIRECT,DietType.FOLIAGE|FRUIT,herbivorous_insect_semelparous,1277,True,False,0.00500,active,0.00200,0.00100,0.00200,1.00000,0.00000,0.00000,0.00000,[43],139.63128,0.00000,0.00000
9163aabf-5e4d-4d37-a14e-5d49c2673d09,2013-01-01,0,0.00000,36,DevelopmentType.DIRECT,DietType.FOLIAGE|FRUIT,herbivorous_insect_semelparous,1277,True,False,0.00500,active,0.00200,0.00100,0.00200,1.00000,0.00000,0.00000,0.00000,[36],139.63128,0.00000,0.00000
93cebb21-dc1f-4d17-9acc-2a20733a1915,2013-01-01,0,0.00000,22,DevelopmentType.DIRECT,DietType.FOLIAGE|FRUIT,herbivorous_insect_semelparous,1277,True,False,0.00500,active,0.00200,0.00100,0.00200,1.00000,0.00000,0.00000,0.00000,[22],139.63128,0.00000,0.00000
1a3b2147-451b-4c47-9777-cae8c65494ec,2013-01-01,0,0.00000,59,DevelopmentType.DIRECT,DietType.FOLIAGE|FRUIT,herbivorous_insect_semelparous,1277,True,False,0.00500,active,0.00200,0.00100,0.00200,1.00000,0.00000,0.00000,0.00000,[59],139.63128,0.00000,0.00000
71d9b47f-c3fb-41c1-a2fb-49381f56c29b,2013-01-01,0,0.00000,20,DevelopmentType.DIRECT,DietType.FOLIAGE|FRUIT,herbivorous_insect_semelparous,1277,True,False,0.00500,active,0.00200,0.00100,0.00200,1.00000,0.00000,0.00000,0.00000,[20],139.63128,0.00000,0.00000
6f63fe62-1313-4ab2-9873-ea19eeb2b6e2,2013-01-01,0,0.00000,6,DevelopmentType.DIRECT,DietType.FOLIAGE|FRUIT,herbivorous_insect_semelparous,1277,True,False,0.00500,active,0.00200,0.00100,0.00200,1.00000,0.00000,0.00000,0.00000,[6],139.63128,0.00000,0.00000
59a74760-7e47-4f32-b0a3-146891cb4350,2013-01-01,0,0.00000,8,DevelopmentType.DIRECT,DietType.FOLIAGE|FRUIT,herbivorous_insect_semelparous,1277,True,False,0.00500,active,0.00200,0.00100,0.00200,1.00000,0.00000,0.00000,0.00000,[8],139.63128,0.00000,0.00000
954b88e3-5752-4a17-ab59-32f2afb507ed,2013-01-01,0,0.00000,19,DevelopmentType.DIRECT,DietType.FOLIAGE|FRUIT,herbivorous_insect_semelparous,1277,True,False,0.00500,active,0.00200,0.00100,0.00200,1.00000,0.00000,0.00000,0.00000,[19],139.63128,0.00000,0.00000
df07cba2-bf5d-46c0-af50-b8a81da63e49,2013-01-01,0,0.00000,26,DevelopmentType.DIRECT,DietType.FOLIAGE|FRUIT,herbivorous_insect_semelparous,1277,True,False,0.00500,active,0.00200,0.00100,0.00200,1.00000,0.00000,0.00000,0.00000,[26],139.63128,0.00000,0.00000
d0bea183-746e-4732-8d6a-b87621664dc5,2013-01-01,0,0.00000,3,DevelopmentType.DIRECT,DietType.FOLIAGE|FRUIT,herbivorous_insect_semelparous,1277,True,False,0.00500,active,0.00200,0.00100,0.00200,1.00000,0.00000,0.00000,0.00000,[3],139.63128,0.00000,0.00000
69c52acb-aa36-44b1-b49c-06a3b60f8bcf,2013-01-01,0,0.00000,4,DevelopmentType.DIRECT,DietType.FOLIAGE|FRUIT,herbivorous_insect_semelparous,1277,True,False,0.00500,active,0.00200,0.00100,0.00200,1.00000,0.00000,0.00000,0.00000,[4],139.63128,0.00000,0.00000
a907d66d-a81c-4676-b260-600d79b1e138,2013-01-01,0,0.00000,73,DevelopmentType.DIRECT,DietType.FOLIAGE|FRUIT,herbivorous_insect_semelparous,1277,True,False,0.00500,active,0.00200,0.00100,0.00200,1.00000,0.00000,0.00000,0.00000,[73],139.63128,0.00000,0.00000
2f0a4f1d-1fcd-4c3a-a649-bb94fc92150c,2013-01-01,0,0.00000,33,DevelopmentType.DIRECT,DietType.FOLIAGE|FRUIT,herbivorous_insect_semelparous,1277,True,False,0.00500,active,0.00200,0.00100,0.00200,1.00000,0.00000,0.00000,0.00000,[33],139.63128,0.00000,0.00000
62d98a3a-ac81-437d-b4f0-6eeeafe2917f,2013-01-01,0,0.00000,70,DevelopmentType.DIRECT,DietType.FOLIAGE|FRUIT,herbivorous_insect_semelparous,1277,True,False,0.00500,active,0.00200,0.00100,0.00200,1.00000,0.00000,0.00000,0.00000,[70],139.63128,0.00000,0.00000
e32e9ab4-1a80-4130-88e7-35a5a8950b98,2013-01-01,0,0.00000,31,DevelopmentType.DIRECT,DietType.FOLIAGE|FRUIT,herbivorous_insect_semelparous,1277,True,False,0.00500,active,0.00200,0.00100,0.00200,1.00000,0.00000,0.00000,0.00000,[31],139.63128,0.00000,0.00000
51b39619-fb2b-40c3-b2b6-16b11143e6de,2013-01-01,0,0.00000,50,DevelopmentType.DIRECT,DietType.FOLIAGE|FRUIT,herbivorous_insect_semelparous,1277,True,False,0.00500,active,0.00200,0.00100,0.00200,1.00000,0.00000,0.00000,0.00000,[50],139.63128,0.00000,0.00000
97bfedb9-e380-4ff2-9c8f-32bbbd78bf29,2013-01-01,0,0.00000,77,DevelopmentType.DIRECT,DietType.FOLIAGE|FRUIT,herbivorous_insect_semelparous,1277,True,False,0.00500,active,0.00200,0.00100,0.00200,1.00000,0.00000,0.00000,0.00000,[77],139.63128,0.00000,0.00000
fea3fa95-7ed2-4ba0-9c80-8df0a151763c,2013-01-01,0,0.00000,76,DevelopmentType.DIRECT,DietType.FOLIAGE|FRUIT,herbivorous_insect_semelparous,1277,True,False,0.00500,active,0.00200,0.00100,0.00200,1.00000,0.00000,0.00000,0.00000,[76],139.63128,0.00000,0.00000
e43cac20-51a4-4288-8cbb-18cd00a2bb3d,2013-01-01,0,0.00000,9,DevelopmentType.DIRECT,DietType.FOLIAGE|FRUIT,herbivorous_insect_semelparous,1277,True,False,0.00500,active,0.00200,0.00100,0.00200,1.00000,0.00000,0.00000,0.00000,[9],139.63128,0.00000,0.00000
1c2ec46a-ce81-47e4-ab25-bd5f9cc99a69,2013-01-01,0,0.00000,53,DevelopmentType.DIRECT,DietType.FOLIAGE|FRUIT,herbivorous_insect_semelparous,1277,True,False,0.00500,active,0.00200,0.00100,0.00200,1.00000,0.00000,0.00000,0.00000,[53],139.63128,0.00000,0.00000
eb625212-3c97-4001-9a0e-e9f4307120e6,2013-01-01,0,0.00000,64,DevelopmentType.DIRECT,DietType.FOLIAGE|FRUIT,herbivorous_insect_semelparous,1277,True,False,0.00500,active,0.00200,0.00100,0.00200,1.00000,0.00000,0.00000,0.00000,[64],139.63128,0.00000,0.00000
ffcae83b-14ef-4c34-8038-24c23d7a10ca,2013-01-01,0,0.00000,12,DevelopmentType.DIRECT,DietType.FOLIAGE|FRUIT,herbivorous_insect_semelparous,1277,True,False,0.00500,active,0.00200,0.00100,0.00200,1.00000,0.00000,0.00000,0.00000,[12],139.63128,0.00000,0.00000
00bb0fa0-c576-4f2d-b4ea-230219747760,2013-01-01,0,0.00000,40,DevelopmentType.DIRECT,DietType.FOLIAGE|FRUIT,herbivorous_insect_semelparous,1276,True,False,0.00500,active,0.00200,0.00100,0.00200,1.00000,0.00000,0.00000,0.00000,[40],139.63128,0.00000,0.00000
4d269456-fe2e-4e38-acf8-01b05c9db5d2,2013-01-01,0,0.00000,29,DevelopmentType.DIRECT,DietType.FOLIAGE|FRUIT,herbivorous_insect_semelparous,1276,True,False,0.00500,active,0.00200,0.00100,0.00200,1.00000,0.00000,0.00000,0.00000,[29],139.63128,0.00000,0.00000
18aefb9a-5e21-4e53-ba75-6d6993e152df,2013-01-01,0,0.00000,65,DevelopmentType.DIRECT,DietType.FOLIAGE|FRUIT,herbivorous_insect_semelparous,1276,True,False,0.00500,active,0.00200,0.00100,0.00200,1.00000,0.00000,0.00000,0.00000,[65],139.63128,0.00000,0.00000
0cb76633-0fa7-4659-8319-491eb36da9d0,2013-01-01,0,0.00000,30,DevelopmentType.DIRECT,DietType.FOLIAGE|FRUIT,herbivorous_insect_semelparous,1276,True,False,0.00500,active,0.00200,0.00100,0.00200,1.00000,0.00000,0.00000,0.00000,[30],139.63128,0.00000,0.00000
27b92ea8-a9ed-4d24-8a6d-2c195db490ab,2013-01-01,0,0.00000,69,DevelopmentType.DIRECT,DietType.FOLIAGE|FRUIT,herbivorous_insect_semelparous,1276,True,False,0.00500,active,0.00200,0.00100,0.00200,1.00000,0.00000,0.00000,0.00000,[69],139.63128,0.00000,0.00000
65cc47f3-31b9-4c91-a1f1-182143f1e3a8,2013-01-01,0,0.00000,25,DevelopmentType.DIRECT,DietType.FOLIAGE|FRUIT,herbivorous_insect_semelparous,1276,True,False,0.00500,active,0.00200,0.00100,0.00200,1.00000,0.00000,0.00000,0.00000,[25],139.63128,0.00000,0.00000
67a0ecb1-aef1-403c-b066-f9ecfa8543b0,2013-01-01,0,0.00000,63,DevelopmentType.DIRECT,DietType.FOLIAGE|FRUIT,herbivorous_insect_semelparous,1276,True,False,0.00500,active,0.00200,0.00100,0.00200,1.00000,0.00000,0.00000,0.00000,[63],139.63128,0.00000,0.00000
1e464f9f-5906-4467-8161-36e91b347088,2013-01-01,0,0.00000,21,DevelopmentType.DIRECT,DietType.FOLIAGE|FRUIT,herbivorous_insect_semelparous,1276,True,False,0.00500,active,0.00200,0.00100,0.00200,1.00000,0.00000,0.00000,0.00000,[21],139.63128,0.00000,0.00000
e3cd4a11-3e8a-469b-8cc7-f42d00e430de,2013-01-01,0,0.00000,62,DevelopmentType.DIRECT,DietType.FOLIAGE|FRUIT,herbivorous_insect_semelparous,1276,True,False,0.00500,active,0.00200,0.00100,0.00200,1.00000,0.00000,0.00000,0.00000,[62],139.63128,0.00000,0.00000
33bc22d0-56ce-4b4c-bbfb-49a97030355a,2013-01-01,0,0.00000,54,DevelopmentType.DIRECT,DietType.FOLIAGE|FRUIT,herbivorous_insect_semelparous,1276,True,False,0.00500,active,0.00200,0.00100,0.00200,1.00000,0.00000,0.00000,0.00000,[54],139.63128,0.00000,0.00000
4e3d96e3-ba35-4024-bc3a-e5c5028fa335,2013-01-01,0,0.00000,46,DevelopmentType.DIRECT,DietType.FOLIAGE|FRUIT,herbivorous_insect_semelparous,1276,True,False,0.00500,active,0.00200,0.00100,0.00200,1.00000,0.00000,0.00000,0.00000,[46],139.63128,0.00000,0.00000
1a0fdcbe-83a9-4d93-b4b6-79340750b5ab,2013-01-01,0,0.00000,11,DevelopmentType.DIRECT,DietType.FOLIAGE|FRUIT,herbivorous_insect_semelparous,1276,True,False,0.00500,active,0.00200,0.00100,0.00200,1.00000,0.00000,0.00000,0.00000,[11],139.63128,0.00000,0.00000
9645d4df-5ef2-4eca-9f93-b662a6fafa12,2013-01-01,0,0.00000,18,DevelopmentType.DIRECT,DietType.FOLIAGE|FRUIT,herbivorous_insect_semelparous,1276,True,False,0.00500,active,0.00200,0.00100,0.00200,1.00000,0.00000,0.00000,0.00000,[18],139.63128,0.00000,0.00000
69594648-9a18-4c96-a6a6-029d788d1007,2013-01-01,0,0.00000,49,DevelopmentType.DIRECT,DietType.FOLIAGE|FRUIT,herbivorous_insect_semelparous,1276,True,False,0.00500,active,0.00200,0.00100,0.00200,1.00000,0.00000,0.00000,0.00000,[49],139.63128,0.00000,0.00000
f10fb73e-6546-4357-85cc-aefeb0d9d7b8,2013-01-01,0,0.00000,1,DevelopmentType.DIRECT,DietType.FOLIAGE|FRUIT,herbivorous_insect_semelparous,1276,True,False,0.00500,active,0.00200,0.00100,0.00200,1.00000,0.00000,0.00000,0.00000,[1],139.63128,0.00000,0.00000
0899832e-3ff1-4e88-89f8-bc11dba2e7d7,2013-01-01,0,0.00000,5,DevelopmentType.DIRECT,DietType.FOLIAGE|FRUIT,herbivorous_insect_semelparous,1276,True,False,0.00500,active,0.00200,0.00100,0.00200,1.00000,0.00000,0.00000,0.00000,[5],139.63128,0.00000,0.00000
7dcb285d-001f-41b4-8a47-35efbc77b412,2013-01-01,0,0.00000,28,DevelopmentType.DIRECT,DietType.FOLIAGE|FRUIT,herbivorous_insect_semelparous,1276,True,False,0.00500,active,0.00200,0.00100,0.00200,1.00000,0.00000,0.00000,0.00000,[28],139.63128,0.00000,0.00000
70646869-c030-4664-815c-84143c77d4dc,2013-01-01,0,0.00000,27,DevelopmentType.DIRECT,DietType.FOLIAGE|FRUIT,herbivorous_insect_semelparous,1276,True,False,0.00500,active,0.00200,0.00100,0.00200,1.00000,0.00000,0.00000,0.00000,[27],139.63128,0.00000,0.00000
60bfb4b8-1e8f-44cf-86cd-1552282b8f46,2013-01-01,0,0.00000,24,DevelopmentType.DIRECT,DietType.FOLIAGE|FRUIT,herbivorous_insect_semelparous,1276,True,False,0.00500,active,0.00200,0.00100,0.00200,1.00000,0.00000,0.00000,0.00000,[24],139.63128,0.00000,0.00000
cd697aff-6573-4364-9fc6-a92d7b0121e9,2013-01-01,0,0.00000,34,DevelopmentType.DIRECT,DietType.FOLIAGE|FRUIT,herbivorous_insect_semelparous,1276,True,False,0.00500,active,0.00200,0.00100,0.00200,1.00000,0.00000,0.00000,0.00000,[34],139.63128,0.00000,0.00000
b65c86b8-237c-4648-873c-045e932426ca,2013-01-01,0,0.00000,78,DevelopmentType.DIRECT,DietType.FOLIAGE|FRUIT,herbivorous_insect_semelparous,1276,True,False,0.00500,active,0.00200,0.00100,0.00200,1.00000,0.00000,0.00000,0.00000,[78],139.63128,0.00000,0.00000
96397594-c6ea-4e23-a119-cd29cb13e99e,2013-01-01,0,0.00000,37,DevelopmentType.DIRECT,DietType.FOLIAGE|FRUIT,herbivorous_insect_semelparous,1276,True,False,0.00500,active,0.00200,0.00100,0.00200,1.00000,0.00000,0.00000,0.00000,[37],139.63128,0.00000,0.00000
1684ec2d-fd19-4f81-a02b-b260b3dcf396,2013-01-01,0,0.00000,42,DevelopmentType.DIRECT,DietType.FOLIAGE|FRUIT,herbivorous_insect_semelparous,1276,True,False,0.00500,active,0.00200,0.00100,0.00200,1.00000,0.00000,0.00000,0.00000,[42],139.63128,0.00000,0.00000
ac6dcda0-4f33-44d5-88cf-bc0cec5d900d,2013-01-01,0,0.00000,13,DevelopmentType.DIRECT,DietType.FOLIAGE|FRUIT,herbivorous_insect_semelparous,1276,True,False,0.00500,active,0.00200,0.00100,0.00200,1.00000,0.00000,0.00000,0.00000,[13],139.63128,0.00000,0.00000
99d5b96a-afbc-46bd-b1ea-8f1841b6855c,2013-01-01,0,0.00000,38,DevelopmentType.DIRECT,DietType.FOLIAGE|FRUIT,herbivorous_insect_semelparous,1276,True,False,0.00500,active,0.00200,0.00100,0.00200,1.00000,0.00000,0.00000,0.00000,[38],139.63128,0.00000,0.00000
7692dc80-955c-4be1-ae8a-42c2f58bf7e4,2013-01-01,0,0.00000,47,DevelopmentType.DIRECT,DietType.FOLIAGE|FRUIT,herbivorous_insect_semelparous,1276,True,False,0.00500,active,0.00200,0.00100,0.00200,1.00000,0.00000,0.00000,0.00000,[47],139.63128,0.00000,0.00000
c854402f-901f-47e0-8ea1-75d5688971c7,2013-01-01,0,0.00000,68,DevelopmentType.DIRECT,DietType.FOLIAGE|FRUIT,herbivorous_insect_semelparous,1276,True,False,0.00500,active,0.00200,0.00100,0.00200,1.00000,0.00000,0.00000,0.00000,[68],139.63128,0.00000,0.00000
0d7cd820-c1df-4017-88ac-38e3bebcd967,2013-01-01,0,0.00000,75,DevelopmentType.DIRECT,DietType.FOLIAGE|FRUIT,herbivorous_insect_semelparous,1276,True,False,0.00500,active,0.00200,0.00100,0.00200,1.00000,0.00000,0.00000,0.00000,[75],139.63128,0.00000,0.00000
9a16661e-a210-4976-9eb6-b14940ab6136,2013-01-01,0,0.00000,15,DevelopmentType.DIRECT,DietType.FOLIAGE|FRUIT,herbivorous_insect_semelparous,1276,True,False,0.00500,active,0.00200,0.00100,0.00200,1.00000,0.00000,0.00000,0.00000,[15],139.63128,0.00000,0.00000
13ca7d92-d152-4639-a4ce-01247985a97a,2013-01-01,0,0.00000,67,DevelopmentType.DIRECT,DietType.FOLIAGE|FRUIT,herbivorous_insect_semelparous,1276,True,False,0.00500,active,0.00200,0.00100,0.00200,1.00000,0.00000,0.00000,0.00000,[67],139.63128,0.00000,0.00000
9f52cd07-5d7b-4b92-9e30-602fff9c8c08,2013-01-01,0,0.00000,2,DevelopmentType.DIRECT,DietType.FOLIAGE|FRUIT,herbivorous_insect_semelparous,1276,True,False,0.00500,active,0.00200,0.00100,0.00200,1.00000,0.00000,0.00000,0.00000,[2],139.63128,0.00000,0.00000
f04f192e-e7cf-4f69-8afb-c8404ced9c5e,2013-01-01,0,0.00000,45,DevelopmentType.DIRECT,DietType.FOLIAGE|FRUIT,herbivorous_insect_semelparous,1276,True,False,0.00500,active,0.00200,0.00100,0.00200,1.00000,0.00000,0.00000,0.00000,[45],139.63128,0.00000,0.00000
aa9dedc6-08f8-4a56-a573-bfec260cbcd3,2013-01-01,0,0.00000,0,DevelopmentType.DIRECT,DietType.FOLIAGE|FRUIT,herbivorous_insect_semelparous,1276,True,False,0.00500,active,0.00200,0.00100,0.00200,1.00000,0.00000,0.00000,0.00000,[0],139.63128,0.00000,0.00000
a24d313f-a6d5-4a6a-9211-13a908348c04,2013-01-01,0,0.00000,48,DevelopmentType.DIRECT,DietType.FOLIAGE|FRUIT,herbivorous_insect_semelparous,1276,True,False,0.00500,active,0.00200,0.00100,0.00200,1.00000,0.00000,0.00000,0.00000,[48],139.63128,0.00000,0.00000
00d89895-be53-430e-b12b-528a22b8c265,2013-01-01,0,0.00000,10,DevelopmentType.DIRECT,DietType.FOLIAGE|FRUIT,herbivorous_insect_semelparous,1276,True,False,0.00500,active,0.00200,0.00100,0.00200,1.00000,0.00000,0.00000,0.00000,[10],139.63128,0.00000,0.00000
4dfc3393-ac5a-44a4-a0c3-112555793d68,2013-01-01,0,0.00000,16,DevelopmentType.DIRECT,DietType.FOLIAGE|FRUIT,herbivorous_insect_semelparous,1276,True,False,0.00500,active,0.00200,0.00100,0.00200,1.00000,0.00000,0.00000,0.00000,[16],139.63128,0.00000,0.00000
98d5f36c-f7e4-4948-ba45-e8893c069231,2013-01-01,0,0.00000,66,DevelopmentType.DIRECT,DietType.FOLIAGE|FRUIT,herbivorous_insect_semelparous,1276,True,False,0.00500,active,0.00200,0.00100,0.00200,1.00000,0.00000,0.00000,0.00000,[66],139.63128,0.00000,0.00000
3e85b1b7-1c83-4e1c-b43c-4441096ed510,2013-01-01,0,0.00000,23,DevelopmentType.DIRECT,DietType.FOLIAGE|FRUIT,herbivorous_insect_semelparous,1276,True,False,0.00500,active,0.00200,0.00100,0.00200,1.00000,0.00000,0.00000,0.00000,[23],139.63128,0.00000,0.00000
8af2a751-04c2-497f-a1a0-5459ee19ea7c,2013-01-01,0,0.00000,51,DevelopmentType.DIRECT,DietType.FOLIAGE|FRUIT,herbivorous_insect_semelparous,1276,True,False,0.00500,active,0.00200,0.00100,0.00200,1.00000,0.00000,0.00000,0.00000,[51],139.63128,0.00000,0.00000
9bc9ea77-ed22-4ad1-8aaa-293d83779954,2013-01-01,0,0.00000,74,DevelopmentType.DIRECT,DietType.FOLIAGE|FRUIT,herbivorous_insect_semelparous,1276,True,False,0.00500,active,0.00200,0.00100,0.00200,1.00000,0.00000,0.00000,0.00000,[74],139.63128,0.00000,0.00000
7f85c47f-d5c9-44d1-81d6-e7bc73ff1719,2013-01-01,0,0.00000,80,DevelopmentType.DIRECT,DietType.FOLIAGE|FRUIT,herbivorous_insect_semelparous,1276,True,False,0.00500,active,0.00200,0.00100,0.00200,1.00000,0.00000,0.00000,0.00000,[80],139.63128,0.00000,0.00000
a6eadc00-204a-490e-b54d-678e1a460c97,2013-01-01,0,0.00000,1,DevelopmentType.INDIRECT,DietType.FOLIAGE|FRUIT,butterfly,1277,True,False,0.00500,active,0.00200,0.00100,0.00200,1.00000,0.00000,0.00000,0.00000,[1],139.63128,0.00000,0.00000
7e9037b5-8478-4dca-a4f9-c9b5cc18c0c2,2013-01-01,0,0.00000,52,DevelopmentType.INDIRECT,DietType.FOLIAGE|FRUIT,butterfly,1277,True,False,0.00500,active,0.00200,0.00100,0.00200,1.00000,0.00000,0.00000,0.00000,[52],139.63128,0.00000,0.00000
b313e34b-ae25-4edf-8f5a-e4e27019f244,2013-01-01,0,0.00000,43,DevelopmentType.INDIRECT,DietType.FOLIAGE|FRUIT,butterfly,1277,True,False,0.00500,active,0.00200,0.00100,0.00200,1.00000,0.00000,0.00000,0.00000,[43],139.63128,0.00000,0.00000
0fc87e64-082f-40e6-8b99-e1dda286c026,2013-01-01,0,0.00000,30,DevelopmentType.INDIRECT,DietType.FOLIAGE|FRUIT,butterfly,1277,True,False,0.00500,active,0.00200,0.00100,0.00200,1.00000,0.00000,0.00000,0.00000,[30],139.63128,0.00000,0.00000
171e6429-6943-4a62-b677-5018e4570708,2013-01-01,0,0.00000,56,DevelopmentType.INDIRECT,DietType.FOLIAGE|FRUIT,butterfly,1277,True,False,0.00500,active,0.00200,0.00100,0.00200,1.00000,0.00000,0.00000,0.00000,[56],139.63128,0.00000,0.00000
e4858d3d-c5dc-4a59-a04c-ffe582d1e737,2013-01-01,0,0.00000,75,DevelopmentType.INDIRECT,DietType.FOLIAGE|FRUIT,butterfly,1277,True,False,0.00500,active,0.00200,0.00100,0.00200,1.00000,0.00000,0.00000,0.00000,[75],139.63128,0.00000,0.00000
8563ccb6-1ee5-442c-9c5a-90ba86d3bac5,2013-01-01,0,0.00000,5,DevelopmentType.INDIRECT,DietType.FOLIAGE|FRUIT,butterfly,1277,True,False,0.00500,active,0.00200,0.00100,0.00200,1.00000,0.00000,0.00000,0.00000,[5],139.63128,0.00000,0.00000
38671b2a-5a49-4987-9991-b332531c996c,2013-01-01,0,0.00000,7,DevelopmentType.INDIRECT,DietType.FOLIAGE|FRUIT,butterfly,1277,True,False,0.00500,active,0.00200,0.00100,0.00200,1.00000,0.00000,0.00000,0.00000,[7],139.63128,0.00000,0.00000
ed47d65a-663e-4097-91dc-d2c139713841,2013-01-01,0,0.00000,76,DevelopmentType.INDIRECT,DietType.FOLIAGE|FRUIT,butterfly,1277,True,False,0.00500,active,0.00200,0.00100,0.00200,1.00000,0.00000,0.00000,0.00000,[76],139.63128,0.00000,0.00000
a8899765-eef2-45c4-bf0e-69dd3b95c83d,2013-01-01,0,0.00000,61,DevelopmentType.INDIRECT,DietType.FOLIAGE|FRUIT,butterfly,1277,True,False,0.00500,active,0.00200,0.00100,0.00200,1.00000,0.00000,0.00000,0.00000,[61],139.63128,0.00000,0.00000
addd3376-c6c9-4e11-ac35-8ba388d22a81,2013-01-01,0,0.00000,58,DevelopmentType.INDIRECT,DietType.FOLIAGE|FRUIT,butterfly,1277,True,False,0.00500,active,0.00200,0.00100,0.00200,1.00000,0.00000,0.00000,0.00000,[58],139.63128,0.00000,0.00000
6cd96db1-f125-47b6-8162-94781fcce192,2013-01-01,0,0.00000,46,DevelopmentType.INDIRECT,DietType.FOLIAGE|FRUIT,butterfly,1277,True,False,0.00500,active,0.00200,0.00100,0.00200,1.00000,0.00000,0.00000,0.00000,[46],139.63128,0.00000,0.00000
13af5f6a-2c4f-44be-94c9-7fd0290633d8,2013-01-01,0,0.00000,40,DevelopmentType.INDIRECT,DietType.FOLIAGE|FRUIT,butterfly,1277,True,False,0.00500,active,0.00200,0.00100,0.00200,1.00000,0.00000,0.00000,0.00000,[40],139.63128,0.00000,0.00000
e30a7da4-51b0-4f17-a850-d37336f125da,2013-01-01,0,0.00000,54,DevelopmentType.INDIRECT,DietType.FOLIAGE|FRUIT,butterfly,1277,True,False,0.00500,active,0.00200,0.00100,0.00200,1.00000,0.00000,0.00000,0.00000,[54],139.63128,0.00000,0.00000
618f3ef1-1a72-4ca2-a9d1-f4323faf84c5,2013-01-01,0,0.00000,31,DevelopmentType.INDIRECT,DietType.FOLIAGE|FRUIT,butterfly,1277,True,False,0.00500,active,0.00200,0.00100,0.00200,1.00000,0.00000,0.00000,0.00000,[31],139.63128,0.00000,0.00000
5e8ef933-0b4f-4aa9-99d3-9dc5588e8fa2,2013-01-01,0,0.00000,78,DevelopmentType.INDIRECT,DietType.FOLIAGE|FRUIT,butterfly,1277,True,False,0.00500,active,0.00200,0.00100,0.00200,1.00000,0.00000,0.00000,0.00000,[78],139.63128,0.00000,0.00000
a430cfb6-69d4-4315-9409-47881340fdc0,2013-01-01,0,0.00000,49,DevelopmentType.INDIRECT,DietType.FOLIAGE|FRUIT,butterfly,1277,True,False,0.00500,active,0.00200,0.00100,0.00200,1.00000,0.00000,0.00000,0.00000,[49],139.63128,0.00000,0.00000
0ae85d99-6d8c-4944-892f-c6de7d89400d,2013-01-01,0,0.00000,65,DevelopmentType.INDIRECT,DietType.FOLIAGE|FRUIT,butterfly,1277,True,False,0.00500,active,0.00200,0.00100,0.00200,1.00000,0.00000,0.00000,0.00000,[65],139.63128,0.00000,0.00000
8dda4f24-5a41-45f0-8697-ca177761d5ff,2013-01-01,0,0.00000,24,DevelopmentType.INDIRECT,DietType.FOLIAGE|FRUIT,butterfly,1277,True,False,0.00500,active,0.00200,0.00100,0.00200,1.00000,0.00000,0.00000,0.00000,[24],139.63128,0.00000,0.00000
5d430ac8-6d03-45cf-88cc-a65079bf91c5,2013-01-01,0,0.00000,4,DevelopmentType.INDIRECT,DietType.FOLIAGE|FRUIT,butterfly,1277,True,False,0.00500,active,0.00200,0.00100,0.00200,1.00000,0.00000,0.00000,0.00000,[4],139.63128,0.00000,0.00000
994ec5fd-a008-41f2-a6f3-3a9f2a8d34ef,2013-01-01,0,0.00000,3,DevelopmentType.INDIRECT,DietType.FOLIAGE|FRUIT,butterfly,1277,True,False,0.00500,active,0.00200,0.00100,0.00200,1.00000,0.00000,0.00000,0.00000,[3],139.63128,0.00000,0.00000
a0e501bc-7e76-4dad-86fe-1fd26cada388,2013-01-01,0,0.00000,21,DevelopmentType.INDIRECT,DietType.FOLIAGE|FRUIT,butterfly,1277,True,False,0.00500,active,0.00200,0.00100,0.00200,1.00000,0.00000,0.00000,0.00000,[21],139.63128,0.00000,0.00000
2fbf0a37-caf9-4607-be7e-0bd94233d624,2013-01-01,0,0.00000,20,DevelopmentType.INDIRECT,DietType.FOLIAGE|FRUIT,butterfly,1277,True,False,0.00500,active,0.00200,0.00100,0.00200,1.00000,0.00000,0.00000,0.00000,[20],139.63128,0.00000,0.00000
965ee9be-2136-46d4-af74-d8640b992135,2013-01-01,0,0.00000,50,DevelopmentType.INDIRECT,DietType.FOLIAGE|FRUIT,butterfly,1277,True,False,0.00500,active,0.00200,0.00100,0.00200,1.00000,0.00000,0.00000,0.00000,[50],139.63128,0.00000,0.00000
26aff385-3999-4e04-9fa7-bc28fe8b2d22,2013-01-01,0,0.00000,80,DevelopmentType.INDIRECT,DietType.FOLIAGE|FRUIT,butterfly,1277,True,False,0.00500,active,0.00200,0.00100,0.00200,1.00000,0.00000,0.00000,0.00000,[80],139.63128,0.00000,0.00000
2b2a099e-59b1-4aa8-b378-45251733fff5,2013-01-01,0,0.00000,68,DevelopmentType.INDIRECT,DietType.FOLIAGE|FRUIT,butterfly,1277,True,False,0.00500,active,0.00200,0.00100,0.00200,1.00000,0.00000,0.00000,0.00000,[68],139.63128,0.00000,0.00000
b335fe8a-74ec-49e5-820a-5663aaefb8bd,2013-01-01,0,0.00000,74,DevelopmentType.INDIRECT,DietType.FOLIAGE|FRUIT,butterfly,1277,True,False,0.00500,active,0.00200,0.00100,0.00200,1.00000,0.00000,0.00000,0.00000,[74],139.63128,0.00000,0.00000
8264ebdf-7d76-4e06-9735-e869953bb082,2013-01-01,0,0.00000,36,DevelopmentType.INDIRECT,DietType.FOLIAGE|FRUIT,butterfly,1277,True,False,0.00500,active,0.00200,0.00100,0.00200,1.00000,0.00000,0.00000,0.00000,[36],139.63128,0.00000,0.00000
3e5bd1b4-9c34-48ab-bdeb-a8e5e5f274f3,2013-01-01,0,0.00000,35,DevelopmentType.INDIRECT,DietType.FOLIAGE|FRUIT,butterfly,1277,True,False,0.00500,active,0.00200,0.00100,0.00200,1.00000,0.00000,0.00000,0.00000,[35],139.63128,0.00000,0.00000
ac6299f8-efe3-4148-97e9-fff7628e88dc,2013-01-01,0,0.00000,47,DevelopmentType.INDIRECT,DietType.FOLIAGE|FRUIT,butterfly,1277,True,False,0.00500,active,0.00200,0.00100,0.00200,1.00000,0.00000,0.00000,0.00000,[47],139.63128,0.00000,0.00000
eb429aec-cf73-42be-bfb1-7fbea6c6eeb3,2013-01-01,0,0.00000,8,DevelopmentType.INDIRECT,DietType.FOLIAGE|FRUIT,butterfly,1277,True,False,0.00500,active,0.00200,0.00100,0.00200,1.00000,0.00000,0.00000,0.00000,[8],139.63128,0.00000,0.00000
de4cb738-4525-4a3b-82d5-ccd4c5c3a7ce,2013-01-01,0,0.00000,55,DevelopmentType.INDIRECT,DietType.FOLIAGE|FRUIT,butterfly,1277,True,False,0.00500,active,0.00200,0.00100,0.00200,1.00000,0.00000,0.00000,0.00000,[55],139.63128,0.00000,0.00000
9387794f-ac13-4405-b4f4-0a2578200f55,2013-01-01,0,0.00000,38,DevelopmentType.INDIRECT,DietType.FOLIAGE|FRUIT,butterfly,1277,True,False,0.00500,active,0.00200,0.00100,0.00200,1.00000,0.00000,0.00000,0.00000,[38],139.63128,0.00000,0.00000
7a0a9474-a9b8-4867-8325-41c0f0e05856,2013-01-01,0,0.00000,6,DevelopmentType.INDIRECT,DietType.FOLIAGE|FRUIT,butterfly,1277,True,False,0.00500,active,0.00200,0.00100,0.00200,1.00000,0.00000,0.00000,0.00000,[6],139.63128,0.00000,0.00000
4c60c088-2146-4dc0-86fa-4ca25a84a530,2013-01-01,0,0.00000,66,DevelopmentType.INDIRECT,DietType.FOLIAGE|FRUIT,butterfly,1277,True,False,0.00500,active,0.00200,0.00100,0.00200,1.00000,0.00000,0.00000,0.00000,[66],139.63128,0.00000,0.00000
acf93244-7ae9-432a-8c38-df1c67f662c7,2013-01-01,0,0.00000,39,DevelopmentType.INDIRECT,DietType.FOLIAGE|FRUIT,butterfly,1277,True,False,0.00500,active,0.00200,0.00100,0.00200,1.00000,0.00000,0.00000,0.00000,[39],139.63128,0.00000,0.00000
8c97bae3-57d2-424e-b2c9-a9ed8e40f966,2013-01-01,0,0.00000,34,DevelopmentType.INDIRECT,DietType.FOLIAGE|FRUIT,butterfly,1277,True,False,0.00500,active,0.00200,0.00100,0.00200,1.00000,0.00000,0.00000,0.00000,[34],139.63128,0.00000,0.00000
0380300c-cbf8-45bc-a011-74f23918e755,2013-01-01,0,0.00000,17,DevelopmentType.INDIRECT,DietType.FOLIAGE|FRUIT,butterfly,1277,True,False,0.00500,active,0.00200,0.00100,0.00200,1.00000,0.00000,0.00000,0.00000,[17],139.63128,0.00000,0.00000
b731abc1-b9e6-41a1-b809-9e5bfd92ad6b,2013-01-01,0,0.00000,13,DevelopmentType.INDIRECT,DietType.FOLIAGE|FRUIT,butterfly,1277,True,False,0.00500,active,0.00200,0.00100,0.00200,1.00000,0.00000,0.00000,0.00000,[13],139.63128,0.00000,0.00000
663d26eb-1ffe-4804-83e7-5f5dedcf2296,2013-01-01,0,0.00000,59,DevelopmentType.INDIRECT,DietType.FOLIAGE|FRUIT,butterfly,1277,True,False,0.00500,active,0.00200,0.00100,0.00200,1.00000,0.00000,0.00000,0.00000,[59],139.63128,0.00000,0.00000
3d1cb8fd-4e3b-4101-aded-7e984b728a6b,2013-01-01,0,0.00000,11,DevelopmentType.INDIRECT,DietType.FOLIAGE|FRUIT,butterfly,1276,True,False,0.00500,active,0.00200,0.00100,0.00200,1.00000,0.00000,0.00000,0.00000,[11],139.63128,0.00000,0.00000
c3eaa865-fb97-4bc9-b858-6a0821d27e09,2013-01-01,0,0.00000,41,DevelopmentType.INDIRECT,DietType.FOLIAGE|FRUIT,butterfly,1276,True,False,0.00500,active,0.00200,0.00100,0.00200,1.00000,0.00000,0.00000,0.00000,[41],139.63128,0.00000,0.00000
a144dbe1-20f8-4d5d-bf8f-c4598e4c56cf,2013-01-01,0,0.00000,44,DevelopmentType.INDIRECT,DietType.FOLIAGE|FRUIT,butterfly,1276,True,False,0.00500,active,0.00200,0.00100,0.00200,1.00000,0.00000,0.00000,0.00000,[44],139.63128,0.00000,0.00000
b5e328a3-2530-4d4d-9fac-2087051aaf45,2013-01-01,0,0.00000,73,DevelopmentType.INDIRECT,DietType.FOLIAGE|FRUIT,butterfly,1276,True,False,0.00500,active,0.00200,0.00100,0.00200,1.00000,0.00000,0.00000,0.00000,[73],139.63128,0.00000,0.00000
257e4a1f-dc50-467d-9526-4d6b03eaaf68,2013-01-01,0,0.00000,37,DevelopmentType.INDIRECT,DietType.FOLIAGE|FRUIT,butterfly,1276,True,False,0.00500,active,0.00200,0.00100,0.00200,1.00000,0.00000,0.00000,0.00000,[37],139.63128,0.00000,0.00000
3987d466-e671-4b71-a6c3-ed70745f3ac2,2013-01-01,0,0.00000,14,DevelopmentType.INDIRECT,DietType.FOLIAGE|FRUIT,butterfly,1276,True,False,0.00500,active,0.00200,0.00100,0.00200,1.00000,0.00000,0.00000,0.00000,[14],139.63128,0.00000,0.00000
474196f3-2de1-41eb-888f-365c21c37a06,2013-01-01,0,0.00000,23,DevelopmentType.INDIRECT,DietType.FOLIAGE|FRUIT,butterfly,1276,True,False,0.00500,active,0.00200,0.00100,0.00200,1.00000,0.00000,0.00000,0.00000,[23],139.63128,0.00000,0.00000
8c068876-ffd4-4716-b929-be9b9e2ac78e,2013-01-01,0,0.00000,63,DevelopmentType.INDIRECT,DietType.FOLIAGE|FRUIT,butterfly,1276,True,False,0.00500,active,0.00200,0.00100,0.00200,1.00000,0.00000,0.00000,0.00000,[63],139.63128,0.00000,0.00000
de4cca95-4d49-4efc-b99b-9cdde69a173f,2013-01-01,0,0.00000,9,DevelopmentType.INDIRECT,DietType.FOLIAGE|FRUIT,butterfly,1276,True,False,0.00500,active,0.00200,0.00100,0.00200,1.00000,0.00000,0.00000,0.00000,[9],139.63128,0.00000,0.00000
0f616304-ae8f-453a-8402-3fe1cbee55ba,2013-01-01,0,0.00000,67,DevelopmentType.INDIRECT,DietType.FOLIAGE|FRUIT,butterfly,1276,True,False,0.00500,active,0.00200,0.00100,0.00200,1.00000,0.00000,0.00000,0.00000,[67],139.63128,0.00000,0.00000
48546301-9c92-4f96-bb38-07bed3770361,2013-01-01,0,0.00000,32,DevelopmentType.INDIRECT,DietType.FOLIAGE|FRUIT,butterfly,1276,True,False,0.00500,active,0.00200,0.00100,0.00200,1.00000,0.00000,0.00000,0.00000,[32],139.63128,0.00000,0.00000
5dbad55b-3d0a-4b79-a4a9-2c87a5219b19,2013-01-01,0,0.00000,22,DevelopmentType.INDIRECT,DietType.FOLIAGE|FRUIT,butterfly,1276,True,False,0.00500,active,0.00200,0.00100,0.00200,1.00000,0.00000,0.00000,0.00000,[22],139.63128,0.00000,0.00000
9efa1109-6f62-4164-877e-c397ae97386f,2013-01-01,0,0.00000,15,DevelopmentType.INDIRECT,DietType.FOLIAGE|FRUIT,butterfly,1276,True,False,0.00500,active,0.00200,0.00100,0.00200,1.00000,0.00000,0.00000,0.00000,[15],139.63128,0.00000,0.00000
5306b878-6bec-4491-8b28-6908276f6dfb,2013-01-01,0,0.00000,42,DevelopmentType.INDIRECT,DietType.FOLIAGE|FRUIT,butterfly,1276,True,False,0.00500,active,0.00200,0.00100,0.00200,1.00000,0.00000,0.00000,0.00000,[42],139.63128,0.00000,0.00000
868f96f3-7bbe-4e70-926c-de0338fa2f76,2013-01-01,0,0.00000,27,DevelopmentType.INDIRECT,DietType.FOLIAGE|FRUIT,butterfly,1276,True,False,0.00500,active,0.00200,0.00100,0.00200,1.00000,0.00000,0.00000,0.00000,[27],139.63128,0.00000,0.00000
e87f8f84-b84c-4fc9-bc38-46e5ce353d8d,2013-01-01,0,0.00000,60,DevelopmentType.INDIRECT,DietType.FOLIAGE|FRUIT,butterfly,1276,True,False,0.00500,active,0.00200,0.00100,0.00200,1.00000,0.00000,0.00000,0.00000,[60],139.63128,0.00000,0.00000
5b95a31f-0f53-40f5-8427-ee4de4b99b19,2013-01-01,0,0.00000,72,DevelopmentType.INDIRECT,DietType.FOLIAGE|FRUIT,butterfly,1276,True,False,0.00500,active,0.00200,0.00100,0.00200,1.00000,0.00000,0.00000,0.00000,[72],139.63128,0.00000,0.00000
215fdc8e-d329-4528-8458-942af0b63194,2013-01-01,0,0.00000,16,DevelopmentType.INDIRECT,DietType.FOLIAGE|FRUIT,butterfly,1276,True,False,0.00500,active,0.00200,0.00100,0.00200,1.00000,0.00000,0.00000,0.00000,[16],139.63128,0.00000,0.00000
f456a2fd-3563-46d1-82c2-3e4ba769b556,2013-01-01,0,0.00000,71,DevelopmentType.INDIRECT,DietType.FOLIAGE|FRUIT,butterfly,1276,True,False,0.00500,active,0.00200,0.00100,0.00200,1.00000,0.00000,0.00000,0.00000,[71],139.63128,0.00000,0.00000
855f9220-0e93-43bc-ba12-54fdac157031,2013-01-01,0,0.00000,57,DevelopmentType.INDIRECT,DietType.FOLIAGE|FRUIT,butterfly,1276,True,False,0.00500,active,0.00200,0.00100,0.00200,1.00000,0.00000,0.00000,0.00000,[57],139.63128,0.00000,0.00000
bdbebd76-5baf-49d9-9765-e4175bbb1c2a,2013-01-01,0,0.00000,18,DevelopmentType.INDIRECT,DietType.FOLIAGE|FRUIT,butterfly,1276,True,False,0.00500,active,0.00200,0.00100,0.00200,1.00000,0.00000,0.00000,0.00000,[18],139.63128,0.00000,0.00000
adf82f25-c280-424b-9a60-a81c62af3a77,2013-01-01,0,0.00000,0,DevelopmentType.INDIRECT,DietType.FOLIAGE|FRUIT,butterfly,1276,True,False,0.00500,active,0.00200,0.00100,0.00200,1.00000,0.00000,0.00000,0.00000,[0],139.63128,0.00000,0.00000
b48c1f03-f628-43c4-a9f5-9758fdcf7215,2013-01-01,0,0.00000,2,DevelopmentType.INDIRECT,DietType.FOLIAGE|FRUIT,butterfly,1276,True,False,0.00500,active,0.00200,0.00100,0.00200,1.00000,0.00000,0.00000,0.00000,[2],139.63128,0.00000,0.00000
fce84da9-db5f-41da-8829-2903ae677177,2013-01-01,0,0.00000,77,DevelopmentType.INDIRECT,DietType.FOLIAGE|FRUIT,butterfly,1276,True,False,0.00500,active,0.00200,0.00100,0.00200,1.00000,0.00000,0.00000,0.00000,[77],139.63128,0.00000,0.00000
2b46ed54-3606-4d21-ba7f-f8d9fa548a03,2013-01-01,0,0.00000,25,DevelopmentType.INDIRECT,DietType.FOLIAGE|FRUIT,butterfly,1276,True,False,0.00500,active,0.00200,0.00100,0.00200,1.00000,0.00000,0.00000,0.00000,[25],139.63128,0.00000,0.00000
6a821847-9549-4e1d-b619-e6ee994bdcea,2013-01-01,0,0.00000,10,DevelopmentType.INDIRECT,DietType.FOLIAGE|FRUIT,butterfly,1276,True,False,0.00500,active,0.00200,0.00100,0.00200,1.00000,0.00000,0.00000,0.00000,[10],139.63128,0.00000,0.00000
11637364-022f-4f40-9c00-9ecb4d1f1f09,2013-01-01,0,0.00000,51,DevelopmentType.INDIRECT,DietType.FOLIAGE|FRUIT,butterfly,1276,True,False,0.00500,active,0.00200,0.00100,0.00200,1.00000,0.00000,0.00000,0.00000,[51],139.63128,0.00000,0.00000
185836e2-8d13-42d8-9756-cc29fd95f734,2013-01-01,0,0.00000,26,DevelopmentType.INDIRECT,DietType.FOLIAGE|FRUIT,butterfly,1276,True,False,0.00500,active,0.00200,0.00100,0.00200,1.00000,0.00000,0.00000,0.00000,[26],139.63128,0.00000,0.00000
70dae512-f573-43fb-82be-7073a594732c,2013-01-01,0,0.00000,79,DevelopmentType.INDIRECT,DietType.FOLIAGE|FRUIT,butterfly,1276,True,False,0.00500,active,0.00200,0.00100,0.00200,1.00000,0.00000,0.00000,0.00000,[79],139.63128,0.00000,0.00000
4c1a6d16-6e52-4bcc-8d01-54a591ad7020,2013-01-01,0,0.00000,70,DevelopmentType.INDIRECT,DietType.FOLIAGE|FRUIT,butterfly,1276,True,False,0.00500,active,0.00200,0.00100,0.00200,1.00000,0.00000,0.00000,0.00000,[70],139.63128,0.00000,0.00000
6ff9caa0-ef0f-400f-91fd-fe8a64689624,2013-01-01,0,0.00000,12,DevelopmentType.INDIRECT,DietType.FOLIAGE|FRUIT,butterfly,1276,True,False,0.00500,active,0.00200,0.00100,0.00200,1.00000,0.00000,0.00000,0.00000,[12],139.63128,0.00000,0.00000
9c20c38c-4ccc-4c70-b5d0-1dcf066154b6,2013-01-01,0,0.00000,69,DevelopmentType.INDIRECT,DietType.FOLIAGE|FRUIT,butterfly,1276,True,False,0.00500,active,0.00200,0.00100,0.00200,1.00000,0.00000,0.00000,0.00000,[69],139.63128,0.00000,0.00000
f41fbde3-60f9-4510-bd3c-85aece42b74e,2013-01-01,0,0.00000,62,DevelopmentType.INDIRECT,DietType.FOLIAGE|FRUIT,butterfly,1276,True,False,0.00500,active,0.00200,0.00100,0.00200,1.00000,0.00000,0.00000,0.00000,[62],139.63128,0.00000,0.00000
13c94238-fffb-42b8-8bf6-69d0b89f27e0,2013-01-01,0,0.00000,19,DevelopmentType.INDIRECT,DietType.FOLIAGE|FRUIT,butterfly,1276,True,False,0.00500,active,0.00200,0.00100,0.00200,1.00000,0.00000,0.00000,0.00000,[19],139.63128,0.00000,0.00000
022b6e9d-8679-44f7-a952-f460fd330194,2013-01-01,0,0.00000,53,DevelopmentType.INDIRECT,DietType.FOLIAGE|FRUIT,butterfly,1276,True,False,0.00500,active,0.00200,0.00100,0.00200,1.00000,0.00000,0.00000,0.00000,[53],139.63128,0.00000,0.00000
37f9232d-92c1-4e2c-80e0-66dfa6184866,2013-01-01,0,0.00000,33,DevelopmentType.INDIRECT,DietType.FOLIAGE|FRUIT,butterfly,1276,True,False,0.00500,active,0.00200,0.00100,0.00200,1.00000,0.00000,0.00000,0.00000,[33],139.63128,0.00000,0.00000
22c4b196-d736-448b-9ec9-54fb728e5037,2013-01-01,0,0.00000,28,DevelopmentType.INDIRECT,DietType.FOLIAGE|FRUIT,butterfly,1276,True,False,0.00500,active,0.00200,0.00100,0.00200,1.00000,0.00000,0.00000,0.00000,[28],139.63128,0.00000,0.00000
337bd10c-71e0-47cc-8030-17812b0d0cb5,2013-01-01,0,0.00000,45,DevelopmentType.INDIRECT,DietType.FOLIAGE|FRUIT,butterfly,1276,True,False,0.00500,active,0.00200,0.00100,0.00200,1.00000,0.00000,0.00000,0.00000,[45],139.63128,0.00000,0.00000
faa912e6-3e89-4ec9-a852-ab53b629d8f1,2013-01-01,0,0.00000,64,DevelopmentType.INDIRECT,DietType.FOLIAGE|FRUIT,butterfly,1276,True,False,0.00500,active,0.00200,0.00100,0.00200,1.00000,0.00000,0.00000,0.00000,[64],139.63128,0.00000,0.00000
1000faa2-3945-4add-ba4c-42933c8f3122,2013-01-01,0,0.00000,48,DevelopmentType.INDIRECT,DietType.FOLIAGE|FRUIT,butterfly,1276,True,False,0.00500,active,0.00200,0.00100,0.00200,1.00000,0.00000,0.00000,0.00000,[48],139.63128,0.00000,0.00000
7765e519-688a-4df1-a002-aeb6246eef9d,2013-01-01,0,0.00000,29,DevelopmentType.INDIRECT,DietType.FOLIAGE|FRUIT,butterfly,1276,True,False,0.00500,active,0.00200,0.00100,0.00200,1.00000,0.00000,0.00000,0.00000,[29],139.63128,0.00000,0.00000
b19243d0-0937-4b7d-9adf-244a6f369256,2013-01-01,0,0.00000,8,DevelopmentType.INDIRECT,DietType.FOLIAGE|FRUIT,caterpillar,1277,True,False,0.00500,active,0.00200,0.00100,0.00200,1.00000,0.00000,0.00000,0.00000,[8],139.63128,0.00000,0.00000
0baafbd9-80f6-46fb-affa-ecc338ce9306,2013-01-01,0,0.00000,45,DevelopmentType.INDIRECT,DietType.FOLIAGE|FRUIT,caterpillar,1277,True,False,0.00500,active,0.00200,0.00100,0.00200,1.00000,0.00000,0.00000,0.00000,[45],139.63128,0.00000,0.00000
f29e1423-2dc2-488e-9807-1a535b3134c2,2013-01-01,0,0.00000,62,DevelopmentType.INDIRECT,DietType.FOLIAGE|FRUIT,caterpillar,1277,True,False,0.00500,active,0.00200,0.00100,0.00200,1.00000,0.00000,0.00000,0.00000,[62],139.63128,0.00000,0.00000
6743bad3-11b5-4f27-8866-9327fe17829f,2013-01-01,0,0.00000,73,DevelopmentType.INDIRECT,DietType.FOLIAGE|FRUIT,caterpillar,1277,True,False,0.00500,active,0.00200,0.00100,0.00200,1.00000,0.00000,0.00000,0.00000,[73],139.63128,0.00000,0.00000
fb65e6fb-722d-4ee8-b167-3151e8433ca1,2013-01-01,0,0.00000,34,DevelopmentType.INDIRECT,DietType.FOLIAGE|FRUIT,caterpillar,1277,True,False,0.00500,active,0.00200,0.00100,0.00200,1.00000,0.00000,0.00000,0.00000,[34],139.63128,0.00000,0.00000
434bca31-2bd4-40a5-9352-09d9f9551a12,2013-01-01,0,0.00000,71,DevelopmentType.INDIRECT,DietType.FOLIAGE|FRUIT,caterpillar,1277,True,False,0.00500,active,0.00200,0.00100,0.00200,1.00000,0.00000,0.00000,0.00000,[71],139.63128,0.00000,0.00000
c678c4b6-36a7-49f8-84ed-6f87fe457795,2013-01-01,0,0.00000,21,DevelopmentType.INDIRECT,DietType.FOLIAGE|FRUIT,caterpillar,1277,True,False,0.00500,active,0.00200,0.00100,0.00200,1.00000,0.00000,0.00000,0.00000,[21],139.63128,0.00000,0.00000
5f7280cb-e120-4036-b0b8-0f79761bae3a,2013-01-01,0,0.00000,60,DevelopmentType.INDIRECT,DietType.FOLIAGE|FRUIT,caterpillar,1277,True,False,0.00500,active,0.00200,0.00100,0.00200,1.00000,0.00000,0.00000,0.00000,[60],139.63128,0.00000,0.00000
26852f39-6c5b-4232-bee0-35c9c3ffabe7,2013-01-01,0,0.00000,10,DevelopmentType.INDIRECT,DietType.FOLIAGE|FRUIT,caterpillar,1277,True,False,0.00500,active,0.00200,0.00100,0.00200,1.00000,0.00000,0.00000,0.00000,[10],139.63128,0.00000,0.00000
53d303aa-234b-43c8-b1e5-60f707db5c0b,2013-01-01,0,0.00000,44,DevelopmentType.INDIRECT,DietType.FOLIAGE|FRUIT,caterpillar,1277,True,False,0.00500,active,0.00200,0.00100,0.00200,1.00000,0.00000,0.00000,0.00000,[44],139.63128,0.00000,0.00000
5d1c6f0d-28f1-4745-9753-81bcfe018d19,2013-01-01,0,0.00000,18,DevelopmentType.INDIRECT,DietType.FOLIAGE|FRUIT,caterpillar,1277,True,False,0.00500,active,0.00200,0.00100,0.00200,1.00000,0.00000,0.00000,0.00000,[18],139.63128,0.00000,0.00000
704cc701-0882-4ada-8742-c356e831e794,2013-01-01,0,0.00000,56,DevelopmentType.INDIRECT,DietType.FOLIAGE|FRUIT,caterpillar,1277,True,False,0.00500,active,0.00200,0.00100,0.00200,1.00000,0.00000,0.00000,0.00000,[56],139.63128,0.00000,0.00000
96cb471b-7048-4f7d-8795-828cbf1f7600,2013-01-01,0,0.00000,63,DevelopmentType.INDIRECT,DietType.FOLIAGE|FRUIT,caterpillar,1277,True,False,0.00500,active,0.00200,0.00100,0.00200,1.00000,0.00000,0.00000,0.00000,[63],139.63128,0.00000,0.00000
44aff279-94b0-4c44-b85a-1acc413b6825,2013-01-01,0,0.00000,59,DevelopmentType.INDIRECT,DietType.FOLIAGE|FRUIT,caterpillar,1277,True,False,0.00500,active,0.00200,0.00100,0.00200,1.00000,0.00000,0.00000,0.00000,[59],139.63128,0.00000,0.00000
c4871532-3390-431b-95cd-545cfc7e08f2,2013-01-01,0,0.00000,41,DevelopmentType.INDIRECT,DietType.FOLIAGE|FRUIT,caterpillar,1277,True,False,0.00500,active,0.00200,0.00100,0.00200,1.00000,0.00000,0.00000,0.00000,[41],139.63128,0.00000,0.00000
166d67a5-e2d3-4517-ae98-ba932266eb34,2013-01-01,0,0.00000,2,DevelopmentType.INDIRECT,DietType.FOLIAGE|FRUIT,caterpillar,1277,True,False,0.00500,active,0.00200,0.00100,0.00200,1.00000,0.00000,0.00000,0.00000,[2],139.63128,0.00000,0.00000
89a8d551-7f05-48a2-9c89-f124c174364c,2013-01-01,0,0.00000,12,DevelopmentType.INDIRECT,DietType.FOLIAGE|FRUIT,caterpillar,1277,True,False,0.00500,active,0.00200,0.00100,0.00200,1.00000,0.00000,0.00000,0.00000,[12],139.63128,0.00000,0.00000
a704c44b-ed8c-4ed0-9231-0de28c636b67,2013-01-01,0,0.00000,65,DevelopmentType.INDIRECT,DietType.FOLIAGE|FRUIT,caterpillar,1277,True,False,0.00500,active,0.00200,0.00100,0.00200,1.00000,0.00000,0.00000,0.00000,[65],139.63128,0.00000,0.00000
702eb28d-c770-47d0-ad69-3c600c11a696,2013-01-01,0,0.00000,80,DevelopmentType.INDIRECT,DietType.FOLIAGE|FRUIT,caterpillar,1277,True,False,0.00500,active,0.00200,0.00100,0.00200,1.00000,0.00000,0.00000,0.00000,[80],139.63128,0.00000,0.00000
dc7ee1e7-ec45-44a0-99b1-6bd10fe77c64,2013-01-01,0,0.00000,61,DevelopmentType.INDIRECT,DietType.FOLIAGE|FRUIT,caterpillar,1277,True,False,0.00500,active,0.00200,0.00100,0.00200,1.00000,0.00000,0.00000,0.00000,[61],139.63128,0.00000,0.00000
1d119978-9205-4fa8-be34-06512edff667,2013-01-01,0,0.00000,49,DevelopmentType.INDIRECT,DietType.FOLIAGE|FRUIT,caterpillar,1277,True,False,0.00500,active,0.00200,0.00100,0.00200,1.00000,0.00000,0.00000,0.00000,[49],139.63128,0.00000,0.00000
7dd7049b-b7a2-4fa5-89eb-8b7dcde714fc,2013-01-01,0,0.00000,47,DevelopmentType.INDIRECT,DietType.FOLIAGE|FRUIT,caterpillar,1277,True,False,0.00500,active,0.00200,0.00100,0.00200,1.00000,0.00000,0.00000,0.00000,[47],139.63128,0.00000,0.00000
9ee6060b-7688-4121-ad29-18fb252d4fa6,2013-01-01,0,0.00000,37,DevelopmentType.INDIRECT,DietType.FOLIAGE|FRUIT,caterpillar,1277,True,False,0.00500,active,0.00200,0.00100,0.00200,1.00000,0.00000,0.00000,0.00000,[37],139.63128,0.00000,0.00000
7aeb7b14-a726-45e9-b13c-2e158b53b77f,2013-01-01,0,0.00000,40,DevelopmentType.INDIRECT,DietType.FOLIAGE|FRUIT,caterpillar,1277,True,False,0.00500,active,0.00200,0.00100,0.00200,1.00000,0.00000,0.00000,0.00000,[40],139.63128,0.00000,0.00000
532e54f5-3816-4d68-a6c6-89d281182d50,2013-01-01,0,0.00000,38,DevelopmentType.INDIRECT,DietType.FOLIAGE|FRUIT,caterpillar,1277,True,False,0.00500,active,0.00200,0.00100,0.00200,1.00000,0.00000,0.00000,0.00000,[38],139.63128,0.00000,0.00000
cb5cdd11-a209-4291-b8f7-acbfad8607ea,2013-01-01,0,0.00000,55,DevelopmentType.INDIRECT,DietType.FOLIAGE|FRUIT,caterpillar,1277,True,False,0.00500,active,0.00200,0.00100,0.00200,1.00000,0.00000,0.00000,0.00000,[55],139.63128,0.00000,0.00000
e7ca5e35-4e8b-442c-bf2c-10c354b025ce,2013-01-01,0,0.00000,1,DevelopmentType.INDIRECT,DietType.FOLIAGE|FRUIT,caterpillar,1277,True,False,0.00500,active,0.00200,0.00100,0.00200,1.00000,0.00000,0.00000,0.00000,[1],139.63128,0.00000,0.00000
c1f976b6-a393-471e-b6d8-d84e6c5a794c,2013-01-01,0,0.00000,77,DevelopmentType.INDIRECT,DietType.FOLIAGE|FRUIT,caterpillar,1277,True,False,0.00500,active,0.00200,0.00100,0.00200,1.00000,0.00000,0.00000,0.00000,[77],139.63128,0.00000,0.00000
b6fc42b6-578f-46a0-b71a-93bbd245583b,2013-01-01,0,0.00000,78,DevelopmentType.INDIRECT,DietType.FOLIAGE|FRUIT,caterpillar,1277,True,False,0.00500,active,0.00200,0.00100,0.00200,1.00000,0.00000,0.00000,0.00000,[78],139.63128,0.00000,0.00000
58e67e59-a5da-4499-a727-5542787f8da2,2013-01-01,0,0.00000,0,DevelopmentType.INDIRECT,DietType.FOLIAGE|FRUIT,caterpillar,1277,True,False,0.00500,active,0.00200,0.00100,0.00200,1.00000,0.00000,0.00000,0.00000,[0],139.63128,0.00000,0.00000
6e4ba862-6ccc-4d68-aad9-18ff05b1f7ca,2013-01-01,0,0.00000,75,DevelopmentType.INDIRECT,DietType.FOLIAGE|FRUIT,caterpillar,1277,True,False,0.00500,active,0.00200,0.00100,0.00200,1.00000,0.00000,0.00000,0.00000,[75],139.63128,0.00000,0.00000
28ccc02d-3468-423f-897d-cfa8a7bb79d0,2013-01-01,0,0.00000,42,DevelopmentType.INDIRECT,DietType.FOLIAGE|FRUIT,caterpillar,1277,True,False,0.00500,active,0.00200,0.00100,0.00200,1.00000,0.00000,0.00000,0.00000,[42],139.63128,0.00000,0.00000
20f76ecb-cc03-4119-a5a5-5878242a4717,2013-01-01,0,0.00000,69,DevelopmentType.INDIRECT,DietType.FOLIAGE|FRUIT,caterpillar,1277,True,False,0.00500,active,0.00200,0.00100,0.00200,1.00000,0.00000,0.00000,0.00000,[69],139.63128,0.00000,0.00000
20836e2b-fa1a-4579-ba98-53c1c6b8f01e,2013-01-01,0,0.00000,13,DevelopmentType.INDIRECT,DietType.FOLIAGE|FRUIT,caterpillar,1277,True,False,0.00500,active,0.00200,0.00100,0.00200,1.00000,0.00000,0.00000,0.00000,[13],139.63128,0.00000,0.00000
e8f1390e-45f8-4fdf-b6db-c26e9acc92eb,2013-01-01,0,0.00000,19,DevelopmentType.INDIRECT,DietType.FOLIAGE|FRUIT,caterpillar,1277,True,False,0.00500,active,0.00200,0.00100,0.00200,1.00000,0.00000,0.00000,0.00000,[19],139.63128,0.00000,0.00000
85009c27-eb58-44bc-9db7-0217f6c8da49,2013-01-01,0,0.00000,14,DevelopmentType.INDIRECT,DietType.FOLIAGE|FRUIT,caterpillar,1277,True,False,0.00500,active,0.00200,0.00100,0.00200,1.00000,0.00000,0.00000,0.00000,[14],139.63128,0.00000,0.00000
3e3ede2e-1093-462f-b2a3-5b3426a52b5d,2013-01-01,0,0.00000,30,DevelopmentType.INDIRECT,DietType.FOLIAGE|FRUIT,caterpillar,1277,True,False,0.00500,active,0.00200,0.00100,0.00200,1.00000,0.00000,0.00000,0.00000,[30],139.63128,0.00000,0.00000
ef40a353-8edc-464a-9403-bd5ffc13cb28,2013-01-01,0,0.00000,36,DevelopmentType.INDIRECT,DietType.FOLIAGE|FRUIT,caterpillar,1277,True,False,0.00500,active,0.00200,0.00100,0.00200,1.00000,0.00000,0.00000,0.00000,[36],139.63128,0.00000,0.00000
b5337bf7-f9ee-4ba8-8708-0dc7ad343a96,2013-01-01,0,0.00000,4,DevelopmentType.INDIRECT,DietType.FOLIAGE|FRUIT,caterpillar,1277,True,False,0.00500,active,0.00200,0.00100,0.00200,1.00000,0.00000,0.00000,0.00000,[4],139.63128,0.00000,0.00000
33e85b98-a226-467c-beec-4b99026b4dcd,2013-01-01,0,0.00000,9,DevelopmentType.INDIRECT,DietType.FOLIAGE|FRUIT,caterpillar,1277,True,False,0.00500,active,0.00200,0.00100,0.00200,1.00000,0.00000,0.00000,0.00000,[9],139.63128,0.00000,0.00000
1a25947c-557e-4bd4-af49-0d030750830c,2013-01-01,0,0.00000,72,DevelopmentType.INDIRECT,DietType.FOLIAGE|FRUIT,caterpillar,1276,True,False,0.00500,active,0.00200,0.00100,0.00200,1.00000,0.00000,0.00000,0.00000,[72],139.63128,0.00000,0.00000
dfdbfa82-1f0b-4d88-bc5c-1ee1ae09fd49,2013-01-01,0,0.00000,52,DevelopmentType.INDIRECT,DietType.FOLIAGE|FRUIT,caterpillar,1276,True,False,0.00500,active,0.00200,0.00100,0.00200,1.00000,0.00000,0.00000,0.00000,[52],139.63128,0.00000,0.00000
8f616a4e-b48c-458c-bd33-bb88e4c9ec02,2013-01-01,0,0.00000,76,DevelopmentType.INDIRECT,DietType.FOLIAGE|FRUIT,caterpillar,1276,True,False,0.00500,active,0.00200,0.00100,0.00200,1.00000,0.00000,0.00000,0.00000,[76],139.63128,0.00000,0.00000
0dc096ff-1005-4c77-9225-dc7931031f64,2013-01-01,0,0.00000,7,DevelopmentType.INDIRECT,DietType.FOLIAGE|FRUIT,caterpillar,1276,True,False,0.00500,active,0.00200,0.00100,0.00200,1.00000,0.00000,0.00000,0.00000,[7],139.63128,0.00000,0.00000
47b149a2-7ecc-45e0-8b57-e7bed43f2e95,2013-01-01,0,0.00000,46,DevelopmentType.INDIRECT,DietType.FOLIAGE|FRUIT,caterpillar,1276,True,False,0.00500,active,0.00200,0.00100,0.00200,1.00000,0.00000,0.00000,0.00000,[46],139.63128,0.00000,0.00000
71a45acc-d1e3-46c5-97b2-46f1fdc30265,2013-01-01,0,0.00000,66,DevelopmentType.INDIRECT,DietType.FOLIAGE|FRUIT,caterpillar,1276,True,False,0.00500,active,0.00200,0.00100,0.00200,1.00000,0.00000,0.00000,0.00000,[66],139.63128,0.00000,0.00000
a8bbce3f-2be5-4432-a993-31d63fd828a2,2013-01-01,0,0.00000,50,DevelopmentType.INDIRECT,DietType.FOLIAGE|FRUIT,caterpillar,1276,True,False,0.00500,active,0.00200,0.00100,0.00200,1.00000,0.00000,0.00000,0.00000,[50],139.63128,0.00000,0.00000
9a474d25-e5e7-44d0-94e7-95fc67754a96,2013-01-01,0,0.00000,53,DevelopmentType.INDIRECT,DietType.FOLIAGE|FRUIT,caterpillar,1276,True,False,0.00500,active,0.00200,0.00100,0.00200,1.00000,0.00000,0.00000,0.00000,[53],139.63128,0.00000,0.00000
c353a181-113a-47d7-a4db-dd475cadf237,2013-01-01,0,0.00000,57,DevelopmentType.INDIRECT,DietType.FOLIAGE|FRUIT,caterpillar,1276,True,False,0.00500,active,0.00200,0.00100,0.00200,1.00000,0.00000,0.00000,0.00000,[57],139.63128,0.00000,0.00000
d3ee7211-c2a9-4d16-a02c-67063b67b822,2013-01-01,0,0.00000,64,DevelopmentType.INDIRECT,DietType.FOLIAGE|FRUIT,caterpillar,1276,True,False,0.00500,active,0.00200,0.00100,0.00200,1.00000,0.00000,0.00000,0.00000,[64],139.63128,0.00000,0.00000
b0664e13-dc63-4501-be67-6420f3c5a310,2013-01-01,0,0.00000,33,DevelopmentType.INDIRECT,DietType.FOLIAGE|FRUIT,caterpillar,1276,True,False,0.00500,active,0.00200,0.00100,0.00200,1.00000,0.00000,0.00000,0.00000,[33],139.63128,0.00000,0.00000
340c7fc1-dea8-40c5-abe4-14d25af2d888,2013-01-01,0,0.00000,23,DevelopmentType.INDIRECT,DietType.FOLIAGE|FRUIT,caterpillar,1276,True,False,0.00500,active,0.00200,0.00100,0.00200,1.00000,0.00000,0.00000,0.00000,[23],139.63128,0.00000,0.00000
865cd264-d408-403d-b4cb-e7f6669d05cf,2013-01-01,0,0.00000,29,DevelopmentType.INDIRECT,DietType.FOLIAGE|FRUIT,caterpillar,1276,True,False,0.00500,active,0.00200,0.00100,0.00200,1.00000,0.00000,0.00000,0.00000,[29],139.63128,0.00000,0.00000
1d8fb37f-85bd-4a1d-85c8-741c2b7fef33,2013-01-01,0,0.00000,20,DevelopmentType.INDIRECT,DietType.FOLIAGE|FRUIT,caterpillar,1276,True,False,0.00500,active,0.00200,0.00100,0.00200,1.00000,0.00000,0.00000,0.00000,[20],139.63128,0.00000,0.00000
7cd91aba-9758-4d40-a25b-0e8fe5cec616,2013-01-01,0,0.00000,27,DevelopmentType.INDIRECT,DietType.FOLIAGE|FRUIT,caterpillar,1276,True,False,0.00500,active,0.00200,0.00100,0.00200,1.00000,0.00000,0.00000,0.00000,[27],139.63128,0.00000,0.00000
8fa6e526-72ab-4f14-9035-135933d62643,2013-01-01,0,0.00000,11,DevelopmentType.INDIRECT,DietType.FOLIAGE|FRUIT,caterpillar,1276,True,False,0.00500,active,0.00200,0.00100,0.00200,1.00000,0.00000,0.00000,0.00000,[11],139.63128,0.00000,0.00000
25824368-bf76-4c17-8640-e43f34d316b6,2013-01-01,0,0.00000,51,DevelopmentType.INDIRECT,DietType.FOLIAGE|FRUIT,caterpillar,1276,True,False,0.00500,active,0.00200,0.00100,0.00200,1.00000,0.00000,0.00000,0.00000,[51],139.63128,0.00000,0.00000
fe286e1f-17bd-470c-80e6-28c0fe1b93e2,2013-01-01,0,0.00000,25,DevelopmentType.INDIRECT,DietType.FOLIAGE|FRUIT,caterpillar,1276,True,False,0.00500,active,0.00200,0.00100,0.00200,1.00000,0.00000,0.00000,0.00000,[25],139.63128,0.00000,0.00000
e2d9a534-f810-43e6-b9dd-36d6c613e92b,2013-01-01,0,0.00000,70,DevelopmentType.INDIRECT,DietType.FOLIAGE|FRUIT,caterpillar,1276,True,False,0.00500,active,0.00200,0.00100,0.00200,1.00000,0.00000,0.00000,0.00000,[70],139.63128,0.00000,0.00000
1fc883e9-1286-49c6-b385-1120ca178e73,2013-01-01,0,0.00000,48,DevelopmentType.INDIRECT,DietType.FOLIAGE|FRUIT,caterpillar,1276,True,False,0.00500,active,0.00200,0.00100,0.00200,1.00000,0.00000,0.00000,0.00000,[48],139.63128,0.00000,0.00000
2e401592-4543-4aa1-b2bd-938cb8383579,2013-01-01,0,0.00000,31,DevelopmentType.INDIRECT,DietType.FOLIAGE|FRUIT,caterpillar,1276,True,False,0.00500,active,0.00200,0.00100,0.00200,1.00000,0.00000,0.00000,0.00000,[31],139.63128,0.00000,0.00000
d720374a-f5e0-4449-af78-90b6c7d824d3,2013-01-01,0,0.00000,58,DevelopmentType.INDIRECT,DietType.FOLIAGE|FRUIT,caterpillar,1276,True,False,0.00500,active,0.00200,0.00100,0.00200,1.00000,0.00000,0.00000,0.00000,[58],139.63128,0.00000,0.00000
464da604-1c48-44d7-ac06-90342ef5ba4d,2013-01-01,0,0.00000,17,DevelopmentType.INDIRECT,DietType.FOLIAGE|FRUIT,caterpillar,1276,True,False,0.00500,active,0.00200,0.00100,0.00200,1.00000,0.00000,0.00000,0.00000,[17],139.63128,0.00000,0.00000
1b0926f8-981a-4a57-b216-181466801891,2013-01-01,0,0.00000,79,DevelopmentType.INDIRECT,DietType.FOLIAGE|FRUIT,caterpillar,1276,True,False,0.00500,active,0.00200,0.00100,0.00200,1.00000,0.00000,0.00000,0.00000,[79],139.63128,0.00000,0.00000
737ba64c-f24c-4f8b-a124-a81bfaf61529,2013-01-01,0,0.00000,35,DevelopmentType.INDIRECT,DietType.FOLIAGE|FRUIT,caterpillar,1276,True,False,0.00500,active,0.00200,0.00100,0.00200,1.00000,0.00000,0.00000,0.00000,[35],139.63128,0.00000,0.00000
b1ce32b2-f92c-43d9-adc0-c48105c851c7,2013-01-01,0,0.00000,39,DevelopmentType.INDIRECT,DietType.FOLIAGE|FRUIT,caterpillar,1276,True,False,0.00500,active,0.00200,0.00100,0.00200,1.00000,0.00000,0.00000,0.00000,[39],139.63128,0.00000,0.00000
535de68a-a2ff-4924-8fc8-8291ac5e9a9b,2013-01-01,0,0.00000,54,DevelopmentType.INDIRECT,DietType.FOLIAGE|FRUIT,caterpillar,1276,True,False,0.00500,active,0.00200,0.00100,0.00200,1.00000,0.00000,0.00000,0.00000,[54],139.63128,0.00000,0.00000
b2d1b51c-43fa-4b44-9d0f-80fed5784dde,2013-01-01,0,0.00000,24,DevelopmentType.INDIRECT,DietType.FOLIAGE|FRUIT,caterpillar,1276,True,False,0.00500,active,0.00200,0.00100,0.00200,1.00000,0.00000,0.00000,0.00000,[24],139.63128,0.00000,0.00000
025c5188-e9d9-43f5-81d0-633ff2d1b2be,2013-01-01,0,0.00000,68,DevelopmentType.INDIRECT,DietType.FOLIAGE|FRUIT,caterpillar,1276,True,False,0.00500,active,0.00200,0.00100,0.00200,1.00000,0.00000,0.00000,0.00000,[68],139.63128,0.00000,0.00000
9a2c15e2-92c7-4bb3-b25e-215f9440cc87,2013-01-01,0,0.00000,16,DevelopmentType.INDIRECT,DietType.FOLIAGE|FRUIT,caterpillar,1276,True,False,0.00500,active,0.00200,0.00100,0.00200,1.00000,0.00000,0.00000,0.00000,[16],139.63128,0.00000,0.00000
bf46f67d-641d-4f05-a35b-3dbd48814311,2013-01-01,0,0.00000,32,DevelopmentType.INDIRECT,DietType.FOLIAGE|FRUIT,caterpillar,1276,True,False,0.00500,active,0.00200,0.00100,0.00200,1.00000,0.00000,0.00000,0.00000,[32],139.63128,0.00000,0.00000
8671578c-15ea-4335-82f3-775c81ce7c4c,2013-01-01,0,0.00000,43,DevelopmentType.INDIRECT,DietType.FOLIAGE|FRUIT,caterpillar,1276,True,False,0.00500,active,0.00200,0.00100,0.00200,1.00000,0.00000,0.00000,0.00000,[43],139.63128,0.00000,0.00000
0a3d4182-af7e-4619-a0b0-530ef9e93678,2013-01-01,0,0.00000,3,DevelopmentType.INDIRECT,DietType.FOLIAGE|FRUIT,caterpillar,1276,True,False,0.00500,active,0.00200,0.00100,0.00200,1.00000,0.00000,0.00000,0.00000,[3],139.63128,0.00000,0.00000
1e78e448-7fda-4951-a8fd-5bb306a21372,2013-01-01,0,0.00000,22,DevelopmentType.INDIRECT,DietType.FOLIAGE|FRUIT,caterpillar,1276,True,False,0.00500,active,0.00200,0.00100,0.00200,1.00000,0.00000,0.00000,0.00000,[22],139.63128,0.00000,0.00000
d8ff8bf9-e17b-4646-894e-dc51473f66ea,2013-01-01,0,0.00000,74,DevelopmentType.INDIRECT,DietType.FOLIAGE|FRUIT,caterpillar,1276,True,False,0.00500,active,0.00200,0.00100,0.00200,1.00000,0.00000,0.00000,0.00000,[74],139.63128,0.00000,0.00000
e294baf3-76b8-4e28-b4a7-6127d04f1f7b,2013-01-01,0,0.00000,15,DevelopmentType.INDIRECT,DietType.FOLIAGE|FRUIT,caterpillar,1276,True,False,0.00500,active,0.00200,0.00100,0.00200,1.00000,0.00000,0.00000,0.00000,[15],139.63128,0.00000,0.00000
956f209f-5c3d-4d81-80e8-8f98a8d246a6,2013-01-01,0,0.00000,28,DevelopmentType.INDIRECT,DietType.FOLIAGE|FRUIT,caterpillar,1276,True,False,0.00500,active,0.00200,0.00100,0.00200,1.00000,0.00000,0.00000,0.00000,[28],139.63128,0.00000,0.00000
d6c27819-966b-4037-aa17-769d347a7381,2013-01-01,0,0.00000,6,DevelopmentType.INDIRECT,DietType.FOLIAGE|FRUIT,caterpillar,1276,True,False,0.00500,active,0.00200,0.00100,0.00200,1.00000,0.00000,0.00000,0.00000,[6],139.63128,0.00000,0.00000
a39e708d-3f5e-42fe-a11c-ff0c7f784df8,2013-01-01,0,0.00000,26,DevelopmentType.INDIRECT,DietType.FOLIAGE|FRUIT,caterpillar,1276,True,False,0.00500,active,0.00200,0.00100,0.00200,1.00000,0.00000,0.00000,0.00000,[26],139.63128,0.00000,0.00000
d97515dd-8620-4540-a3e9-001b05c6c4e6,2013-01-01,0,0.00000,5,DevelopmentType.INDIRECT,DietType.FOLIAGE|FRUIT,caterpillar,1276,True,False,0.00500,active,0.00200,0.00100,0.00200,1.00000,0.00000,0.00000,0.00000,[5],139.63128,0.00000,0.00000
76982422-7e22-403b-93c3-a5a7f319b42f,2013-01-01,0,0.00000,67,DevelopmentType.INDIRECT,DietType.FOLIAGE|FRUIT,caterpillar,1276,True,False,0.00500,active,0.00200,0.00100,0.00200,1.00000,0.00000,0.00000,0.00000,[67],139.63128,0.00000,0.00000
ec8a69ca-bf08-48fe-bf4c-6ffadae8af4a,2013-01-01,0,0.00000,11,DevelopmentType.DIRECT,DietType.INVERTEBRATES|CARCASSES|VERTEBRATES,frog,203,True,False,0.50000,active,0.20000,0.10000,0.20000,0.25000,0.00000,0.00000,0.00000,"[11, 2, 20, 10]",25408.71548,0.00000,0.00000
16e0969c-d9b8-4b35-a5d3-4f2fa5c85a89,2013-01-01,0,0.00000,20,DevelopmentType.DIRECT,DietType.INVERTEBRATES|CARCASSES|VERTEBRATES,frog,203,True,False,0.50000,active,0.20000,0.10000,0.20000,0.25000,0.00000,0.00000,0.00000,"[20, 11, 29, 19]",25408.71548,0.00000,0.00000
a5317204-bcc5-46e0-8367-2f89a15a2d96,2013-01-01,0,0.00000,24,DevelopmentType.DIRECT,DietType.INVERTEBRATES|CARCASSES|VERTEBRATES,frog,203,True,False,0.50000,active,0.20000,0.10000,0.20000,0.25000,0.00000,0.00000,0.00000,"[24, 15, 33, 23]",25408.71548,0.00000,0.00000
014cc80e-8024-46fd-a6a3-c762f451c93b,2013-01-01,0,0.00000,15,DevelopmentType.DIRECT,DietType.INVERTEBRATES|CARCASSES|VERTEBRATES,frog,203,True,False,0.50000,active,0.20000,0.10000,0.20000,0.25000,0.00000,0.00000,0.00000,"[15, 6, 24, 14]",25408.71548,0.00000,0.00000
9efac8c8-5d99-4896-8571-904fe8877f04,2013-01-01,0,0.00000,25,DevelopmentType.DIRECT,DietType.INVERTEBRATES|CARCASSES|VERTEBRATES,frog,203,True,False,0.50000,active,0.20000,0.10000,0.20000,0.25000,0.00000,0.00000,0.00000,"[25, 16, 34, 24]",25408.71548,0.00000,0.00000
30ddb0f7-21f4-4a67-bd3e-93624eb265a8,2013-01-01,0,0.00000,80,DevelopmentType.DIRECT,DietType.INVERTEBRATES|CARCASSES|VERTEBRATES,frog,203,True,False,0.50000,active,0.20000,0.10000,0.20000,0.25000,0.00000,0.00000,0.00000,"[80, 71, 79, 62]",25408.71548,0.00000,0.00000
2de86c9b-c96f-4837-b022-0971a8809381,2013-01-01,0,0.00000,64,DevelopmentType.DIRECT,DietType.INVERTEBRATES|CARCASSES|VERTEBRATES,frog,203,True,False,0.50000,active,0.20000,0.10000,0.20000,0.25000,0.00000,0.00000,0.00000,"[64, 55, 73, 63]",25408.71548,0.00000,0.00000
1f666c16-4815-42f1-b810-29d71512291b,2013-01-01,0,0.00000,0,DevelopmentType.DIRECT,DietType.INVERTEBRATES|CARCASSES|VERTEBRATES,frog,203,True,False,0.50000,active,0.20000,0.10000,0.20000,0.25000,0.00000,0.00000,0.00000,"[0, 9, 1, 18]",25408.71548,0.00000,0.00000
d80c19c2-e680-401b-a2f0-f0304245a93e,2013-01-01,0,0.00000,52,DevelopmentType.DIRECT,DietType.INVERTEBRATES|CARCASSES|VERTEBRATES,frog,203,True,False,0.50000,active,0.20000,0.10000,0.20000,0.25000,0.00000,0.00000,0.00000,"[52, 43, 61, 51]",25408.71548,0.00000,0.00000
fe6bc439-62fd-4d87-8615-e56271e5b55f,2013-01-01,0,0.00000,74,DevelopmentType.DIRECT,DietType.INVERTEBRATES|CARCASSES|VERTEBRATES,frog,203,True,False,0.50000,active,0.20000,0.10000,0.20000,0.25000,0.00000,0.00000,0.00000,"[74, 65, 73, 75]",25408.71548,0.00000,0.00000
1d2e85d7-c66e-4743-9780-790a6f6ae5ad,2013-01-01,0,0.00000,60,DevelopmentType.DIRECT,DietType.INVERTEBRATES|CARCASSES|VERTEBRATES,frog,203,True,False,0.50000,active,0.20000,0.10000,0.20000,0.25000,0.00000,0.00000,0.00000,"[60, 51, 69, 59]",25408.71548,0.00000,0.00000
41a67d8b-7f49-454e-980d-eab55eece4ac,2013-01-01,0,0.00000,70,DevelopmentType.DIRECT,DietType.INVERTEBRATES|CARCASSES|VERTEBRATES,frog,203,True,False,0.50000,active,0.20000,0.10000,0.20000,0.25000,0.00000,0.00000,0.00000,"[70, 61, 79, 69]",25408.71548,0.00000,0.00000
26f3476f-38c8-42db-b197-578678a0599d,2013-01-01,0,0.00000,39,DevelopmentType.DIRECT,DietType.INVERTEBRATES|CARCASSES|VERTEBRATES,frog,203,True,False,0.50000,active,0.20000,0.10000,0.20000,0.25000,0.00000,0.00000,0.00000,"[39, 30, 48, 38]",25408.71548,0.00000,0.00000
5198b968-775b-40c7-8c82-8db9a4dff3f9,2013-01-01,0,0.00000,26,DevelopmentType.DIRECT,DietType.INVERTEBRATES|CARCASSES|VERTEBRATES,frog,203,True,False,0.50000,active,0.20000,0.10000,0.20000,0.25000,0.00000,0.00000,0.00000,"[26, 17, 35, 25]",25408.71548,0.00000,0.00000
96429081-5ff1-4ec2-bc63-508de52eba4c,2013-01-01,0,0.00000,38,DevelopmentType.DIRECT,DietType.INVERTEBRATES|CARCASSES|VERTEBRATES,frog,203,True,False,0.50000,active,0.20000,0.10000,0.20000,0.25000,0.00000,0.00000,0.00000,"[38, 29, 47, 37]",25408.71548,0.00000,0.00000
0604e50c-3d48-412b-9336-5b0eeb70e37e,2013-01-01,0,0.00000,68,DevelopmentType.DIRECT,DietType.INVERTEBRATES|CARCASSES|VERTEBRATES,frog,203,True,False,0.50000,active,0.20000,0.10000,0.20000,0.25000,0.00000,0.00000,0.00000,"[68, 59, 77, 67]",25408.71548,0.00000,0.00000
b0100068-1a97-4119-b17f-0ca3a88486d9,2013-01-01,0,0.00000,10,DevelopmentType.DIRECT,DietType.INVERTEBRATES|CARCASSES|VERTEBRATES,frog,203,True,False,0.50000,active,0.20000,0.10000,0.20000,0.25000,0.00000,0.00000,0.00000,"[10, 1, 19, 9]",25408.71548,0.00000,0.00000
3d260dad-968d-465a-9fb5-def3026835d2,2013-01-01,0,0.00000,7,DevelopmentType.DIRECT,DietType.INVERTEBRATES|CARCASSES|VERTEBRATES,frog,203,True,False,0.50000,active,0.20000,0.10000,0.20000,0.25000,0.00000,0.00000,0.00000,"[7, 16, 6, 8]",25408.71548,0.00000,0.00000
c23bcf02-ca6e-4836-82bf-8c875748afd3,2013-01-01,0,0.00000,59,DevelopmentType.DIRECT,DietType.INVERTEBRATES|CARCASSES|VERTEBRATES,frog,203,True,False,0.50000,active,0.20000,0.10000,0.20000,0.25000,0.00000,0.00000,0.00000,"[59, 50, 68, 58]",25408.71548,0.00000,0.00000
a1c4289b-a82d-4fc6-bce8-e38db4e71e4f,2013-01-01,0,0.00000,47,DevelopmentType.DIRECT,DietType.INVERTEBRATES|CARCASSES|VERTEBRATES,frog,203,True,False,0.50000,active,0.20000,0.10000,0.20000,0.25000,0.00000,0.00000,0.00000,"[47, 38, 56, 46]",25408.71548,0.00000,0.00000
d473c232-85e8-49cd-b916-8eff56c19c31,2013-01-01,0,0.00000,72,DevelopmentType.DIRECT,DietType.INVERTEBRATES|CARCASSES|VERTEBRATES,frog,203,True,False,0.50000,active,0.20000,0.10000,0.20000,0.25000,0.00000,0.00000,0.00000,"[72, 63, 73, 54]",25408.71548,0.00000,0.00000
edadd2c8-c873-4c7f-8272-b5f4ae074079,2013-01-01,0,0.00000,41,DevelopmentType.DIRECT,DietType.INVERTEBRATES|CARCASSES|VERTEBRATES,frog,203,True,False,0.50000,active,0.20000,0.10000,0.20000,0.25000,0.00000,0.00000,0.00000,"[41, 32, 50, 40]",25408.71548,0.00000,0.00000
516248f8-ad56-4ee2-b510-8745fc34af22,2013-01-01,0,0.00000,32,DevelopmentType.DIRECT,DietType.INVERTEBRATES|CARCASSES|VERTEBRATES,frog,203,True,False,0.50000,active,0.20000,0.10000,0.20000,0.25000,0.00000,0.00000,0.00000,"[32, 23, 41, 31]",25408.71548,0.00000,0.00000
014e80cb-89fb-484c-a09f-f81989d4cc5f,2013-01-01,0,0.00000,31,DevelopmentType.DIRECT,DietType.INVERTEBRATES|CARCASSES|VERTEBRATES,frog,203,True,False,0.50000,active,0.20000,0.10000,0.20000,0.25000,0.00000,0.00000,0.00000,"[31, 22, 40, 30]",25408.71548,0.00000,0.00000
80c63c1c-3bcf-4ddb-9ec0-dc49728eb471,2013-01-01,0,0.00000,13,DevelopmentType.DIRECT,DietType.INVERTEBRATES|CARCASSES|VERTEBRATES,frog,203,True,False,0.50000,active,0.20000,0.10000,0.20000,0.25000,0.00000,0.00000,0.00000,"[13, 4, 22, 12]",25408.71548,0.00000,0.00000
b01f87f3-d76c-43c8-b9e0-64b671066237,2013-01-01,0,0.00000,29,DevelopmentType.DIRECT,DietType.INVERTEBRATES|CARCASSES|VERTEBRATES,frog,203,True,False,0.50000,active,0.20000,0.10000,0.20000,0.25000,0.00000,0.00000,0.00000,"[29, 20, 38, 28]",25408.71548,0.00000,0.00000
9c1c92be-0755-4b73-a7bc-e56fdd0f089f,2013-01-01,0,0.00000,56,DevelopmentType.DIRECT,DietType.INVERTEBRATES|CARCASSES|VERTEBRATES,frog,202,True,False,0.50000,active,0.20000,0.10000,0.20000,0.25000,0.00000,0.00000,0.00000,"[56, 47, 65, 55]",25408.71548,0.00000,0.00000
636c66fa-1bcd-4594-a25a-09eae0bd94d8,2013-01-01,0,0.00000,8,DevelopmentType.DIRECT,DietType.INVERTEBRATES|CARCASSES|VERTEBRATES,frog,202,True,False,0.50000,active,0.20000,0.10000,0.20000,0.25000,0.00000,0.00000,0.00000,"[8, 17, 7, 26]",25408.71548,0.00000,0.00000
12b45a4c-d519-47ea-a298-5e1afa700acd,2013-01-01,0,0.00000,42,DevelopmentType.DIRECT,DietType.INVERTEBRATES|CARCASSES|VERTEBRATES,frog,202,True,False,0.50000,active,0.20000,0.10000,0.20000,0.25000,0.00000,0.00000,0.00000,"[42, 33, 51, 41]",25408.71548,0.00000,0.00000
1526f62e-ee52-4090-bb4b-59abcb6280b9,2013-01-01,0,0.00000,62,DevelopmentType.DIRECT,DietType.INVERTEBRATES|CARCASSES|VERTEBRATES,frog,202,True,False,0.50000,active,0.20000,0.10000,0.20000,0.25000,0.00000,0.00000,0.00000,"[62, 53, 71, 61]",25408.71548,0.00000,0.00000
b4597e6e-15a3-4729-a5e3-60c031d42a2f,2013-01-01,0,0.00000,50,DevelopmentType.DIRECT,DietType.INVERTEBRATES|CARCASSES|VERTEBRATES,frog,202,True,False,0.50000,active,0.20000,0.10000,0.20000,0.25000,0.00000,0.00000,0.00000,"[50, 41, 59, 49]",25408.71548,0.00000,0.00000
c33f4308-de6c-43ff-8b78-42262a4372e2,2013-01-01,0,0.00000,75,DevelopmentType.DIRECT,DietType.INVERTEBRATES|CARCASSES|VERTEBRATES,frog,202,True,False,0.50000,active,0.20000,0.10000,0.20000,0.25000,0.00000,0.00000,0.00000,"[75, 66, 74, 76]",25408.71548,0.00000,0.00000
c731d17e-30d3-4227-be3e-f27a73b5573d,2013-01-01,0,0.00000,40,DevelopmentType.DIRECT,DietType.INVERTEBRATES|CARCASSES|VERTEBRATES,frog,202,True,False,0.50000,active,0.20000,0.10000,0.20000,0.25000,0.00000,0.00000,0.00000,"[40, 31, 49, 39]",25408.71548,0.00000,0.00000
1a17d6df-1a2d-4d15-a199-8acf1bb58b44,2013-01-01,0,0.00000,9,DevelopmentType.DIRECT,DietType.INVERTEBRATES|CARCASSES|VERTEBRATES,frog,202,True,False,0.50000,active,0.20000,0.10000,0.20000,0.25000,0.00000,0.00000,0.00000,"[9, 0, 18, 10]",25408.71548,0.00000,0.00000
3e45f750-1005-4ad1-aa8f-16401d473194,2013-01-01,0,0.00000,4,DevelopmentType.DIRECT,DietType.INVERTEBRATES|CARCASSES|VERTEBRATES,frog,202,True,False,0.50000,active,0.20000,0.10000,0.20000,0.25000,0.00000,0.00000,0.00000,"[4, 13, 3, 5]",25408.71548,0.00000,0.00000
12ffbf94-902c-4caf-8dab-60b435eeb6ef,2013-01-01,0,0.00000,44,DevelopmentType.DIRECT,DietType.INVERTEBRATES|CARCASSES|VERTEBRATES,frog,202,True,False,0.50000,active,0.20000,0.10000,0.20000,0.25000,0.00000,0.00000,0.00000,"[44, 35, 53, 43]",25408.71548,0.00000,0.00000
9d00c352-c47e-4a93-ba7d-cbe88fdc627b,2013-01-01,0,0.00000,43,DevelopmentType.DIRECT,DietType.INVERTEBRATES|CARCASSES|VERTEBRATES,frog,202,True,False,0.50000,active,0.20000,0.10000,0.20000,0.25000,0.00000,0.00000,0.00000,"[43, 34, 52, 42]",25408.71548,0.00000,0.00000
0de27271-3c52-4c13-b69f-1ad9ae96ffca,2013-01-01,0,0.00000,49,DevelopmentType.DIRECT,DietType.INVERTEBRATES|CARCASSES|VERTEBRATES,frog,202,True,False,0.50000,active,0.20000,0.10000,0.20000,0.25000,0.00000,0.00000,0.00000,"[49, 40, 58, 48]",25408.71548,0.00000,0.00000
f5b81e77-d5f4-46ac-9300-2defc9e1515f,2013-01-01,0,0.00000,79,DevelopmentType.DIRECT,DietType.INVERTEBRATES|CARCASSES|VERTEBRATES,frog,202,True,False,0.50000,active,0.20000,0.10000,0.20000,0.25000,0.00000,0.00000,0.00000,"[79, 70, 78, 80]",25408.71548,0.00000,0.00000
4a47ec07-0187-419e-b899-ab5f6c3a71d0,2013-01-01,0,0.00000,37,DevelopmentType.DIRECT,DietType.INVERTEBRATES|CARCASSES|VERTEBRATES,frog,202,True,False,0.50000,active,0.20000,0.10000,0.20000,0.25000,0.00000,0.00000,0.00000,"[37, 28, 46, 36]",25408.71548,0.00000,0.00000
5e870b12-8f6d-409b-ae38-8bd48f71d376,2013-01-01,0,0.00000,46,DevelopmentType.DIRECT,DietType.INVERTEBRATES|CARCASSES|VERTEBRATES,frog,202,True,False,0.50000,active,0.20000,0.10000,0.20000,0.25000,0.00000,0.00000,0.00000,"[46, 37, 55, 45]",25408.71548,0.00000,0.00000
90195365-ae06-405d-8388-643dbbb65b5a,2013-01-01,0,0.00000,77,DevelopmentType.DIRECT,DietType.INVERTEBRATES|CARCASSES|VERTEBRATES,frog,202,True,False,0.50000,active,0.20000,0.10000,0.20000,0.25000,0.00000,0.00000,0.00000,"[77, 68, 76, 78]",25408.71548,0.00000,0.00000
0c60e923-f34f-4130-b1cd-ee292beb5c29,2013-01-01,0,0.00000,30,DevelopmentType.DIRECT,DietType.INVERTEBRATES|CARCASSES|VERTEBRATES,frog,202,True,False,0.50000,active,0.20000,0.10000,0.20000,0.25000,0.00000,0.00000,0.00000,"[30, 21, 39, 29]",25408.71548,0.00000,0.00000
8d9b73fa-75b8-46b7-b7a6-396832aa772b,2013-01-01,0,0.00000,65,DevelopmentType.DIRECT,DietType.INVERTEBRATES|CARCASSES|VERTEBRATES,frog,202,True,False,0.50000,active,0.20000,0.10000,0.20000,0.25000,0.00000,0.00000,0.00000,"[65, 56, 74, 64]",25408.71548,0.00000,0.00000
66eb7a32-c88e-476e-a1d7-f29ca9db4b6b,2013-01-01,0,0.00000,1,DevelopmentType.DIRECT,DietType.INVERTEBRATES|CARCASSES|VERTEBRATES,frog,202,True,False,0.50000,active,0.20000,0.10000,0.20000,0.25000,0.00000,0.00000,0.00000,"[1, 10, 0, 2]",25408.71548,0.00000,0.00000
f6648058-db92-4c35-a57e-9f98759861e2,2013-01-01,0,0.00000,63,DevelopmentType.DIRECT,DietType.INVERTEBRATES|CARCASSES|VERTEBRATES,frog,202,True,False,0.50000,active,0.20000,0.10000,0.20000,0.25000,0.00000,0.00000,0.00000,"[63, 54, 72, 64]",25408.71548,0.00000,0.00000
45c133be-3778-4f87-a8c4-5ba3085c6511,2013-01-01,0,0.00000,45,DevelopmentType.DIRECT,DietType.INVERTEBRATES|CARCASSES|VERTEBRATES,frog,202,True,False,0.50000,active,0.20000,0.10000,0.20000,0.25000,0.00000,0.00000,0.00000,"[45, 36, 54, 46]",25408.71548,0.00000,0.00000
e81563d2-4681-4066-a5df-55c1ed6d9d5b,2013-01-01,0,0.00000,17,DevelopmentType.DIRECT,DietType.INVERTEBRATES|CARCASSES|VERTEBRATES,frog,202,True,False,0.50000,active,0.20000,0.10000,0.20000,0.25000,0.00000,0.00000,0.00000,"[17, 8, 26, 16]",25408.71548,0.00000,0.00000
0d56a488-5b66-45b7-87a5-6c8a97ee9f2b,2013-01-01,0,0.00000,6,DevelopmentType.DIRECT,DietType.INVERTEBRATES|CARCASSES|VERTEBRATES,frog,202,True,False,0.50000,active,0.20000,0.10000,0.20000,0.25000,0.00000,0.00000,0.00000,"[6, 15, 5, 7]",25408.71548,0.00000,0.00000
926ad54f-cf6d-453a-9327-ca0f9351d061,2013-01-01,0,0.00000,48,DevelopmentType.DIRECT,DietType.INVERTEBRATES|CARCASSES|VERTEBRATES,frog,202,True,False,0.50000,active,0.20000,0.10000,0.20000,0.25000,0.00000,0.00000,0.00000,"[48, 39, 57, 47]",25408.71548,0.00000,0.00000
86a3bb5a-ec1d-43a4-b597-b4b4271c444f,2013-01-01,0,0.00000,3,DevelopmentType.DIRECT,DietType.INVERTEBRATES|CARCASSES|VERTEBRATES,frog,202,True,False,0.50000,active,0.20000,0.10000,0.20000,0.25000,0.00000,0.00000,0.00000,"[3, 12, 2, 4]",25408.71548,0.00000,0.00000
fe3bfbad-7e4e-4d8c-a522-731a478fc295,2013-01-01,0,0.00000,18,DevelopmentType.DIRECT,DietType.INVERTEBRATES|CARCASSES|VERTEBRATES,frog,202,True,False,0.50000,active,0.20000,0.10000,0.20000,0.25000,0.00000,0.00000,0.00000,"[18, 9, 27, 19]",25408.71548,0.00000,0.00000
d428d456-9810-4f7b-9507-5c5dd4c62c49,2013-01-01,0,0.00000,71,DevelopmentType.DIRECT,DietType.INVERTEBRATES|CARCASSES|VERTEBRATES,frog,202,True,False,0.50000,active,0.20000,0.10000,0.20000,0.25000,0.00000,0.00000,0.00000,"[71, 62, 80, 70]",25408.71548,0.00000,0.00000
f28c96e2-a137-4d40-8b12-2715a6dddfe6,2013-01-01,0,0.00000,28,DevelopmentType.DIRECT,DietType.INVERTEBRATES|CARCASSES|VERTEBRATES,frog,202,True,False,0.50000,active,0.20000,0.10000,0.20000,0.25000,0.00000,0.00000,0.00000,"[28, 19, 37, 27]",25408.71548,0.00000,0.00000
70717736-c08e-463b-a574-dc18916a35fe,2013-01-01,0,0.00000,58,DevelopmentType.DIRECT,DietType.INVERTEBRATES|CARCASSES|VERTEBRATES,frog,202,True,False,0.50000,active,0.20000,0.10000,0.20000,0.25000,0.00000,0.00000,0.00000,"[58, 49, 67, 57]",25408.71548,0.00000,0.00000
153a5e29-85dd-414f-9624-5d8e65e1d690,2013-01-01,0,0.00000,12,DevelopmentType.DIRECT,DietType.INVERTEBRATES|CARCASSES|VERTEBRATES,frog,202,True,False,0.50000,active,0.20000,0.10000,0.20000,0.25000,0.00000,0.00000,0.00000,"[12, 3, 21, 11]",25408.71548,0.00000,0.00000
e2d227a7-2e66-428d-a966-3a49051673d5,2013-01-01,0,0.00000,35,DevelopmentType.DIRECT,DietType.INVERTEBRATES|CARCASSES|VERTEBRATES,frog,202,True,False,0.50000,active,0.20000,0.10000,0.20000,0.25000,0.00000,0.00000,0.00000,"[35, 26, 44, 34]",25408.71548,0.00000,0.00000
a60eee58-1c7f-4b74-b5dc-da58ccce6354,2013-01-01,0,0.00000,34,DevelopmentType.DIRECT,DietType.INVERTEBRATES|CARCASSES|VERTEBRATES,frog,202,True,False,0.50000,active,0.20000,0.10000,0.20000,0.25000,0.00000,0.00000,0.00000,"[34, 25, 43, 33]",25408.71548,0.00000,0.00000
d79874f7-7f93-4a2a-885e-80479dd1e93c,2013-01-01,0,0.00000,22,DevelopmentType.DIRECT,DietType.INVERTEBRATES|CARCASSES|VERTEBRATES,frog,202,True,False,0.50000,active,0.20000,0.10000,0.20000,0.25000,0.00000,0.00000,0.00000,"[22, 13, 31, 21]",25408.71548,0.00000,0.00000
300e7cc6-65c6-4beb-8e47-2bb9ae769003,2013-01-01,0,0.00000,16,DevelopmentType.DIRECT,DietType.INVERTEBRATES|CARCASSES|VERTEBRATES,frog,202,True,False,0.50000,active,0.20000,0.10000,0.20000,0.25000,0.00000,0.00000,0.00000,"[16, 7, 25, 15]",25408.71548,0.00000,0.00000
407913ec-2310-4a3b-bb1b-ac8b047531d3,2013-01-01,0,0.00000,36,DevelopmentType.DIRECT,DietType.INVERTEBRATES|CARCASSES|VERTEBRATES,frog,202,True,False,0.50000,active,0.20000,0.10000,0.20000,0.25000,0.00000,0.00000,0.00000,"[36, 27, 45, 37]",25408.71548,0.00000,0.00000
7efbc56c-aca5-4d69-b620-512ee3e1c511,2013-01-01,0,0.00000,55,DevelopmentType.DIRECT,DietType.INVERTEBRATES|CARCASSES|VERTEBRATES,frog,202,True,False,0.50000,active,0.20000,0.10000,0.20000,0.25000,0.00000,0.00000,0.00000,"[55, 46, 64, 54]",25408.71548,0.00000,0.00000
284bc30e-5c0c-4255-80d8-6b4396b2d21e,2013-01-01,0,0.00000,23,DevelopmentType.DIRECT,DietType.INVERTEBRATES|CARCASSES|VERTEBRATES,frog,202,True,False,0.50000,active,0.20000,0.10000,0.20000,0.25000,0.00000,0.00000,0.00000,"[23, 14, 32, 22]",25408.71548,0.00000,0.00000
5d0b4cb8-bc95-4ee3-8b7b-08a43a93d663,2013-01-01,0,0.00000,78,DevelopmentType.DIRECT,DietType.INVERTEBRATES|CARCASSES|VERTEBRATES,frog,202,True,False,0.50000,active,0.20000,0.10000,0.20000,0.25000,0.00000,0.00000,0.00000,"[78, 69, 77, 79]",25408.71548,0.00000,0.00000
3d410758-490c-4866-8d5c-f2b3b95564fb,2013-01-01,0,0.00000,57,DevelopmentType.DIRECT,DietType.INVERTEBRATES|CARCASSES|VERTEBRATES,frog,202,True,False,0.50000,active,0.20000,0.10000,0.20000,0.25000,0.00000,0.00000,0.00000,"[57, 48, 66, 56]",25408.71548,0.00000,0.00000
dd8346a6-a616-4243-b54b-7e126d5444c6,2013-01-01,0,0.00000,51,DevelopmentType.DIRECT,DietType.INVERTEBRATES|CARCASSES|VERTEBRATES,frog,202,True,False,0.50000,active,0.20000,0.10000,0.20000,0.25000,0.00000,0.00000,0.00000,"[51, 42, 60, 50]",25408.71548,0.00000,0.00000
ad7748b0-fd62-45df-a52c-7cfb554ce83c,2013-01-01,0,0.00000,2,DevelopmentType.DIRECT,DietType.INVERTEBRATES|CARCASSES|VERTEBRATES,frog,202,True,False,0.50000,active,0.20000,0.10000,0.20000,0.25000,0.00000,0.00000,0.00000,"[2, 11, 1, 3]",25408.71548,0.00000,0.00000
a6465c04-601a-4ab0-a6eb-24e7ce146ad9,2013-01-01,0,0.00000,27,DevelopmentType.DIRECT,DietType.INVERTEBRATES|CARCASSES|VERTEBRATES,frog,202,True,False,0.50000,active,0.20000,0.10000,0.20000,0.25000,0.00000,0.00000,0.00000,"[27, 18, 36, 28]",25408.71548,0.00000,0.00000
85aa40b0-998c-4ef4-a21b-c99b539af498,2013-01-01,0,0.00000,61,DevelopmentType.DIRECT,DietType.INVERTEBRATES|CARCASSES|VERTEBRATES,frog,202,True,False,0.50000,active,0.20000,0.10000,0.20000,0.25000,0.00000,0.00000,0.00000,"[61, 52, 70, 60]",25408.71548,0.00000,0.00000
0d240a9e-99cc-48ae-99f1-42fcc6d5b709,2013-01-01,0,0.00000,67,DevelopmentType.DIRECT,DietType.INVERTEBRATES|CARCASSES|VERTEBRATES,frog,202,True,False,0.50000,active,0.20000,0.10000,0.20000,0.25000,0.00000,0.00000,0.00000,"[67, 58, 76, 66]",25408.71548,0.00000,0.00000
049aaa24-5c1b-431b-997b-649dc95655a5,2013-01-01,0,0.00000,54,DevelopmentType.DIRECT,DietType.INVERTEBRATES|CARCASSES|VERTEBRATES,frog,202,True,False,0.50000,active,0.20000,0.10000,0.20000,0.25000,0.00000,0.00000,0.00000,"[54, 45, 63, 55]",25408.71548,0.00000,0.00000
274107a6-0bf4-44c3-ab34-8eadf634d676,2013-01-01,0,0.00000,21,DevelopmentType.DIRECT,DietType.INVERTEBRATES|CARCASSES|VERTEBRATES,frog,202,True,False,0.50000,active,0.20000,0.10000,0.20000,0.25000,0.00000,0.00000,0.00000,"[21, 12, 30, 20]",25408.71548,0.00000,0.00000
0915ad87-1c79-4fad-afe5-31a585ceb76d,2013-01-01,0,0.00000,53,DevelopmentType.DIRECT,DietType.INVERTEBRATES|CARCASSES|VERTEBRATES,frog,202,True,False,0.50000,active,0.20000,0.10000,0.20000,0.25000,0.00000,0.00000,0.00000,"[53, 44, 62, 52]",25408.71548,0.00000,0.00000
9fa6f39b-6f72-4f88-ac85-ca61fdc1fca9,2013-01-01,0,0.00000,33,DevelopmentType.DIRECT,DietType.INVERTEBRATES|CARCASSES|VERTEBRATES,frog,202,True,False,0.50000,active,0.20000,0.10000,0.20000,0.25000,0.00000,0.00000,0.00000,"[33, 24, 42, 32]",25408.71548,0.00000,0.00000
760ceaa0-4925-4c31-a95b-d1be9538b942,2013-01-01,0,0.00000,69,DevelopmentType.DIRECT,DietType.INVERTEBRATES|CARCASSES|VERTEBRATES,frog,202,True,False,0.50000,active,0.20000,0.10000,0.20000,0.25000,0.00000,0.00000,0.00000,"[69, 60, 78, 68]",25408.71548,0.00000,0.00000
f8c3aa1a-7440-4e19-b7ba-cabd3c5f21fa,2013-01-01,0,0.00000,66,DevelopmentType.DIRECT,DietType.INVERTEBRATES|CARCASSES|VERTEBRATES,frog,202,True,False,0.50000,active,0.20000,0.10000,0.20000,0.25000,0.00000,0.00000,0.00000,"[66, 57, 75, 65]",25408.71548,0.00000,0.00000
25cc2014-0e70-4374-8dd8-1dd77675d277,2013-01-01,0,0.00000,19,DevelopmentType.DIRECT,DietType.INVERTEBRATES|CARCASSES|VERTEBRATES,frog,202,True,False,0.50000,active,0.20000,0.10000,0.20000,0.25000,0.00000,0.00000,0.00000,"[19, 10, 28, 18]",25408.71548,0.00000,0.00000
1be5585a-9560-4313-b7f6-2910b12376c1,2013-01-01,0,0.00000,73,DevelopmentType.DIRECT,DietType.INVERTEBRATES|CARCASSES|VERTEBRATES,frog,202,True,False,0.50000,active,0.20000,0.10000,0.20000,0.25000,0.00000,0.00000,0.00000,"[73, 64, 72, 74]",25408.71548,0.00000,0.00000
ea77675c-f981-4f42-8e84-3d60fd6223f4,2013-01-01,0,0.00000,5,DevelopmentType.DIRECT,DietType.INVERTEBRATES|CARCASSES|VERTEBRATES,frog,202,True,False,0.50000,active,0.20000,0.10000,0.20000,0.25000,0.00000,0.00000,0.00000,"[5, 14, 4, 6]",25408.71548,0.00000,0.00000
b2c85b8b-e7cd-4255-ae9f-b7dbbf14371f,2013-01-01,0,0.00000,14,DevelopmentType.DIRECT,DietType.INVERTEBRATES|CARCASSES|VERTEBRATES,frog,202,True,False,0.50000,active,0.20000,0.10000,0.20000,0.25000,0.00000,0.00000,0.00000,"[14, 5, 23, 13]",25408.71548,0.00000,0.00000
fe3730b2-562b-4fc4-a648-4738a32eee26,2013-01-01,0,0.00000,76,DevelopmentType.DIRECT,DietType.INVERTEBRATES|CARCASSES|VERTEBRATES,frog,202,True,False,0.50000,active,0.20000,0.10000,0.20000,0.25000,0.00000,0.00000,0.00000,"[76, 67, 75, 77]",25408.71548,0.00000,0.00000
abcd1a5c-a3ac-4647-8741-4c27d0658b20,2013-01-01,0,0.00000,64,DevelopmentType.DIRECT,DietType.INVERTEBRATES,swallow,292,True,False,0.20000,active,0.08000,0.06000,0.06000,0.50000,0.00000,0.00000,0.00000,"[64, 55]",9022.15949,0.00000,0.00000
dc986c12-ce23-4f01-a03c-2ae48595593d,2013-01-01,0,0.00000,5,DevelopmentType.DIRECT,DietType.INVERTEBRATES,swallow,292,True,False,0.20000,active,0.08000,0.06000,0.06000,0.50000,0.00000,0.00000,0.00000,"[5, 14]",9022.15949,0.00000,0.00000
78e7927a-3590-4dc8-ac17-b859edfd87e9,2013-01-01,0,0.00000,68,DevelopmentType.DIRECT,DietType.INVERTEBRATES,swallow,292,True,False,0.20000,active,0.08000,0.06000,0.06000,0.50000,0.00000,0.00000,0.00000,"[68, 59]",9022.15949,0.00000,0.00000
b7c4795b-73cd-41f2-adad-2600954b2080,2013-01-01,0,0.00000,62,DevelopmentType.DIRECT,DietType.INVERTEBRATES,swallow,292,True,False,0.20000,active,0.08000,0.06000,0.06000,0.50000,0.00000,0.00000,0.00000,"[62, 53]",9022.15949,0.00000,0.00000
75479cb7-49b5-4770-81d6-2305d061210f,2013-01-01,0,0.00000,56,DevelopmentType.DIRECT,DietType.INVERTEBRATES,swallow,292,True,False,0.20000,active,0.08000,0.06000,0.06000,0.50000,0.00000,0.00000,0.00000,"[56, 47]",9022.15949,0.00000,0.00000
bf30bb42-ef9e-48d9-bfd0-2aa1899bb4dd,2013-01-01,0,0.00000,10,DevelopmentType.DIRECT,DietType.INVERTEBRATES,swallow,292,True,False,0.20000,active,0.08000,0.06000,0.06000,0.50000,0.00000,0.00000,0.00000,"[10, 1]",9022.15949,0.00000,0.00000
5fe09a49-f3f4-4fb9-96c2-d43e52ca5958,2013-01-01,0,0.00000,58,DevelopmentType.DIRECT,DietType.INVERTEBRATES,swallow,292,True,False,0.20000,active,0.08000,0.06000,0.06000,0.50000,0.00000,0.00000,0.00000,"[58, 49]",9022.15949,0.00000,0.00000
101c71fd-bf1c-4662-9fe2-4094e09e4386,2013-01-01,0,0.00000,21,DevelopmentType.DIRECT,DietType.INVERTEBRATES,swallow,292,True,False,0.20000,active,0.08000,0.06000,0.06000,0.50000,0.00000,0.00000,0.00000,"[21, 12]",9022.15949,0.00000,0.00000
89ad89f9-6193-40b4-af17-3e02717ad5e4,2013-01-01,0,0.00000,39,DevelopmentType.DIRECT,DietType.INVERTEBRATES,swallow,292,True,False,0.20000,active,0.08000,0.06000,0.06000,0.50000,0.00000,0.00000,0.00000,"[39, 30]",9022.15949,0.00000,0.00000
eba1ceed-9e73-4a0f-9b21-52a93a1a151b,2013-01-01,0,0.00000,76,DevelopmentType.DIRECT,DietType.INVERTEBRATES,swallow,292,True,False,0.20000,active,0.08000,0.06000,0.06000,0.50000,0.00000,0.00000,0.00000,"[76, 67]",9022.15949,0.00000,0.00000
6083cebb-7adf-46ab-baa6-2734826edc04,2013-01-01,0,0.00000,45,DevelopmentType.DIRECT,DietType.INVERTEBRATES,swallow,292,True,False,0.20000,active,0.08000,0.06000,0.06000,0.50000,0.00000,0.00000,0.00000,"[45, 36]",9022.15949,0.00000,0.00000
977d6862-7c0b-4a75-9531-581f95361e92,2013-01-01,0,0.00000,41,DevelopmentType.DIRECT,DietType.INVERTEBRATES,swallow,292,True,False,0.20000,active,0.08000,0.06000,0.06000,0.50000,0.00000,0.00000,0.00000,"[41, 32]",9022.15949,0.00000,0.00000
9caad0e5-32f6-4682-9a5e-433aaff2b9a6,2013-01-01,0,0.00000,72,DevelopmentType.DIRECT,DietType.INVERTEBRATES,swallow,292,True,False,0.20000,active,0.08000,0.06000,0.06000,0.50000,0.00000,0.00000,0.00000,"[72, 63]",9022.15949,0.00000,0.00000
f0a8f8fa-6ffd-4036-a9d8-2cea3e581dfe,2013-01-01,0,0.00000,26,DevelopmentType.DIRECT,DietType.INVERTEBRATES,swallow,292,True,False,0.20000,active,0.08000,0.06000,0.06000,0.50000,0.00000,0.00000,0.00000,"[26, 17]",9022.15949,0.00000,0.00000
9a2e6ce3-154d-45aa-a9fd-b947323436be,2013-01-01,0,0.00000,78,DevelopmentType.DIRECT,DietType.INVERTEBRATES,swallow,292,True,False,0.20000,active,0.08000,0.06000,0.06000,0.50000,0.00000,0.00000,0.00000,"[78, 69]",9022.15949,0.00000,0.00000
77be2f26-e29c-4b89-9f5b-3d88e27c9da8,2013-01-01,0,0.00000,35,DevelopmentType.DIRECT,DietType.INVERTEBRATES,swallow,292,True,False,0.20000,active,0.08000,0.06000,0.06000,0.50000,0.00000,0.00000,0.00000,"[35, 26]",9022.15949,0.00000,0.00000
0c8db1b8-649b-4504-94d6-f037cd157ea4,2013-01-01,0,0.00000,53,DevelopmentType.DIRECT,DietType.INVERTEBRATES,swallow,292,True,False,0.20000,active,0.08000,0.06000,0.06000,0.50000,0.00000,0.00000,0.00000,"[53, 44]",9022.15949,0.00000,0.00000
6b28bcfa-abec-440e-8ef7-b29fa1cee24a,2013-01-01,0,0.00000,69,DevelopmentType.DIRECT,DietType.INVERTEBRATES,swallow,292,True,False,0.20000,active,0.08000,0.06000,0.06000,0.50000,0.00000,0.00000,0.00000,"[69, 60]",9022.15949,0.00000,0.00000
9c4f71bd-fd84-41ed-9296-75e1c84cbae1,2013-01-01,0,0.00000,2,DevelopmentType.DIRECT,DietType.INVERTEBRATES,swallow,292,True,False,0.20000,active,0.08000,0.06000,0.06000,0.50000,0.00000,0.00000,0.00000,"[2, 11]",9022.15949,0.00000,0.00000
218d3b64-c9ca-49f7-b072-a1adf12ab20f,2013-01-01,0,0.00000,23,DevelopmentType.DIRECT,DietType.INVERTEBRATES,swallow,292,True,False,0.20000,active,0.08000,0.06000,0.06000,0.50000,0.00000,0.00000,0.00000,"[23, 14]",9022.15949,0.00000,0.00000
8db9fbaf-0ca1-4b7c-976c-a438030caa8b,2013-01-01,0,0.00000,67,DevelopmentType.DIRECT,DietType.INVERTEBRATES,swallow,292,True,False,0.20000,active,0.08000,0.06000,0.06000,0.50000,0.00000,0.00000,0.00000,"[67, 58]",9022.15949,0.00000,0.00000
c0cfcddd-32e2-4c19-8d5f-b8666504a9a2,2013-01-01,0,0.00000,44,DevelopmentType.DIRECT,DietType.INVERTEBRATES,swallow,292,True,False,0.20000,active,0.08000,0.06000,0.06000,0.50000,0.00000,0.00000,0.00000,"[44, 35]",9022.15949,0.00000,0.00000
98ef0f58-f7bc-408c-ab8b-44b35425b54c,2013-01-01,0,0.00000,0,DevelopmentType.DIRECT,DietType.INVERTEBRATES,swallow,292,True,False,0.20000,active,0.08000,0.06000,0.06000,0.50000,0.00000,0.00000,0.00000,"[0, 9]",9022.15949,0.00000,0.00000
df3c6630-a908-4a52-bd8d-6980f7237d70,2013-01-01,0,0.00000,11,DevelopmentType.DIRECT,DietType.INVERTEBRATES,swallow,292,True,False,0.20000,active,0.08000,0.06000,0.06000,0.50000,0.00000,0.00000,0.00000,"[11, 2]",9022.15949,0.00000,0.00000
8c6e0398-af2a-48b7-9997-be21daf074e7,2013-01-01,0,0.00000,60,DevelopmentType.DIRECT,DietType.INVERTEBRATES,swallow,292,True,False,0.20000,active,0.08000,0.06000,0.06000,0.50000,0.00000,0.00000,0.00000,"[60, 51]",9022.15949,0.00000,0.00000
358f24a5-abfd-4b17-bc3d-3d11c930c0e4,2013-01-01,0,0.00000,75,DevelopmentType.DIRECT,DietType.INVERTEBRATES,swallow,292,True,False,0.20000,active,0.08000,0.06000,0.06000,0.50000,0.00000,0.00000,0.00000,"[75, 66]",9022.15949,0.00000,0.00000
b5b9b3dd-8e92-42b6-8386-f9b63cef04dc,2013-01-01,0,0.00000,43,DevelopmentType.DIRECT,DietType.INVERTEBRATES,swallow,292,True,False,0.20000,active,0.08000,0.06000,0.06000,0.50000,0.00000,0.00000,0.00000,"[43, 34]",9022.15949,0.00000,0.00000
bfcdb34a-f0d7-49f7-879a-1e4857fbb353,2013-01-01,0,0.00000,77,DevelopmentType.DIRECT,DietType.INVERTEBRATES,swallow,292,True,False,0.20000,active,0.08000,0.06000,0.06000,0.50000,0.00000,0.00000,0.00000,"[77, 68]",9022.15949,0.00000,0.00000
2fa1ca7a-af03-436b-be9c-d69798ec9435,2013-01-01,0,0.00000,20,DevelopmentType.DIRECT,DietType.INVERTEBRATES,swallow,292,True,False,0.20000,active,0.08000,0.06000,0.06000,0.50000,0.00000,0.00000,0.00000,"[20, 11]",9022.15949,0.00000,0.00000
3a56a020-94cf-4d9f-b511-d51ae30f0901,2013-01-01,0,0.00000,57,DevelopmentType.DIRECT,DietType.INVERTEBRATES,swallow,292,True,False,0.20000,active,0.08000,0.06000,0.06000,0.50000,0.00000,0.00000,0.00000,"[57, 48]",9022.15949,0.00000,0.00000
b59f402a-88e3-4572-a271-29ea14d7223c,2013-01-01,0,0.00000,40,DevelopmentType.DIRECT,DietType.INVERTEBRATES,swallow,292,True,False,0.20000,active,0.08000,0.06000,0.06000,0.50000,0.00000,0.00000,0.00000,"[40, 31]",9022.15949,0.00000,0.00000
b8e78b37-712d-4d6f-8e6c-ea1bf7307c25,2013-01-01,0,0.00000,3,DevelopmentType.DIRECT,DietType.INVERTEBRATES,swallow,292,True,False,0.20000,active,0.08000,0.06000,0.06000,0.50000,0.00000,0.00000,0.00000,"[3, 12]",9022.15949,0.00000,0.00000
26e7131b-f786-4043-8dbf-9251723e9a85,2013-01-01,0,0.00000,30,DevelopmentType.DIRECT,DietType.INVERTEBRATES,swallow,292,True,False,0.20000,active,0.08000,0.06000,0.06000,0.50000,0.00000,0.00000,0.00000,"[30, 21]",9022.15949,0.00000,0.00000
db44a2a5-b5ce-4d53-8c97-42b3cf8bb702,2013-01-01,0,0.00000,8,DevelopmentType.DIRECT,DietType.INVERTEBRATES,swallow,292,True,False,0.20000,active,0.08000,0.06000,0.06000,0.50000,0.00000,0.00000,0.00000,"[8, 17]",9022.15949,0.00000,0.00000
7c0027c5-b7ec-46fa-9b5e-9b1530086c66,2013-01-01,0,0.00000,38,DevelopmentType.DIRECT,DietType.INVERTEBRATES,swallow,292,True,False,0.20000,active,0.08000,0.06000,0.06000,0.50000,0.00000,0.00000,0.00000,"[38, 29]",9022.15949,0.00000,0.00000
a2fc8e68-fda4-42cb-8bad-03a19408cb94,2013-01-01,0,0.00000,50,DevelopmentType.DIRECT,DietType.INVERTEBRATES,swallow,292,True,False,0.20000,active,0.08000,0.06000,0.06000,0.50000,0.00000,0.00000,0.00000,"[50, 41]",9022.15949,0.00000,0.00000
75688116-7a28-4467-8edd-5b629a995f75,2013-01-01,0,0.00000,70,DevelopmentType.DIRECT,DietType.INVERTEBRATES,swallow,292,True,False,0.20000,active,0.08000,0.06000,0.06000,0.50000,0.00000,0.00000,0.00000,"[70, 61]",9022.15949,0.00000,0.00000
2ca0d8ad-f3ee-4c65-bae0-c74c9d811ced,2013-01-01,0,0.00000,1,DevelopmentType.DIRECT,DietType.INVERTEBRATES,swallow,292,True,False,0.20000,active,0.08000,0.06000,0.06000,0.50000,0.00000,0.00000,0.00000,"[1, 10]",9022.15949,0.00000,0.00000
748691fd-9235-4230-abe1-e373435ba52f,2013-01-01,0,0.00000,13,DevelopmentType.DIRECT,DietType.INVERTEBRATES,swallow,292,True,False,0.20000,active,0.08000,0.06000,0.06000,0.50000,0.00000,0.00000,0.00000,"[13, 4]",9022.15949,0.00000,0.00000
832d5b1a-62b4-47a3-8012-09285853288f,2013-01-01,0,0.00000,61,DevelopmentType.DIRECT,DietType.INVERTEBRATES,swallow,292,True,False,0.20000,active,0.08000,0.06000,0.06000,0.50000,0.00000,0.00000,0.00000,"[61, 52]",9022.15949,0.00000,0.00000
f3194a63-0818-42ee-a8d2-9d8ce04ce8f6,2013-01-01,0,0.00000,32,DevelopmentType.DIRECT,DietType.INVERTEBRATES,swallow,292,True,False,0.20000,active,0.08000,0.06000,0.06000,0.50000,0.00000,0.00000,0.00000,"[32, 23]",9022.15949,0.00000,0.00000
7216d75b-ae6a-459c-a212-d6ad9f90040c,2013-01-01,0,0.00000,4,DevelopmentType.DIRECT,DietType.INVERTEBRATES,swallow,292,True,False,0.20000,active,0.08000,0.06000,0.06000,0.50000,0.00000,0.00000,0.00000,"[4, 13]",9022.15949,0.00000,0.00000
61e5297b-4f52-4b24-964b-2485c0bca346,2013-01-01,0,0.00000,31,DevelopmentType.DIRECT,DietType.INVERTEBRATES,swallow,292,True,False,0.20000,active,0.08000,0.06000,0.06000,0.50000,0.00000,0.00000,0.00000,"[31, 22]",9022.15949,0.00000,0.00000
26379d49-4c19-4887-9a17-d0d05baff085,2013-01-01,0,0.00000,55,DevelopmentType.DIRECT,DietType.INVERTEBRATES,swallow,292,True,False,0.20000,active,0.08000,0.06000,0.06000,0.50000,0.00000,0.00000,0.00000,"[55, 46]",9022.15949,0.00000,0.00000
816714b5-d930-4134-8900-b9a7f0e20e54,2013-01-01,0,0.00000,36,DevelopmentType.DIRECT,DietType.INVERTEBRATES,swallow,292,True,False,0.20000,active,0.08000,0.06000,0.06000,0.50000,0.00000,0.00000,0.00000,"[36, 27]",9022.15949,0.00000,0.00000
96afe2f8-8a76-47d8-bf0d-4c7b8251873e,2013-01-01,0,0.00000,7,DevelopmentType.DIRECT,DietType.INVERTEBRATES,swallow,292,True,False,0.20000,active,0.08000,0.06000,0.06000,0.50000,0.00000,0.00000,0.00000,"[7, 16]",9022.15949,0.00000,0.00000
c860c9a4-af6d-4e55-a570-91befebb4265,2013-01-01,0,0.00000,18,DevelopmentType.DIRECT,DietType.INVERTEBRATES,swallow,292,True,False,0.20000,active,0.08000,0.06000,0.06000,0.50000,0.00000,0.00000,0.00000,"[18, 9]",9022.15949,0.00000,0.00000
1574f6bb-edeb-42eb-ab2b-9a198d10d4e9,2013-01-01,0,0.00000,34,DevelopmentType.DIRECT,DietType.INVERTEBRATES,swallow,292,True,False,0.20000,active,0.08000,0.06000,0.06000,0.50000,0.00000,0.00000,0.00000,"[34, 25]",9022.15949,0.00000,0.00000
7ec0ce4e-f95a-4f69-ba0b-0c357a18d609,2013-01-01,0,0.00000,25,DevelopmentType.DIRECT,DietType.INVERTEBRATES,swallow,292,True,False,0.20000,active,0.08000,0.06000,0.06000,0.50000,0.00000,0.00000,0.00000,"[25, 16]",9022.15949,0.00000,0.00000
7f0d66a8-156f-4a49-a8fb-bc55c3696959,2013-01-01,0,0.00000,37,DevelopmentType.DIRECT,DietType.INVERTEBRATES,swallow,292,True,False,0.20000,active,0.08000,0.06000,0.06000,0.50000,0.00000,0.00000,0.00000,"[37, 28]",9022.15949,0.00000,0.00000
7162b8db-90f0-4a05-9764-1294d5f5d0f3,2013-01-01,0,0.00000,49,DevelopmentType.DIRECT,DietType.INVERTEBRATES,swallow,292,True,False,0.20000,active,0.08000,0.06000,0.06000,0.50000,0.00000,0.00000,0.00000,"[49, 40]",9022.15949,0.00000,0.00000
0e6025c6-5d6a-4c3b-8f14-b1b19e641b96,2013-01-01,0,0.00000,33,DevelopmentType.DIRECT,DietType.INVERTEBRATES,swallow,292,True,False,0.20000,active,0.08000,0.06000,0.06000,0.50000,0.00000,0.00000,0.00000,"[33, 24]",9022.15949,0.00000,0.00000
684ffed1-e568-45c3-9f94-a4d0250eba0e,2013-01-01,0,0.00000,14,DevelopmentType.DIRECT,DietType.INVERTEBRATES,swallow,292,True,False,0.20000,active,0.08000,0.06000,0.06000,0.50000,0.00000,0.00000,0.00000,"[14, 5]",9022.15949,0.00000,0.00000
f17e37ce-ea77-4c33-aafa-5770b71c20b6,2013-01-01,0,0.00000,17,DevelopmentType.DIRECT,DietType.INVERTEBRATES,swallow,292,True,False,0.20000,active,0.08000,0.06000,0.06000,0.50000,0.00000,0.00000,0.00000,"[17, 8]",9022.15949,0.00000,0.00000
e336ef2a-4c5e-4e55-8559-b42518a9cc00,2013-01-01,0,0.00000,16,DevelopmentType.DIRECT,DietType.INVERTEBRATES,swallow,292,True,False,0.20000,active,0.08000,0.06000,0.06000,0.50000,0.00000,0.00000,0.00000,"[16, 7]",9022.15949,0.00000,0.00000
52dd9837-cd0c-45fe-b759-55e0bd84e94a,2013-01-01,0,0.00000,19,DevelopmentType.DIRECT,DietType.INVERTEBRATES,swallow,292,True,False,0.20000,active,0.08000,0.06000,0.06000,0.50000,0.00000,0.00000,0.00000,"[19, 10]",9022.15949,0.00000,0.00000
b134bef4-e79f-4cda-b917-6e1bf9b6255e,2013-01-01,0,0.00000,80,DevelopmentType.DIRECT,DietType.INVERTEBRATES,swallow,292,True,False,0.20000,active,0.08000,0.06000,0.06000,0.50000,0.00000,0.00000,0.00000,"[80, 71]",9022.15949,0.00000,0.00000
a1950eae-81eb-41a9-b34d-8575ba1b21eb,2013-01-01,0,0.00000,74,DevelopmentType.DIRECT,DietType.INVERTEBRATES,swallow,292,True,False,0.20000,active,0.08000,0.06000,0.06000,0.50000,0.00000,0.00000,0.00000,"[74, 65]",9022.15949,0.00000,0.00000
b927030b-b578-4ddd-941b-c30a9270733e,2013-01-01,0,0.00000,63,DevelopmentType.DIRECT,DietType.INVERTEBRATES,swallow,292,True,False,0.20000,active,0.08000,0.06000,0.06000,0.50000,0.00000,0.00000,0.00000,"[63, 54]",9022.15949,0.00000,0.00000
5bfcb509-22f0-4a62-b399-3fc4939bac72,2013-01-01,0,0.00000,59,DevelopmentType.DIRECT,DietType.INVERTEBRATES,swallow,292,True,False,0.20000,active,0.08000,0.06000,0.06000,0.50000,0.00000,0.00000,0.00000,"[59, 50]",9022.15949,0.00000,0.00000
5a028705-7a3a-4686-8b77-6ca37dcfce35,2013-01-01,0,0.00000,52,DevelopmentType.DIRECT,DietType.INVERTEBRATES,swallow,292,True,False,0.20000,active,0.08000,0.06000,0.06000,0.50000,0.00000,0.00000,0.00000,"[52, 43]",9022.15949,0.00000,0.00000
b331d0e3-4149-4135-96e5-f3744c5ab752,2013-01-01,0,0.00000,54,DevelopmentType.DIRECT,DietType.INVERTEBRATES,swallow,292,True,False,0.20000,active,0.08000,0.06000,0.06000,0.50000,0.00000,0.00000,0.00000,"[54, 45]",9022.15949,0.00000,0.00000
10f968c5-e29f-4944-92c0-eec9e087ccba,2013-01-01,0,0.00000,73,DevelopmentType.DIRECT,DietType.INVERTEBRATES,swallow,292,True,False,0.20000,active,0.08000,0.06000,0.06000,0.50000,0.00000,0.00000,0.00000,"[73, 64]",9022.15949,0.00000,0.00000
dab8bb14-ce1a-42f4-a89e-5e12ed78f138,2013-01-01,0,0.00000,51,DevelopmentType.DIRECT,DietType.INVERTEBRATES,swallow,292,True,False,0.20000,active,0.08000,0.06000,0.06000,0.50000,0.00000,0.00000,0.00000,"[51, 42]",9022.15949,0.00000,0.00000
9ef0e0cc-b83e-42ff-b3fc-e7e5da26df70,2013-01-01,0,0.00000,9,DevelopmentType.DIRECT,DietType.INVERTEBRATES,swallow,292,True,False,0.20000,active,0.08000,0.06000,0.06000,0.50000,0.00000,0.00000,0.00000,"[9, 0]",9022.15949,0.00000,0.00000
c2dcf8ae-0039-402f-abad-aabbca78e6d3,2013-01-01,0,0.00000,66,DevelopmentType.DIRECT,DietType.INVERTEBRATES,swallow,292,True,False,0.20000,active,0.08000,0.06000,0.06000,0.50000,0.00000,0.00000,0.00000,"[66, 57]",9022.15949,0.00000,0.00000
bd906f25-31ce-4507-bc0b-bedaf7279ab7,2013-01-01,0,0.00000,22,DevelopmentType.DIRECT,DietType.INVERTEBRATES,swallow,292,True,False,0.20000,active,0.08000,0.06000,0.06000,0.50000,0.00000,0.00000,0.00000,"[22, 13]",9022.15949,0.00000,0.00000
b84985b3-166f-4295-a3c2-9c8674079b05,2013-01-01,0,0.00000,28,DevelopmentType.DIRECT,DietType.INVERTEBRATES,swallow,292,True,False,0.20000,active,0.08000,0.06000,0.06000,0.50000,0.00000,0.00000,0.00000,"[28, 19]",9022.15949,0.00000,0.00000
ea8f60be-edca-4e7a-9338-1f960b008589,2013-01-01,0,0.00000,42,DevelopmentType.DIRECT,DietType.INVERTEBRATES,swallow,292,True,False,0.20000,active,0.08000,0.06000,0.06000,0.50000,0.00000,0.00000,0.00000,"[42, 33]",9022.15949,0.00000,0.00000
911d4d45-de7d-4859-8457-62143c321c7e,2013-01-01,0,0.00000,71,DevelopmentType.DIRECT,DietType.INVERTEBRATES,swallow,292,True,False,0.20000,active,0.08000,0.06000,0.06000,0.50000,0.00000,0.00000,0.00000,"[71, 62]",9022.15949,0.00000,0.00000
d39e355f-4e53-4bc2-b564-e1304929f500,2013-01-01,0,0.00000,12,DevelopmentType.DIRECT,DietType.INVERTEBRATES,swallow,292,True,False,0.20000,active,0.08000,0.06000,0.06000,0.50000,0.00000,0.00000,0.00000,"[12, 3]",9022.15949,0.00000,0.00000
7d09bbcd-cb7f-4919-bf3b-1afe0188a2dc,2013-01-01,0,0.00000,15,DevelopmentType.DIRECT,DietType.INVERTEBRATES,swallow,291,True,False,0.20000,active,0.08000,0.06000,0.06000,0.50000,0.00000,0.00000,0.00000,"[15, 6]",9022.15949,0.00000,0.00000
a11304fe-3e34-4e46-9ba5-5945f9d4c895,2013-01-01,0,0.00000,48,DevelopmentType.DIRECT,DietType.INVERTEBRATES,swallow,291,True,False,0.20000,active,0.08000,0.06000,0.06000,0.50000,0.00000,0.00000,0.00000,"[48, 39]",9022.15949,0.00000,0.00000
235a86d8-5aa5-4a65-a368-5128bd962db5,2013-01-01,0,0.00000,47,DevelopmentType.DIRECT,DietType.INVERTEBRATES,swallow,291,True,False,0.20000,active,0.08000,0.06000,0.06000,0.50000,0.00000,0.00000,0.00000,"[47, 38]",9022.15949,0.00000,0.00000
b357f31a-24de-4460-862d-fdb79b38c585,2013-01-01,0,0.00000,65,DevelopmentType.DIRECT,DietType.INVERTEBRATES,swallow,291,True,False,0.20000,active,0.08000,0.06000,0.06000,0.50000,0.00000,0.00000,0.00000,"[65, 56]",9022.15949,0.00000,0.00000
9330cedb-1dc6-4ae0-9ed2-53cb5bce0c5e,2013-01-01,0,0.00000,29,DevelopmentType.DIRECT,DietType.INVERTEBRATES,swallow,291,True,False,0.20000,active,0.08000,0.06000,0.06000,0.50000,0.00000,0.00000,0.00000,"[29, 20]",9022.15949,0.00000,0.00000
6e1f3372-dbf4-4261-a732-d85ae37209f6,2013-01-01,0,0.00000,27,DevelopmentType.DIRECT,DietType.INVERTEBRATES,swallow,291,True,False,0.20000,active,0.08000,0.06000,0.06000,0.50000,0.00000,0.00000,0.00000,"[27, 18]",9022.15949,0.00000,0.00000
fffc8cc3-cfc1-43db-a21e-dafdbdae530a,2013-01-01,0,0.00000,46,DevelopmentType.DIRECT,DietType.INVERTEBRATES,swallow,291,True,False,0.20000,active,0.08000,0.06000,0.06000,0.50000,0.00000,0.00000,0.00000,"[46, 37]",9022.15949,0.00000,0.00000
c32a4da7-c7f9-4e47-9b74-61d5e21e671b,2013-01-01,0,0.00000,24,DevelopmentType.DIRECT,DietType.INVERTEBRATES,swallow,291,True,False,0.20000,active,0.08000,0.06000,0.06000,0.50000,0.00000,0.00000,0.00000,"[24, 15]",9022.15949,0.00000,0.00000
f0719f29-15fb-47f5-8e73-1c9e5bbf7dd1,2013-01-01,0,0.00000,6,DevelopmentType.DIRECT,DietType.INVERTEBRATES,swallow,291,True,False,0.20000,active,0.08000,0.06000,0.06000,0.50000,0.00000,0.00000,0.00000,"[6, 15]",9022.15949,0.00000,0.00000
22078485-9a3d-4acb-9d96-fcd81bb096d0,2013-01-01,0,0.00000,79,DevelopmentType.DIRECT,DietType.INVERTEBRATES,swallow,291,True,False,0.20000,active,0.08000,0.06000,0.06000,0.50000,0.00000,0.00000,0.00000,"[79, 70]",9022.15949,0.00000,0.00000
b907b117-b682-445c-89a3-32467deb4f00,2013-01-01,0,0.00000,73,DevelopmentType.DIRECT,DietType.DETRITUS|FUNGI|POM|BACTERIA,earthworm,1277,True,False,0.00500,active,0.00200,0.00100,0.00200,1.00000,0.00000,0.00000,0.00000,[73],139.63128,0.00000,0.00000
386dd7c4-417a-4a7a-a780-4da361b7658f,2013-01-01,0,0.00000,42,DevelopmentType.DIRECT,DietType.DETRITUS|FUNGI|POM|BACTERIA,earthworm,1277,True,False,0.00500,active,0.00200,0.00100,0.00200,1.00000,0.00000,0.00000,0.00000,[42],139.63128,0.00000,0.00000
d80ae78c-045f-4d21-b1c9-fee7d4db604e,2013-01-01,0,0.00000,70,DevelopmentType.DIRECT,DietType.DETRITUS|FUNGI|POM|BACTERIA,earthworm,1277,True,False,0.00500,active,0.00200,0.00100,0.00200,1.00000,0.00000,0.00000,0.00000,[70],139.63128,0.00000,0.00000
0acbae76-2225-49f9-aca1-dc44ae224c86,2013-01-01,0,0.00000,18,DevelopmentType.DIRECT,DietType.DETRITUS|FUNGI|POM|BACTERIA,earthworm,1277,True,False,0.00500,active,0.00200,0.00100,0.00200,1.00000,0.00000,0.00000,0.00000,[18],139.63128,0.00000,0.00000
6c2ed1d6-9928-4016-b3af-103cfc206d79,2013-01-01,0,0.00000,34,DevelopmentType.DIRECT,DietType.DETRITUS|FUNGI|POM|BACTERIA,earthworm,1277,True,False,0.00500,active,0.00200,0.00100,0.00200,1.00000,0.00000,0.00000,0.00000,[34],139.63128,0.00000,0.00000
0babb5f4-46ff-4fc9-a602-9fce7c9cb1e4,2013-01-01,0,0.00000,46,DevelopmentType.DIRECT,DietType.DETRITUS|FUNGI|POM|BACTERIA,earthworm,1277,True,False,0.00500,active,0.00200,0.00100,0.00200,1.00000,0.00000,0.00000,0.00000,[46],139.63128,0.00000,0.00000
92fe10e9-5056-43b6-b8aa-7738994754d4,2013-01-01,0,0.00000,59,DevelopmentType.DIRECT,DietType.DETRITUS|FUNGI|POM|BACTERIA,earthworm,1277,True,False,0.00500,active,0.00200,0.00100,0.00200,1.00000,0.00000,0.00000,0.00000,[59],139.63128,0.00000,0.00000
4cdb9742-19af-4e60-9f27-108d4231a698,2013-01-01,0,0.00000,8,DevelopmentType.DIRECT,DietType.DETRITUS|FUNGI|POM|BACTERIA,earthworm,1277,True,False,0.00500,active,0.00200,0.00100,0.00200,1.00000,0.00000,0.00000,0.00000,[8],139.63128,0.00000,0.00000
44b85180-0523-48f9-9add-e7b0158174be,2013-01-01,0,0.00000,69,DevelopmentType.DIRECT,DietType.DETRITUS|FUNGI|POM|BACTERIA,earthworm,1277,True,False,0.00500,active,0.00200,0.00100,0.00200,1.00000,0.00000,0.00000,0.00000,[69],139.63128,0.00000,0.00000
027b5216-bdef-4dab-a29d-339b15058de1,2013-01-01,0,0.00000,38,DevelopmentType.DIRECT,DietType.DETRITUS|FUNGI|POM|BACTERIA,earthworm,1277,True,False,0.00500,active,0.00200,0.00100,0.00200,1.00000,0.00000,0.00000,0.00000,[38],139.63128,0.00000,0.00000
f6390eb7-5759-4dfd-8883-9489286a4c6f,2013-01-01,0,0.00000,39,DevelopmentType.DIRECT,DietType.DETRITUS|FUNGI|POM|BACTERIA,earthworm,1277,True,False,0.00500,active,0.00200,0.00100,0.00200,1.00000,0.00000,0.00000,0.00000,[39],139.63128,0.00000,0.00000
8369cc7a-abdc-4ab9-b10a-2d380cb75d8e,2013-01-01,0,0.00000,19,DevelopmentType.DIRECT,DietType.DETRITUS|FUNGI|POM|BACTERIA,earthworm,1277,True,False,0.00500,active,0.00200,0.00100,0.00200,1.00000,0.00000,0.00000,0.00000,[19],139.63128,0.00000,0.00000
1a6d4744-a576-4a98-8ee2-e0786c47b831,2013-01-01,0,0.00000,14,DevelopmentType.DIRECT,DietType.DETRITUS|FUNGI|POM|BACTERIA,earthworm,1277,True,False,0.00500,active,0.00200,0.00100,0.00200,1.00000,0.00000,0.00000,0.00000,[14],139.63128,0.00000,0.00000
8d90d45b-f974-4850-b86a-4909ad6d5f44,2013-01-01,0,0.00000,65,DevelopmentType.DIRECT,DietType.DETRITUS|FUNGI|POM|BACTERIA,earthworm,1277,True,False,0.00500,active,0.00200,0.00100,0.00200,1.00000,0.00000,0.00000,0.00000,[65],139.63128,0.00000,0.00000
6e93b7fe-aa18-4036-a44f-172b7600cff1,2013-01-01,0,0.00000,49,DevelopmentType.DIRECT,DietType.DETRITUS|FUNGI|POM|BACTERIA,earthworm,1277,True,False,0.00500,active,0.00200,0.00100,0.00200,1.00000,0.00000,0.00000,0.00000,[49],139.63128,0.00000,0.00000
b9b6b9bc-bd83-486f-93b9-ec0279ae572f,2013-01-01,0,0.00000,74,DevelopmentType.DIRECT,DietType.DETRITUS|FUNGI|POM|BACTERIA,earthworm,1277,True,False,0.00500,active,0.00200,0.00100,0.00200,1.00000,0.00000,0.00000,0.00000,[74],139.63128,0.00000,0.00000
2cde6d1d-1eb4-4adf-b088-6fd963345c78,2013-01-01,0,0.00000,66,DevelopmentType.DIRECT,DietType.DETRITUS|FUNGI|POM|BACTERIA,earthworm,1277,True,False,0.00500,active,0.00200,0.00100,0.00200,1.00000,0.00000,0.00000,0.00000,[66],139.63128,0.00000,0.00000
3850bfcf-dd62-4fa1-9717-264523956585,2013-01-01,0,0.00000,28,DevelopmentType.DIRECT,DietType.DETRITUS|FUNGI|POM|BACTERIA,earthworm,1277,True,False,0.00500,active,0.00200,0.00100,0.00200,1.00000,0.00000,0.00000,0.00000,[28],139.63128,0.00000,0.00000
b07dfa4a-a995-42a5-8395-a26f8af39131,2013-01-01,0,0.00000,20,DevelopmentType.DIRECT,DietType.DETRITUS|FUNGI|POM|BACTERIA,earthworm,1277,True,False,0.00500,active,0.00200,0.00100,0.00200,1.00000,0.00000,0.00000,0.00000,[20],139.63128,0.00000,0.00000
4c22b91b-52e6-4eb4-93b1-e1b8efd31cd7,2013-01-01,0,0.00000,5,DevelopmentType.DIRECT,DietType.DETRITUS|FUNGI|POM|BACTERIA,earthworm,1277,True,False,0.00500,active,0.00200,0.00100,0.00200,1.00000,0.00000,0.00000,0.00000,[5],139.63128,0.00000,0.00000
ae11b66e-97fc-4f15-bb71-43de3582af2b,2013-01-01,0,0.00000,21,DevelopmentType.DIRECT,DietType.DETRITUS|FUNGI|POM|BACTERIA,earthworm,1277,True,False,0.00500,active,0.00200,0.00100,0.00200,1.00000,0.00000,0.00000,0.00000,[21],139.63128,0.00000,0.00000
3792fe8b-bc7c-4a9f-a760-066971a736c8,2013-01-01,0,0.00000,23,DevelopmentType.DIRECT,DietType.DETRITUS|FUNGI|POM|BACTERIA,earthworm,1277,True,False,0.00500,active,0.00200,0.00100,0.00200,1.00000,0.00000,0.00000,0.00000,[23],139.63128,0.00000,0.00000
b0f62b03-fad4-4698-9eb3-32a9e2bef8b8,2013-01-01,0,0.00000,71,DevelopmentType.DIRECT,DietType.DETRITUS|FUNGI|POM|BACTERIA,earthworm,1277,True,False,0.00500,active,0.00200,0.00100,0.00200,1.00000,0.00000,0.00000,0.00000,[71],139.63128,0.00000,0.00000
4cef2b4a-ca61-489f-920a-366f9d2402dc,2013-01-01,0,0.00000,67,DevelopmentType.DIRECT,DietType.DETRITUS|FUNGI|POM|BACTERIA,earthworm,1277,True,False,0.00500,active,0.00200,0.00100,0.00200,1.00000,0.00000,0.00000,0.00000,[67],139.63128,0.00000,0.00000
af52177f-6266-4e33-9f2f-d0865bd4c7b0,2013-01-01,0,0.00000,80,DevelopmentType.DIRECT,DietType.DETRITUS|FUNGI|POM|BACTERIA,earthworm,1277,True,False,0.00500,active,0.00200,0.00100,0.00200,1.00000,0.00000,0.00000,0.00000,[80],139.63128,0.00000,0.00000
7d8a7dd1-991f-4eec-a0d2-0c1d94a7ec18,2013-01-01,0,0.00000,17,DevelopmentType.DIRECT,DietType.DETRITUS|FUNGI|POM|BACTERIA,earthworm,1277,True,False,0.00500,active,0.00200,0.00100,0.00200,1.00000,0.00000,0.00000,0.00000,[17],139.63128,0.00000,0.00000
5287aad9-187b-443b-a7ed-bfaf4748a969,2013-01-01,0,0.00000,64,DevelopmentType.DIRECT,DietType.DETRITUS|FUNGI|POM|BACTERIA,earthworm,1277,True,False,0.00500,active,0.00200,0.00100,0.00200,1.00000,0.00000,0.00000,0.00000,[64],139.63128,0.00000,0.00000
2283abcc-309e-4609-8c6b-ec4f6d18c3b1,2013-01-01,0,0.00000,40,DevelopmentType.DIRECT,DietType.DETRITUS|FUNGI|POM|BACTERIA,earthworm,1277,True,False,0.00500,active,0.00200,0.00100,0.00200,1.00000,0.00000,0.00000,0.00000,[40],139.63128,0.00000,0.00000
0bc9e145-66d2-4243-ad4a-956882789f41,2013-01-01,0,0.00000,30,DevelopmentType.DIRECT,DietType.DETRITUS|FUNGI|POM|BACTERIA,earthworm,1277,True,False,0.00500,active,0.00200,0.00100,0.00200,1.00000,0.00000,0.00000,0.00000,[30],139.63128,0.00000,0.00000
df3744c2-6cab-4054-9bde-8434728fc9b2,2013-01-01,0,0.00000,9,DevelopmentType.DIRECT,DietType.DETRITUS|FUNGI|POM|BACTERIA,earthworm,1277,True,False,0.00500,active,0.00200,0.00100,0.00200,1.00000,0.00000,0.00000,0.00000,[9],139.63128,0.00000,0.00000
d663c025-6e1e-4512-a910-3f1ff81d9108,2013-01-01,0,0.00000,78,DevelopmentType.DIRECT,DietType.DETRITUS|FUNGI|POM|BACTERIA,earthworm,1277,True,False,0.00500,active,0.00200,0.00100,0.00200,1.00000,0.00000,0.00000,0.00000,[78],139.63128,0.00000,0.00000
263637ff-0503-44f1-bf5c-44e3b03b581b,2013-01-01,0,0.00000,57,DevelopmentType.DIRECT,DietType.DETRITUS|FUNGI|POM|BACTERIA,earthworm,1277,True,False,0.00500,active,0.00200,0.00100,0.00200,1.00000,0.00000,0.00000,0.00000,[57],139.63128,0.00000,0.00000
87ca432d-96cf-42b2-a9b4-e1395e5b9d71,2013-01-01,0,0.00000,63,DevelopmentType.DIRECT,DietType.DETRITUS|FUNGI|POM|BACTERIA,earthworm,1277,True,False,0.00500,active,0.00200,0.00100,0.00200,1.00000,0.00000,0.00000,0.00000,[63],139.63128,0.00000,0.00000
d6ed8b1f-8e00-43bc-9316-df02af3ccd05,2013-01-01,0,0.00000,15,DevelopmentType.DIRECT,DietType.DETRITUS|FUNGI|POM|BACTERIA,earthworm,1277,True,False,0.00500,active,0.00200,0.00100,0.00200,1.00000,0.00000,0.00000,0.00000,[15],139.63128,0.00000,0.00000
97bd8b63-4e2f-4a15-b0ef-f44f404a56a8,2013-01-01,0,0.00000,44,DevelopmentType.DIRECT,DietType.DETRITUS|FUNGI|POM|BACTERIA,earthworm,1277,True,False,0.00500,active,0.00200,0.00100,0.00200,1.00000,0.00000,0.00000,0.00000,[44],139.63128,0.00000,0.00000
b06bb3c8-9005-415a-9eea-10848ebb0f26,2013-01-01,0,0.00000,25,DevelopmentType.DIRECT,DietType.DETRITUS|FUNGI|POM|BACTERIA,earthworm,1277,True,False,0.00500,active,0.00200,0.00100,0.00200,1.00000,0.00000,0.00000,0.00000,[25],139.63128,0.00000,0.00000
63e9cf4d-bec5-4a3c-b1a3-b6d3a6f38d74,2013-01-01,0,0.00000,79,DevelopmentType.DIRECT,DietType.DETRITUS|FUNGI|POM|BACTERIA,earthworm,1277,True,False,0.00500,active,0.00200,0.00100,0.00200,1.00000,0.00000,0.00000,0.00000,[79],139.63128,0.00000,0.00000
ab5edf0a-5a2c-4f53-a8ce-723e55b19936,2013-01-01,0,0.00000,35,DevelopmentType.DIRECT,DietType.DETRITUS|FUNGI|POM|BACTERIA,earthworm,1277,True,False,0.00500,active,0.00200,0.00100,0.00200,1.00000,0.00000,0.00000,0.00000,[35],139.63128,0.00000,0.00000
5ecd9f80-198a-428b-83b0-317f5ea351c9,2013-01-01,0,0.00000,22,DevelopmentType.DIRECT,DietType.DETRITUS|FUNGI|POM|BACTERIA,earthworm,1277,True,False,0.00500,active,0.00200,0.00100,0.00200,1.00000,0.00000,0.00000,0.00000,[22],139.63128,0.00000,0.00000
d91567ba-ceb3-4905-96a9-81d7bd5f30b7,2013-01-01,0,0.00000,52,DevelopmentType.DIRECT,DietType.DETRITUS|FUNGI|POM|BACTERIA,earthworm,1277,True,False,0.00500,active,0.00200,0.00100,0.00200,1.00000,0.00000,0.00000,0.00000,[52],139.63128,0.00000,0.00000
650c2c94-3ac9-41d5-bde4-d54636f1c4e0,2013-01-01,0,0.00000,77,DevelopmentType.DIRECT,DietType.DETRITUS|FUNGI|POM|BACTERIA,earthworm,1276,True,False,0.00500,active,0.00200,0.00100,0.00200,1.00000,0.00000,0.00000,0.00000,[77],139.63128,0.00000,0.00000
eb0e2da5-7285-43d1-8a5c-6d1f85045016,2013-01-01,0,0.00000,10,DevelopmentType.DIRECT,DietType.DETRITUS|FUNGI|POM|BACTERIA,earthworm,1276,True,False,0.00500,active,0.00200,0.00100,0.00200,1.00000,0.00000,0.00000,0.00000,[10],139.63128,0.00000,0.00000
aee87867-83c7-4d3c-aed4-b418f8d69efc,2013-01-01,0,0.00000,75,DevelopmentType.DIRECT,DietType.DETRITUS|FUNGI|POM|BACTERIA,earthworm,1276,True,False,0.00500,active,0.00200,0.00100,0.00200,1.00000,0.00000,0.00000,0.00000,[75],139.63128,0.00000,0.00000
5819904f-2bcd-4cbe-a6df-8967fc2680bc,2013-01-01,0,0.00000,45,DevelopmentType.DIRECT,DietType.DETRITUS|FUNGI|POM|BACTERIA,earthworm,1276,True,False,0.00500,active,0.00200,0.00100,0.00200,1.00000,0.00000,0.00000,0.00000,[45],139.63128,0.00000,0.00000
b28232e0-e23a-4dbd-8086-83becdc73800,2013-01-01,0,0.00000,62,DevelopmentType.DIRECT,DietType.DETRITUS|FUNGI|POM|BACTERIA,earthworm,1276,True,False,0.00500,active,0.00200,0.00100,0.00200,1.00000,0.00000,0.00000,0.00000,[62],139.63128,0.00000,0.00000
1d5f04ae-8c66-4dbc-b5a7-64bd7a96dba9,2013-01-01,0,0.00000,13,DevelopmentType.DIRECT,DietType.DETRITUS|FUNGI|POM|BACTERIA,earthworm,1276,True,False,0.00500,active,0.00200,0.00100,0.00200,1.00000,0.00000,0.00000,0.00000,[13],139.63128,0.00000,0.00000
387fab94-f7eb-458c-b2cb-caa1cdb29afb,2013-01-01,0,0.00000,11,DevelopmentType.DIRECT,DietType.DETRITUS|FUNGI|POM|BACTERIA,earthworm,1276,True,False,0.00500,active,0.00200,0.00100,0.00200,1.00000,0.00000,0.00000,0.00000,[11],139.63128,0.00000,0.00000
10b3f971-a4d1-4490-adf8-304744464aa4,2013-01-01,0,0.00000,12,DevelopmentType.DIRECT,DietType.DETRITUS|FUNGI|POM|BACTERIA,earthworm,1276,True,False,0.00500,active,0.00200,0.00100,0.00200,1.00000,0.00000,0.00000,0.00000,[12],139.63128,0.00000,0.00000
ba16fb2b-fdb3-446d-a310-8bd7b440921c,2013-01-01,0,0.00000,3,DevelopmentType.DIRECT,DietType.DETRITUS|FUNGI|POM|BACTERIA,earthworm,1276,True,False,0.00500,active,0.00200,0.00100,0.00200,1.00000,0.00000,0.00000,0.00000,[3],139.63128,0.00000,0.00000
a0cc3205-d369-42f8-9fb8-d27ead90a6ef,2013-01-01,0,0.00000,1,DevelopmentType.DIRECT,DietType.DETRITUS|FUNGI|POM|BACTERIA,earthworm,1276,True,False,0.00500,active,0.00200,0.00100,0.00200,1.00000,0.00000,0.00000,0.00000,[1],139.63128,0.00000,0.00000
92c3d533-580c-475c-8516-e0cf5302d748,2013-01-01,0,0.00000,58,DevelopmentType.DIRECT,DietType.DETRITUS|FUNGI|POM|BACTERIA,earthworm,1276,True,False,0.00500,active,0.00200,0.00100,0.00200,1.00000,0.00000,0.00000,0.00000,[58],139.63128,0.00000,0.00000
a7d3ae2e-1ddd-4850-976b-6ac41b63dabb,2013-01-01,0,0.00000,60,DevelopmentType.DIRECT,DietType.DETRITUS|FUNGI|POM|BACTERIA,earthworm,1276,True,False,0.00500,active,0.00200,0.00100,0.00200,1.00000,0.00000,0.00000,0.00000,[60],139.63128,0.00000,0.00000
99e59951-9609-4b93-b0be-45704cebd637,2013-01-01,0,0.00000,55,DevelopmentType.DIRECT,DietType.DETRITUS|FUNGI|POM|BACTERIA,earthworm,1276,True,False,0.00500,active,0.00200,0.00100,0.00200,1.00000,0.00000,0.00000,0.00000,[55],139.63128,0.00000,0.00000
1e771cc5-a87d-4d09-aab4-e0671182f62d,2013-01-01,0,0.00000,56,DevelopmentType.DIRECT,DietType.DETRITUS|FUNGI|POM|BACTERIA,earthworm,1276,True,False,0.00500,active,0.00200,0.00100,0.00200,1.00000,0.00000,0.00000,0.00000,[56],139.63128,0.00000,0.00000
75bfe6f8-cc14-47fb-9fd1-183a18764496,2013-01-01,0,0.00000,48,DevelopmentType.DIRECT,DietType.DETRITUS|FUNGI|POM|BACTERIA,earthworm,1276,True,False,0.00500,active,0.00200,0.00100,0.00200,1.00000,0.00000,0.00000,0.00000,[48],139.63128,0.00000,0.00000
1f8c5858-1d35-484c-892c-75669ef50400,2013-01-01,0,0.00000,29,DevelopmentType.DIRECT,DietType.DETRITUS|FUNGI|POM|BACTERIA,earthworm,1276,True,False,0.00500,active,0.00200,0.00100,0.00200,1.00000,0.00000,0.00000,0.00000,[29],139.63128,0.00000,0.00000
fbd9769a-5a24-4349-8871-70059f07a5bb,2013-01-01,0,0.00000,54,DevelopmentType.DIRECT,DietType.DETRITUS|FUNGI|POM|BACTERIA,earthworm,1276,True,False,0.00500,active,0.00200,0.00100,0.00200,1.00000,0.00000,0.00000,0.00000,[54],139.63128,0.00000,0.00000
bf395099-9238-4b80-937b-bbd0eea54d7d,2013-01-01,0,0.00000,51,DevelopmentType.DIRECT,DietType.DETRITUS|FUNGI|POM|BACTERIA,earthworm,1276,True,False,0.00500,active,0.00200,0.00100,0.00200,1.00000,0.00000,0.00000,0.00000,[51],139.63128,0.00000,0.00000
21596e91-ca8a-41d7-8d1e-71a103237873,2013-01-01,0,0.00000,26,DevelopmentType.DIRECT,DietType.DETRITUS|FUNGI|POM|BACTERIA,earthworm,1276,True,False,0.00500,active,0.00200,0.00100,0.00200,1.00000,0.00000,0.00000,0.00000,[26],139.63128,0.00000,0.00000
43f4427d-e903-48e6-8574-a3578268cd15,2013-01-01,0,0.00000,41,DevelopmentType.DIRECT,DietType.DETRITUS|FUNGI|POM|BACTERIA,earthworm,1276,True,False,0.00500,active,0.00200,0.00100,0.00200,1.00000,0.00000,0.00000,0.00000,[41],139.63128,0.00000,0.00000
e0656414-c6cf-4037-b612-32ccedad258d,2013-01-01,0,0.00000,43,DevelopmentType.DIRECT,DietType.DETRITUS|FUNGI|POM|BACTERIA,earthworm,1276,True,False,0.00500,active,0.00200,0.00100,0.00200,1.00000,0.00000,0.00000,0.00000,[43],139.63128,0.00000,0.00000
3d28f74c-106c-4a18-9380-415dfb0194d1,2013-01-01,0,0.00000,4,DevelopmentType.DIRECT,DietType.DETRITUS|FUNGI|POM|BACTERIA,earthworm,1276,True,False,0.00500,active,0.00200,0.00100,0.00200,1.00000,0.00000,0.00000,0.00000,[4],139.63128,0.00000,0.00000
c1fb7b50-519c-4972-9a1d-0aa2f315ce59,2013-01-01,0,0.00000,50,DevelopmentType.DIRECT,DietType.DETRITUS|FUNGI|POM|BACTERIA,earthworm,1276,True,False,0.00500,active,0.00200,0.00100,0.00200,1.00000,0.00000,0.00000,0.00000,[50],139.63128,0.00000,0.00000
3fa4c6d6-6725-4126-b19f-267ea795bf63,2013-01-01,0,0.00000,36,DevelopmentType.DIRECT,DietType.DETRITUS|FUNGI|POM|BACTERIA,earthworm,1276,True,False,0.00500,active,0.00200,0.00100,0.00200,1.00000,0.00000,0.00000,0.00000,[36],139.63128,0.00000,0.00000
770f80c1-6147-49d3-9647-35827b0bf065,2013-01-01,0,0.00000,2,DevelopmentType.DIRECT,DietType.DETRITUS|FUNGI|POM|BACTERIA,earthworm,1276,True,False,0.00500,active,0.00200,0.00100,0.00200,1.00000,0.00000,0.00000,0.00000,[2],139.63128,0.00000,0.00000
a80b7913-471e-46f7-80ab-9b4aa15b9a14,2013-01-01,0,0.00000,0,DevelopmentType.DIRECT,DietType.DETRITUS|FUNGI|POM|BACTERIA,earthworm,1276,True,False,0.00500,active,0.00200,0.00100,0.00200,1.00000,0.00000,0.00000,0.00000,[0],139.63128,0.00000,0.00000
068c3f1e-88c1-493b-8518-3f9e9a8e2336,2013-01-01,0,0.00000,37,DevelopmentType.DIRECT,DietType.DETRITUS|FUNGI|POM|BACTERIA,earthworm,1276,True,False,0.00500,active,0.00200,0.00100,0.00200,1.00000,0.00000,0.00000,0.00000,[37],139.63128,0.00000,0.00000
a7ef22b1-3cab-4e24-9543-0bb15f181119,2013-01-01,0,0.00000,53,DevelopmentType.DIRECT,DietType.DETRITUS|FUNGI|POM|BACTERIA,earthworm,1276,True,False,0.00500,active,0.00200,0.00100,0.00200,1.00000,0.00000,0.00000,0.00000,[53],139.63128,0.00000,0.00000
5b516d23-a3ac-48fb-9dca-288ef9a32026,2013-01-01,0,0.00000,68,DevelopmentType.DIRECT,DietType.DETRITUS|FUNGI|POM|BACTERIA,earthworm,1276,True,False,0.00500,active,0.00200,0.00100,0.00200,1.00000,0.00000,0.00000,0.00000,[68],139.63128,0.00000,0.00000
713f7daa-b0b7-4705-8ee5-6fe3d261f414,2013-01-01,0,0.00000,31,DevelopmentType.DIRECT,DietType.DETRITUS|FUNGI|POM|BACTERIA,earthworm,1276,True,False,0.00500,active,0.00200,0.00100,0.00200,1.00000,0.00000,0.00000,0.00000,[31],139.63128,0.00000,0.00000
7dd3f449-d8cc-4cf7-aac9-2e4a2e969498,2013-01-01,0,0.00000,33,DevelopmentType.DIRECT,DietType.DETRITUS|FUNGI|POM|BACTERIA,earthworm,1276,True,False,0.00500,active,0.00200,0.00100,0.00200,1.00000,0.00000,0.00000,0.00000,[33],139.63128,0.00000,0.00000
58ae6146-aab0-4f5a-aa56-cc365a976175,2013-01-01,0,0.00000,61,DevelopmentType.DIRECT,DietType.DETRITUS|FUNGI|POM|BACTERIA,earthworm,1276,True,False,0.00500,active,0.00200,0.00100,0.00200,1.00000,0.00000,0.00000,0.00000,[61],139.63128,0.00000,0.00000
c948c438-6aa1-4c40-8b77-3ed344df348f,2013-01-01,0,0.00000,6,DevelopmentType.DIRECT,DietType.DETRITUS|FUNGI|POM|BACTERIA,earthworm,1276,True,False,0.00500,active,0.00200,0.00100,0.00200,1.00000,0.00000,0.00000,0.00000,[6],139.63128,0.00000,0.00000
cd68b85a-da9e-4dac-8600-e97c8c63ac32,2013-01-01,0,0.00000,24,DevelopmentType.DIRECT,DietType.DETRITUS|FUNGI|POM|BACTERIA,earthworm,1276,True,False,0.00500,active,0.00200,0.00100,0.00200,1.00000,0.00000,0.00000,0.00000,[24],139.63128,0.00000,0.00000
0e1dfd86-ba0e-4db4-8b73-981393d9d6cc,2013-01-01,0,0.00000,72,DevelopmentType.DIRECT,DietType.DETRITUS|FUNGI|POM|BACTERIA,earthworm,1276,True,False,0.00500,active,0.00200,0.00100,0.00200,1.00000,0.00000,0.00000,0.00000,[72],139.63128,0.00000,0.00000
ab475879-8a92-434c-b4af-2d81b938f7cd,2013-01-01,0,0.00000,16,DevelopmentType.DIRECT,DietType.DETRITUS|FUNGI|POM|BACTERIA,earthworm,1276,True,False,0.00500,active,0.00200,0.00100,0.00200,1.00000,0.00000,0.00000,0.00000,[16],139.63128,0.00000,0.00000
ea1cc414-608d-4e9e-bfe0-0024ec157170,2013-01-01,0,0.00000,32,DevelopmentType.DIRECT,DietType.DETRITUS|FUNGI|POM|BACTERIA,earthworm,1276,True,False,0.00500,active,0.00200,0.00100,0.00200,1.00000,0.00000,0.00000,0.00000,[32],139.63128,0.00000,0.00000
9d6f49ac-8c54-4962-a9eb-7714db411f85,2013-01-01,0,0.00000,47,DevelopmentType.DIRECT,DietType.DETRITUS|FUNGI|POM|BACTERIA,earthworm,1276,True,False,0.00500,active,0.00200,0.00100,0.00200,1.00000,0.00000,0.00000,0.00000,[47],139.63128,0.00000,0.00000
0baab272-6e76-43a1-b141-a52883c9203f,2013-01-01,0,0.00000,76,DevelopmentType.DIRECT,DietType.DETRITUS|FUNGI|POM|BACTERIA,earthworm,1276,True,False,0.00500,active,0.00200,0.00100,0.00200,1.00000,0.00000,0.00000,0.00000,[76],139.63128,0.00000,0.00000
aaa5bc4b-8aa6-46ea-915b-1fde9d1fe527,2013-01-01,0,0.00000,27,DevelopmentType.DIRECT,DietType.DETRITUS|FUNGI|POM|BACTERIA,earthworm,1276,True,False,0.00500,active,0.00200,0.00100,0.00200,1.00000,0.00000,0.00000,0.00000,[27],139.63128,0.00000,0.00000
b9874fdb-5b8b-4438-93ca-4f97caf32673,2013-01-01,0,0.00000,7,DevelopmentType.DIRECT,DietType.DETRITUS|FUNGI|POM|BACTERIA,earthworm,1276,True,False,0.00500,active,0.00200,0.00100,0.00200,1.00000,0.00000,0.00000,0.00000,[7],139.63128,0.00000,0.00000
f462424d-8492-40c1-bd8d-17fca036dcee,2013-01-01,0,0.00000,22,DevelopmentType.DIRECT,DietType.WASTE,dung_beetle,1566,True,False,0.00300,active,0.00120,0.00060,0.00120,1.00000,0.00000,0.00000,0.00000,[22],78.39595,0.00000,0.00000
b8f1c42b-4fa4-4ab3-9b99-fc80f2f16917,2013-01-01,0,0.00000,74,DevelopmentType.DIRECT,DietType.WASTE,dung_beetle,1566,True,False,0.00300,active,0.00120,0.00060,0.00120,1.00000,0.00000,0.00000,0.00000,[74],78.39595,0.00000,0.00000
50e52657-1677-4c11-a83c-b03b7a335f51,2013-01-01,0,0.00000,28,DevelopmentType.DIRECT,DietType.WASTE,dung_beetle,1566,True,False,0.00300,active,0.00120,0.00060,0.00120,1.00000,0.00000,0.00000,0.00000,[28],78.39595,0.00000,0.00000
68b87533-43ed-4e11-9123-a1b62dccd93d,2013-01-01,0,0.00000,17,DevelopmentType.DIRECT,DietType.WASTE,dung_beetle,1566,True,False,0.00300,active,0.00120,0.00060,0.00120,1.00000,0.00000,0.00000,0.00000,[17],78.39595,0.00000,0.00000
11273252-6c7b-4c0c-a7e0-700cf092accd,2013-01-01,0,0.00000,29,DevelopmentType.DIRECT,DietType.WASTE,dung_beetle,1566,True,False,0.00300,active,0.00120,0.00060,0.00120,1.00000,0.00000,0.00000,0.00000,[29],78.39595,0.00000,0.00000
ddaa54fb-0137-438b-bd41-22ad62a76d8a,2013-01-01,0,0.00000,68,DevelopmentType.DIRECT,DietType.WASTE,dung_beetle,1566,True,False,0.00300,active,0.00120,0.00060,0.00120,1.00000,0.00000,0.00000,0.00000,[68],78.39595,0.00000,0.00000
16a74654-38d7-4c53-9f78-625e250478db,2013-01-01,0,0.00000,71,DevelopmentType.DIRECT,DietType.WASTE,dung_beetle,1566,True,False,0.00300,active,0.00120,0.00060,0.00120,1.00000,0.00000,0.00000,0.00000,[71],78.39595,0.00000,0.00000
464c2ae0-e76a-4b6c-878c-0b9101f4524d,2013-01-01,0,0.00000,30,DevelopmentType.DIRECT,DietType.WASTE,dung_beetle,1566,True,False,0.00300,active,0.00120,0.00060,0.00120,1.00000,0.00000,0.00000,0.00000,[30],78.39595,0.00000,0.00000
7cf5b2fb-12c1-4f55-a893-d7c4484e967c,2013-01-01,0,0.00000,40,DevelopmentType.DIRECT,DietType.WASTE,dung_beetle,1566,True,False,0.00300,active,0.00120,0.00060,0.00120,1.00000,0.00000,0.00000,0.00000,[40],78.39595,0.00000,0.00000
bf674162-f92c-47ca-8330-c1bd838bd312,2013-01-01,0,0.00000,70,DevelopmentType.DIRECT,DietType.WASTE,dung_beetle,1566,True,False,0.00300,active,0.00120,0.00060,0.00120,1.00000,0.00000,0.00000,0.00000,[70],78.39595,0.00000,0.00000
87b997d7-13ed-4168-832e-1d24d2e02044,2013-01-01,0,0.00000,35,DevelopmentType.DIRECT,DietType.WASTE,dung_beetle,1566,True,False,0.00300,active,0.00120,0.00060,0.00120,1.00000,0.00000,0.00000,0.00000,[35],78.39595,0.00000,0.00000
4bb6d040-85f4-4b5a-afd2-4a543c030478,2013-01-01,0,0.00000,37,DevelopmentType.DIRECT,DietType.WASTE,dung_beetle,1566,True,False,0.00300,active,0.00120,0.00060,0.00120,1.00000,0.00000,0.00000,0.00000,[37],78.39595,0.00000,0.00000
c43d6bb9-e477-4557-b509-10f09acdfdc4,2013-01-01,0,0.00000,23,DevelopmentType.DIRECT,DietType.WASTE,dung_beetle,1566,True,False,0.00300,active,0.00120,0.00060,0.00120,1.00000,0.00000,0.00000,0.00000,[23],78.39595,0.00000,0.00000
2966c313-0ca0-4d72-9984-cdc104e23dc2,2013-01-01,0,0.00000,14,DevelopmentType.DIRECT,DietType.WASTE,dung_beetle,1566,True,False,0.00300,active,0.00120,0.00060,0.00120,1.00000,0.00000,0.00000,0.00000,[14],78.39595,0.00000,0.00000
74cf03c6-ce47-42e7-a86b-a2135e36606a,2013-01-01,0,0.00000,43,DevelopmentType.DIRECT,DietType.WASTE,dung_beetle,1566,True,False,0.00300,active,0.00120,0.00060,0.00120,1.00000,0.00000,0.00000,0.00000,[43],78.39595,0.00000,0.00000
a1e615ec-78f6-46ae-9c1a-8856bcdc387b,2013-01-01,0,0.00000,31,DevelopmentType.DIRECT,DietType.WASTE,dung_beetle,1566,True,False,0.00300,active,0.00120,0.00060,0.00120,1.00000,0.00000,0.00000,0.00000,[31],78.39595,0.00000,0.00000
e4b91863-a849-4f87-a33c-727fa8a06f13,2013-01-01,0,0.00000,32,DevelopmentType.DIRECT,DietType.WASTE,dung_beetle,1566,True,False,0.00300,active,0.00120,0.00060,0.00120,1.00000,0.00000,0.00000,0.00000,[32],78.39595,0.00000,0.00000
32d5c00d-9f03-4aef-a53a-f65a5e31f5bc,2013-01-01,0,0.00000,76,DevelopmentType.DIRECT,DietType.WASTE,dung_beetle,1566,True,False,0.00300,active,0.00120,0.00060,0.00120,1.00000,0.00000,0.00000,0.00000,[76],78.39595,0.00000,0.00000
407992b9-7415-4839-8b8a-7c1549b0cb95,2013-01-01,0,0.00000,80,DevelopmentType.DIRECT,DietType.WASTE,dung_beetle,1566,True,False,0.00300,active,0.00120,0.00060,0.00120,1.00000,0.00000,0.00000,0.00000,[80],78.39595,0.00000,0.00000
19e76baf-4e84-4055-85db-c0a0bdb12e96,2013-01-01,0,0.00000,2,DevelopmentType.DIRECT,DietType.WASTE,dung_beetle,1566,True,False,0.00300,active,0.00120,0.00060,0.00120,1.00000,0.00000,0.00000,0.00000,[2],78.39595,0.00000,0.00000
a629eb71-3044-4303-ad73-e7f9e60d79a2,2013-01-01,0,0.00000,49,DevelopmentType.DIRECT,DietType.WASTE,dung_beetle,1566,True,False,0.00300,active,0.00120,0.00060,0.00120,1.00000,0.00000,0.00000,0.00000,[49],78.39595,0.00000,0.00000
60b68a80-acb4-4033-a426-7378bb1f4213,2013-01-01,0,0.00000,54,DevelopmentType.DIRECT,DietType.WASTE,dung_beetle,1566,True,False,0.00300,active,0.00120,0.00060,0.00120,1.00000,0.00000,0.00000,0.00000,[54],78.39595,0.00000,0.00000
caa5af1a-d985-4656-86bb-0f8884c5d414,2013-01-01,0,0.00000,25,DevelopmentType.DIRECT,DietType.WASTE,dung_beetle,1566,True,False,0.00300,active,0.00120,0.00060,0.00120,1.00000,0.00000,0.00000,0.00000,[25],78.39595,0.00000,0.00000
0cfbf2a6-3d72-4f64-bf3a-3743556f198c,2013-01-01,0,0.00000,44,DevelopmentType.DIRECT,DietType.WASTE,dung_beetle,1566,True,False,0.00300,active,0.00120,0.00060,0.00120,1.00000,0.00000,0.00000,0.00000,[44],78.39595,0.00000,0.00000
612a35d1-b164-448e-a9d8-1b522cf795d9,2013-01-01,0,0.00000,34,DevelopmentType.DIRECT,DietType.WASTE,dung_beetle,1566,True,False,0.00300,active,0.00120,0.00060,0.00120,1.00000,0.00000,0.00000,0.00000,[34],78.39595,0.00000,0.00000
2ac56190-2466-43b7-9cf4-4152d0afd5f8,2013-01-01,0,0.00000,56,DevelopmentType.DIRECT,DietType.WASTE,dung_beetle,1566,True,False,0.00300,active,0.00120,0.00060,0.00120,1.00000,0.00000,0.00000,0.00000,[56],78.39595,0.00000,0.00000
5cd31aef-00fa-486a-a681-83d01e67a2bc,2013-01-01,0,0.00000,59,DevelopmentType.DIRECT,DietType.WASTE,dung_beetle,1566,True,False,0.00300,active,0.00120,0.00060,0.00120,1.00000,0.00000,0.00000,0.00000,[59],78.39595,0.00000,0.00000
72b71e60-03eb-48da-b2cf-4b95ae399785,2013-01-01,0,0.00000,15,DevelopmentType.DIRECT,DietType.WASTE,dung_beetle,1566,True,False,0.00300,active,0.00120,0.00060,0.00120,1.00000,0.00000,0.00000,0.00000,[15],78.39595,0.00000,0.00000
2688dd31-465c-486a-a15b-24656d759c0a,2013-01-01,0,0.00000,69,DevelopmentType.DIRECT,DietType.WASTE,dung_beetle,1566,True,False,0.00300,active,0.00120,0.00060,0.00120,1.00000,0.00000,0.00000,0.00000,[69],78.39595,0.00000,0.00000
b67658b2-433e-45b6-b753-ba3f571bc1e4,2013-01-01,0,0.00000,77,DevelopmentType.DIRECT,DietType.WASTE,dung_beetle,1566,True,False,0.00300,active,0.00120,0.00060,0.00120,1.00000,0.00000,0.00000,0.00000,[77],78.39595,0.00000,0.00000
baca90d6-cce3-4761-b43e-9e51cded9709,2013-01-01,0,0.00000,13,DevelopmentType.DIRECT,DietType.WASTE,dung_beetle,1566,True,False,0.00300,active,0.00120,0.00060,0.00120,1.00000,0.00000,0.00000,0.00000,[13],78.39595,0.00000,0.00000
587368da-28e4-4619-89b6-2dae9d54b138,2013-01-01,0,0.00000,75,DevelopmentType.DIRECT,DietType.WASTE,dung_beetle,1566,True,False,0.00300,active,0.00120,0.00060,0.00120,1.00000,0.00000,0.00000,0.00000,[75],78.39595,0.00000,0.00000
93d18084-533e-4063-9be1-d3f0f9685557,2013-01-01,0,0.00000,73,DevelopmentType.DIRECT,DietType.WASTE,dung_beetle,1566,True,False,0.00300,active,0.00120,0.00060,0.00120,1.00000,0.00000,0.00000,0.00000,[73],78.39595,0.00000,0.00000
7a15da00-09e8-47a8-964a-6ab58e13e6e8,2013-01-01,0,0.00000,3,DevelopmentType.DIRECT,DietType.WASTE,dung_beetle,1566,True,False,0.00300,active,0.00120,0.00060,0.00120,1.00000,0.00000,0.00000,0.00000,[3],78.39595,0.00000,0.00000
3b759276-735e-4e3d-89d3-f9d55c1bf440,2013-01-01,0,0.00000,62,DevelopmentType.DIRECT,DietType.WASTE,dung_beetle,1566,True,False,0.00300,active,0.00120,0.00060,0.00120,1.00000,0.00000,0.00000,0.00000,[62],78.39595,0.00000,0.00000
baf6b239-b9d9-480e-8a88-1da51f9a5115,2013-01-01,0,0.00000,12,DevelopmentType.DIRECT,DietType.WASTE,dung_beetle,1566,True,False,0.00300,active,0.00120,0.00060,0.00120,1.00000,0.00000,0.00000,0.00000,[12],78.39595,0.00000,0.00000
9a87fa62-790a-4e4f-bf21-69cde01a6478,2013-01-01,0,0.00000,19,DevelopmentType.DIRECT,DietType.WASTE,dung_beetle,1566,True,False,0.00300,active,0.00120,0.00060,0.00120,1.00000,0.00000,0.00000,0.00000,[19],78.39595,0.00000,0.00000
30141495-e474-48d7-a25a-bc85c3a96435,2013-01-01,0,0.00000,72,DevelopmentType.DIRECT,DietType.WASTE,dung_beetle,1566,True,False,0.00300,active,0.00120,0.00060,0.00120,1.00000,0.00000,0.00000,0.00000,[72],78.39595,0.00000,0.00000
81c153e8-22a2-49ef-b5f6-1d8b6763d5b9,2013-01-01,0,0.00000,42,DevelopmentType.DIRECT,DietType.WASTE,dung_beetle,1566,True,False,0.00300,active,0.00120,0.00060,0.00120,1.00000,0.00000,0.00000,0.00000,[42],78.39595,0.00000,0.00000
a4810abc-3db1-4095-bab1-a1b5f1ff961f,2013-01-01,0,0.00000,48,DevelopmentType.DIRECT,DietType.WASTE,dung_beetle,1566,True,False,0.00300,active,0.00120,0.00060,0.00120,1.00000,0.00000,0.00000,0.00000,[48],78.39595,0.00000,0.00000
b4c2e4a0-95de-4a54-8b08-ad521599f7be,2013-01-01,0,0.00000,8,DevelopmentType.DIRECT,DietType.WASTE,dung_beetle,1566,True,False,0.00300,active,0.00120,0.00060,0.00120,1.00000,0.00000,0.00000,0.00000,[8],78.39595,0.00000,0.00000
1e53dc05-06f6-40b7-a21f-f42d32dd6200,2013-01-01,0,0.00000,57,DevelopmentType.DIRECT,DietType.WASTE,dung_beetle,1566,True,False,0.00300,active,0.00120,0.00060,0.00120,1.00000,0.00000,0.00000,0.00000,[57],78.39595,0.00000,0.00000
973a5218-ac67-4e2e-a550-1257f8f5bcc2,2013-01-01,0,0.00000,79,DevelopmentType.DIRECT,DietType.WASTE,dung_beetle,1566,True,False,0.00300,active,0.00120,0.00060,0.00120,1.00000,0.00000,0.00000,0.00000,[79],78.39595,0.00000,0.00000
b915de6b-4eb6-4c67-aecf-7d3f2d6d14d4,2013-01-01,0,0.00000,27,DevelopmentType.DIRECT,DietType.WASTE,dung_beetle,1566,True,False,0.00300,active,0.00120,0.00060,0.00120,1.00000,0.00000,0.00000,0.00000,[27],78.39595,0.00000,0.00000
51466eba-64cd-4cba-a3e5-f483b9745dc5,2013-01-01,0,0.00000,58,DevelopmentType.DIRECT,DietType.WASTE,dung_beetle,1566,True,False,0.00300,active,0.00120,0.00060,0.00120,1.00000,0.00000,0.00000,0.00000,[58],78.39595,0.00000,0.00000
4ee4ea35-8b8b-4413-9dd0-42e54d03eae4,2013-01-01,0,0.00000,21,DevelopmentType.DIRECT,DietType.WASTE,dung_beetle,1566,True,False,0.00300,active,0.00120,0.00060,0.00120,1.00000,0.00000,0.00000,0.00000,[21],78.39595,0.00000,0.00000
7fdd2daf-8e33-4b15-8406-fc99453c8d84,2013-01-01,0,0.00000,52,DevelopmentType.DIRECT,DietType.WASTE,dung_beetle,1566,True,False,0.00300,active,0.00120,0.00060,0.00120,1.00000,0.00000,0.00000,0.00000,[52],78.39595,0.00000,0.00000
67f7741f-c178-49ca-975c-fdaa8f0a300d,2013-01-01,0,0.00000,53,DevelopmentType.DIRECT,DietType.WASTE,dung_beetle,1566,True,False,0.00300,active,0.00120,0.00060,0.00120,1.00000,0.00000,0.00000,0.00000,[53],78.39595,0.00000,0.00000
72208aed-a952-46b4-96c0-c713ccd4b098,2013-01-01,0,0.00000,36,DevelopmentType.DIRECT,DietType.WASTE,dung_beetle,1566,True,False,0.00300,active,0.00120,0.00060,0.00120,1.00000,0.00000,0.00000,0.00000,[36],78.39595,0.00000,0.00000
148ba1bd-08a7-409f-8d4b-ade04a45f000,2013-01-01,0,0.00000,16,DevelopmentType.DIRECT,DietType.WASTE,dung_beetle,1566,True,False,0.00300,active,0.00120,0.00060,0.00120,1.00000,0.00000,0.00000,0.00000,[16],78.39595,0.00000,0.00000
499d3ba5-0c84-4daf-97b5-7f977ce16fb1,2013-01-01,0,0.00000,63,DevelopmentType.DIRECT,DietType.WASTE,dung_beetle,1566,True,False,0.00300,active,0.00120,0.00060,0.00120,1.00000,0.00000,0.00000,0.00000,[63],78.39595,0.00000,0.00000
f9b8a417-7202-4134-8d8a-0f0d1e26759b,2013-01-01,0,0.00000,41,DevelopmentType.DIRECT,DietType.WASTE,dung_beetle,1566,True,False,0.00300,active,0.00120,0.00060,0.00120,1.00000,0.00000,0.00000,0.00000,[41],78.39595,0.00000,0.00000
b1097091-56ab-41bb-b794-d871fbd1bd06,2013-01-01,0,0.00000,9,DevelopmentType.DIRECT,DietType.WASTE,dung_beetle,1566,True,False,0.00300,active,0.00120,0.00060,0.00120,1.00000,0.00000,0.00000,0.00000,[9],78.39595,0.00000,0.00000
c727943e-32c7-471f-b1e3-bb5fb8a98fac,2013-01-01,0,0.00000,78,DevelopmentType.DIRECT,DietType.WASTE,dung_beetle,1566,True,False,0.00300,active,0.00120,0.00060,0.00120,1.00000,0.00000,0.00000,0.00000,[78],78.39595,0.00000,0.00000
44c49d9b-321b-44d7-900b-d3e45f959571,2013-01-01,0,0.00000,45,DevelopmentType.DIRECT,DietType.WASTE,dung_beetle,1566,True,False,0.00300,active,0.00120,0.00060,0.00120,1.00000,0.00000,0.00000,0.00000,[45],78.39595,0.00000,0.00000
170641b1-7cb9-4d62-8155-06e8b1585b56,2013-01-01,0,0.00000,24,DevelopmentType.DIRECT,DietType.WASTE,dung_beetle,1566,True,False,0.00300,active,0.00120,0.00060,0.00120,1.00000,0.00000,0.00000,0.00000,[24],78.39595,0.00000,0.00000
12d2b236-220d-4931-b259-547d79beff5e,2013-01-01,0,0.00000,61,DevelopmentType.DIRECT,DietType.WASTE,dung_beetle,1566,True,False,0.00300,active,0.00120,0.00060,0.00120,1.00000,0.00000,0.00000,0.00000,[61],78.39595,0.00000,0.00000
5d006cf6-6414-488c-8afd-c20c6cc7a8d2,2013-01-01,0,0.00000,65,DevelopmentType.DIRECT,DietType.WASTE,dung_beetle,1566,True,False,0.00300,active,0.00120,0.00060,0.00120,1.00000,0.00000,0.00000,0.00000,[65],78.39595,0.00000,0.00000
31b8c35a-56a8-48ef-8219-c0b43055e8a3,2013-01-01,0,0.00000,33,DevelopmentType.DIRECT,DietType.WASTE,dung_beetle,1566,True,False,0.00300,active,0.00120,0.00060,0.00120,1.00000,0.00000,0.00000,0.00000,[33],78.39595,0.00000,0.00000
ef7c5bad-cdc2-4a14-bf11-43d261c49966,2013-01-01,0,0.00000,10,DevelopmentType.DIRECT,DietType.WASTE,dung_beetle,1566,True,False,0.00300,active,0.00120,0.00060,0.00120,1.00000,0.00000,0.00000,0.00000,[10],78.39595,0.00000,0.00000
34e1d327-438a-4881-9cb5-63648788baf9,2013-01-01,0,0.00000,6,DevelopmentType.DIRECT,DietType.WASTE,dung_beetle,1566,True,False,0.00300,active,0.00120,0.00060,0.00120,1.00000,0.00000,0.00000,0.00000,[6],78.39595,0.00000,0.00000
9f80a51f-87e8-4888-b1f2-eb57142ea17e,2013-01-01,0,0.00000,66,DevelopmentType.DIRECT,DietType.WASTE,dung_beetle,1566,True,False,0.00300,active,0.00120,0.00060,0.00120,1.00000,0.00000,0.00000,0.00000,[66],78.39595,0.00000,0.00000
32aacd20-4c18-47e3-9e08-0c702f1495ac,2013-01-01,0,0.00000,5,DevelopmentType.DIRECT,DietType.WASTE,dung_beetle,1566,True,False,0.00300,active,0.00120,0.00060,0.00120,1.00000,0.00000,0.00000,0.00000,[5],78.39595,0.00000,0.00000
b76ac38c-5443-4627-b210-2aa0fd5e4ea3,2013-01-01,0,0.00000,50,DevelopmentType.DIRECT,DietType.WASTE,dung_beetle,1566,True,False,0.00300,active,0.00120,0.00060,0.00120,1.00000,0.00000,0.00000,0.00000,[50],78.39595,0.00000,0.00000
ccc4eb13-a2ab-44a4-8f7a-9819d719f751,2013-01-01,0,0.00000,47,DevelopmentType.DIRECT,DietType.WASTE,dung_beetle,1566,True,False,0.00300,active,0.00120,0.00060,0.00120,1.00000,0.00000,0.00000,0.00000,[47],78.39595,0.00000,0.00000
78aa1148-1138-42cb-9632-ef3fa4178dda,2013-01-01,0,0.00000,20,DevelopmentType.DIRECT,DietType.WASTE,dung_beetle,1566,True,False,0.00300,active,0.00120,0.00060,0.00120,1.00000,0.00000,0.00000,0.00000,[20],78.39595,0.00000,0.00000
4ae938d0-d562-49c9-885e-c5f915b425c8,2013-01-01,0,0.00000,64,DevelopmentType.DIRECT,DietType.WASTE,dung_beetle,1566,True,False,0.00300,active,0.00120,0.00060,0.00120,1.00000,0.00000,0.00000,0.00000,[64],78.39595,0.00000,0.00000
be7799e6-9337-4688-8973-e32205324cf9,2013-01-01,0,0.00000,18,DevelopmentType.DIRECT,DietType.WASTE,dung_beetle,1566,True,False,0.00300,active,0.00120,0.00060,0.00120,1.00000,0.00000,0.00000,0.00000,[18],78.39595,0.00000,0.00000
df2078b9-351b-4645-be20-d412a7709bcd,2013-01-01,0,0.00000,51,DevelopmentType.DIRECT,DietType.WASTE,dung_beetle,1566,True,False,0.00300,active,0.00120,0.00060,0.00120,1.00000,0.00000,0.00000,0.00000,[51],78.39595,0.00000,0.00000
5ffb6d35-cead-4f5e-9830-0c1c64beda59,2013-01-01,0,0.00000,4,DevelopmentType.DIRECT,DietType.WASTE,dung_beetle,1566,True,False,0.00300,active,0.00120,0.00060,0.00120,1.00000,0.00000,0.00000,0.00000,[4],78.39595,0.00000,0.00000
901ccf12-0d23-4a86-be0b-1099095791a0,2013-01-01,0,0.00000,1,DevelopmentType.DIRECT,DietType.WASTE,dung_beetle,1566,True,False,0.00300,active,0.00120,0.00060,0.00120,1.00000,0.00000,0.00000,0.00000,[1],78.39595,0.00000,0.00000
802857a2-366a-4625-9a3c-df728e9f52a5,2013-01-01,0,0.00000,38,DevelopmentType.DIRECT,DietType.WASTE,dung_beetle,1566,True,False,0.00300,active,0.00120,0.00060,0.00120,1.00000,0.00000,0.00000,0.00000,[38],78.39595,0.00000,0.00000
f6bb282d-305a-445c-8450-fc123ed0bc0a,2013-01-01,0,0.00000,46,DevelopmentType.DIRECT,DietType.WASTE,dung_beetle,1565,True,False,0.00300,active,0.00120,0.00060,0.00120,1.00000,0.00000,0.00000,0.00000,[46],78.39595,0.00000,0.00000
ddcd3ff3-964b-496e-a24c-d4035cd48bf5,2013-01-01,0,0.00000,11,DevelopmentType.DIRECT,DietType.WASTE,dung_beetle,1565,True,False,0.00300,active,0.00120,0.00060,0.00120,1.00000,0.00000,0.00000,0.00000,[11],78.39595,0.00000,0.00000
efbcc6f7-8480-4795-8047-58cbc176f2a0,2013-01-01,0,0.00000,60,DevelopmentType.DIRECT,DietType.WASTE,dung_beetle,1565,True,False,0.00300,active,0.00120,0.00060,0.00120,1.00000,0.00000,0.00000,0.00000,[60],78.39595,0.00000,0.00000
f7a5ff67-530a-4b58-b241-4c8cddf04a4f,2013-01-01,0,0.00000,26,DevelopmentType.DIRECT,DietType.WASTE,dung_beetle,1565,True,False,0.00300,active,0.00120,0.00060,0.00120,1.00000,0.00000,0.00000,0.00000,[26],78.39595,0.00000,0.00000
bfdbb0fd-375d-4131-8247-a57777ab8969,2013-01-01,0,0.00000,0,DevelopmentType.DIRECT,DietType.WASTE,dung_beetle,1565,True,False,0.00300,active,0.00120,0.00060,0.00120,1.00000,0.00000,0.00000,0.00000,[0],78.39595,0.00000,0.00000
ef9406db-ed7c-46f9-82d6-721dbee26137,2013-01-01,0,0.00000,55,DevelopmentType.DIRECT,DietType.WASTE,dung_beetle,1565,True,False,0.00300,active,0.00120,0.00060,0.00120,1.00000,0.00000,0.00000,0.00000,[55],78.39595,0.00000,0.00000
f0bcb499-159a-4312-8e1a-73b91f0400cc,2013-01-01,0,0.00000,67,DevelopmentType.DIRECT,DietType.WASTE,dung_beetle,1565,True,False,0.00300,active,0.00120,0.00060,0.00120,1.00000,0.00000,0.00000,0.00000,[67],78.39595,0.00000,0.00000
68100d33-17e1-4f6b-bbb6-ca7263c6bbe1,2013-01-01,0,0.00000,39,DevelopmentType.DIRECT,DietType.WASTE,dung_beetle,1565,True,False,0.00300,active,0.00120,0.00060,0.00120,1.00000,0.00000,0.00000,0.00000,[39],78.39595,0.00000,0.00000
1335b037-bbb4-46cb-b917-f37cd0a26e13,2013-01-01,0,0.00000,7,DevelopmentType.DIRECT,DietType.WASTE,dung_beetle,1565,True,False,0.00300,active,0.00120,0.00060,0.00120,1.00000,0.00000,0.00000,0.00000,[7],78.39595,0.00000,0.00000
f5f46a4c-e09f-4626-a906-37cbfe66a6c3,2013-01-01,0,0.00000,38,DevelopmentType.DIRECT,DietType.CARCASSES,scavenging_mammal,47,True,False,20.00000,active,10.00000,6.00000,4.00000,0.00493,0.00000,0.00000,0.00000,"[38, 29, 47, 37, 39, 20, 28, 30, 56, 46, 48, 36, 40, 11, 19, 21, 27, 31, 65, 55, 57, 45, 49, 41, 2, 10, 12, 18, 22, 32, 74, 64, 66, 54, 58, 50, 42, 1, 3, 9, 13, 23, 33, 73, 75, 63, 67, 59, 51, 43, 0, 4, 14, 24, 34, 72, 76, 68, 60, 52, 44, 5, 15, 25, 35, 77, 69, 61, 53, 6, 16, 26, 78, 70, 62, 7, 17, 79, 71, 8, 80]",1641763.13781,0.00000,0.00000
eed16dec-d11a-463d-b303-d2f35aeb02fa,2013-01-01,0,0.00000,29,DevelopmentType.DIRECT,DietType.CARCASSES,scavenging_mammal,47,True,False,20.00000,active,10.00000,6.00000,4.00000,0.00493,0.00000,0.00000,0.00000,"[29, 20, 38, 28, 30, 11, 19, 21, 47, 37, 39, 27, 31, 2, 10, 12, 18, 22, 56, 46, 48, 36, 40, 32, 1, 3, 9, 13, 23, 65, 55, 57, 45, 49, 41, 33, 0, 4, 14, 24, 74, 64, 66, 54, 58, 50, 42, 34, 5, 15, 25, 73, 75, 63, 67, 59, 51, 43, 35, 6, 16, 26, 72, 76, 68, 60, 52, 44, 7, 17, 77, 69, 61, 53, 8, 78, 70, 62, 79, 71, 80]",1641763.13781,0.00000,0.00000
abff9a2d-7077-4361-95fd-07fea84f8bd6,2013-01-01,0,0.00000,73,DevelopmentType.DIRECT,DietType.CARCASSES,scavenging_mammal,47,True,False,20.00000,active,10.00000,6.00000,4.00000,0.00493,0.00000,0.00000,0.00000,"[73, 64, 72, 74, 55, 63, 65, 75, 46, 54, 56, 66, 76, 37, 45, 47, 57, 67, 77, 28, 36, 38, 48, 58, 68, 78, 19, 27, 29, 39, 49, 59, 69, 79, 10, 18, 20, 30, 40, 50, 60, 70, 80, 1, 9, 11, 21, 31, 41, 51, 61, 71, 0, 2, 12, 22, 32, 42, 52, 62, 3, 13, 23, 33, 43, 53, 4, 14, 24, 34, 44, 5, 15, 25, 35, 6, 16, 26, 7, 17, 8]",1641763.13781,0.00000,0.00000
46d917f2-a22f-4348-98b8-6ce35d48f325,2013-01-01,0,0.00000,15,DevelopmentType.DIRECT,DietType.CARCASSES,scavenging_mammal,47,True,False,20.00000,active,10.00000,6.00000,4.00000,0.00493,0.00000,0.00000,0.00000,"[15, 6, 24, 14, 16, 5, 7, 33, 23, 25, 13, 17, 4, 8, 42, 32, 34, 22, 26, 12, 3, 51, 41, 43, 31, 35, 21, 11, 2, 60, 50, 52, 40, 44, 30, 20, 10, 1, 69, 59, 61, 49, 53, 39, 29, 19, 9, 0, 78, 68, 70, 58, 62, 48, 38, 28, 18, 77, 79, 67, 71, 57, 47, 37, 27, 76, 80, 66, 56, 46, 36, 75, 65, 55, 45, 74, 64, 54, 73, 63, 72]",1641763.13781,0.00000,0.00000
35e0dd5c-298a-4be8-aece-1bbbe45753b0,2013-01-01,0,0.00000,5,DevelopmentType.DIRECT,DietType.CARCASSES,scavenging_mammal,47,True,False,20.00000,active,10.00000,6.00000,4.00000,0.00493,0.00000,0.00000,0.00000,"[5, 14, 4, 6, 23, 13, 15, 3, 7, 32, 22, 24, 12, 16, 2, 8, 41, 31, 33, 21, 25, 11, 17, 1, 50, 40, 42, 30, 34, 20, 26, 10, 0, 59, 49, 51, 39, 43, 29, 35, 19, 9, 68, 58, 60, 48, 52, 38, 44, 28, 18, 77, 67, 69, 57, 61, 47, 53, 37, 27, 76, 78, 66, 70, 56, 62, 46, 36, 75, 79, 65, 71, 55, 45, 74, 80, 64, 54, 73, 63, 72]",1641763.13781,0.00000,0.00000
2a5ed83f-df0e-45d2-ad2e-db03023ed65f,2013-01-01,0,0.00000,39,DevelopmentType.DIRECT,DietType.CARCASSES,scavenging_mammal,47,True,False,20.00000,active,10.00000,6.00000,4.00000,0.00493,0.00000,0.00000,0.00000,"[39, 30, 48, 38, 40, 21, 29, 31, 57, 47, 49, 37, 41, 12, 20, 22, 28, 32, 66, 56, 58, 46, 50, 36, 42, 3, 11, 13, 19, 23, 27, 33, 75, 65, 67, 55, 59, 45, 51, 43, 2, 4, 10, 14, 18, 24, 34, 74, 76, 64, 68, 54, 60, 52, 44, 1, 5, 9, 15, 25, 35, 73, 77, 63, 69, 61, 53, 0, 6, 16, 26, 72, 78, 70, 62, 7, 17, 79, 71, 8, 80]",1641763.13781,0.00000,0.00000
8716cf55-16ae-421e-a6a9-c20e8e757dc9,2013-01-01,0,0.00000,70,DevelopmentType.DIRECT,DietType.CARCASSES,scavenging_mammal,47,True,False,20.00000,active,10.00000,6.00000,4.00000,0.00493,0.00000,0.00000,0.00000,"[70, 61, 79, 69, 71, 52, 60, 62, 78, 80, 68, 43, 51, 53, 59, 77, 67, 34, 42, 44, 50, 58, 76, 66, 25, 33, 35, 41, 49, 57, 75, 65, 16, 24, 26, 32, 40, 48, 56, 74, 64, 7, 15, 17, 23, 31, 39, 47, 55, 73, 63, 6, 8, 14, 22, 30, 38, 46, 54, 72, 5, 13, 21, 29, 37, 45, 4, 12, 20, 28, 36, 3, 11, 19, 27, 2, 10, 18, 1, 9, 0]",1641763.13781,0.00000,0.00000
e7f8de84-92c7-468a-a579-1ffda9c0637a,2013-01-01,0,0.00000,59,DevelopmentType.DIRECT,DietType.CARCASSES,scavenging_mammal,47,True,False,20.00000,active,10.00000,6.00000,4.00000,0.00493,0.00000,0.00000,0.00000,"[59, 50, 68, 58, 60, 41, 49, 51, 77, 67, 69, 57, 61, 32, 40, 42, 48, 52, 76, 78, 66, 70, 56, 62, 23, 31, 33, 39, 43, 47, 53, 75, 79, 65, 71, 55, 14, 22, 24, 30, 34, 38, 44, 46, 74, 80, 64, 54, 5, 13, 15, 21, 25, 29, 35, 37, 45, 73, 63, 4, 6, 12, 16, 20, 26, 28, 36, 72, 3, 7, 11, 17, 19, 27, 2, 8, 10, 18, 1, 9, 0]",1641763.13781,0.00000,0.00000
28e61e47-3fc2-495b-bae0-f0199f9c29c4,2013-01-01,0,0.00000,62,DevelopmentType.DIRECT,DietType.CARCASSES,scavenging_mammal,47,True,False,20.00000,active,10.00000,6.00000,4.00000,0.00493,0.00000,0.00000,0.00000,"[62, 53, 71, 61, 44, 52, 80, 70, 60, 35, 43, 51, 79, 69, 59, 26, 34, 42, 50, 78, 68, 58, 17, 25, 33, 41, 49, 77, 67, 57, 8, 16, 24, 32, 40, 48, 76, 66, 56, 7, 15, 23, 31, 39, 47, 75, 65, 55, 6, 14, 22, 30, 38, 46, 74, 64, 54, 5, 13, 21, 29, 37, 45, 73, 63, 4, 12, 20, 28, 36, 72, 3, 11, 19, 27, 2, 10, 18, 1, 9, 0]",1641763.13781,0.00000,0.00000
1b5a3d89-dad4-42c5-a9c6-2b1def62bcbe,2013-01-01,0,0.00000,46,DevelopmentType.DIRECT,DietType.CARCASSES,scavenging_mammal,47,True,False,20.00000,active,10.00000,6.00000,4.00000,0.00493,0.00000,0.00000,0.00000,"[46, 37, 55, 45, 47, 28, 36, 38, 64, 54, 56, 48, 19, 27, 29, 39, 73, 63, 65, 57, 49, 10, 18, 20, 30, 40, 72, 74, 66, 58, 50, 1, 9, 11, 21, 31, 41, 75, 67, 59, 51, 0, 2, 12, 22, 32, 42, 76, 68, 60, 52, 3, 13, 23, 33, 43, 77, 69, 61, 53, 4, 14, 24, 34, 44, 78, 70, 62, 5, 15, 25, 35, 79, 71, 6, 16, 26, 80, 7, 17, 8]",1641763.13781,0.00000,0.00000
24c804e8-e53b-40a1-a094-77b14d5c62d3,2013-01-01,0,0.00000,68,DevelopmentType.DIRECT,DietType.CARCASSES,scavenging_mammal,47,True,False,20.00000,active,10.00000,6.00000,4.00000,0.00493,0.00000,0.00000,0.00000,"[68, 59, 77, 67, 69, 50, 58, 60, 76, 78, 66, 70, 41, 49, 51, 57, 61, 75, 79, 65, 71, 32, 40, 42, 48, 52, 56, 62, 74, 80, 64, 23, 31, 33, 39, 43, 47, 53, 55, 73, 63, 14, 22, 24, 30, 34, 38, 44, 46, 54, 72, 5, 13, 15, 21, 25, 29, 35, 37, 45, 4, 6, 12, 16, 20, 26, 28, 36, 3, 7, 11, 17, 19, 27, 2, 8, 10, 18, 1, 9, 0]",1641763.13781,0.00000,0.00000
c16e5e8e-c7bd-4520-82cb-266c96aa3e7b,2013-01-01,0,0.00000,0,DevelopmentType.DIRECT,DietType.CARCASSES,scavenging_mammal,47,True,False,20.00000,active,10.00000,6.00000,4.00000,0.00493,0.00000,0.00000,0.00000,"[0, 9, 1, 18, 10, 2, 27, 19, 11, 3, 36, 28, 20, 12, 4, 45, 37, 29, 21, 13, 5, 54, 46, 38, 30, 22, 14, 6, 63, 55, 47, 39, 31, 23, 15, 7, 72, 64, 56, 48, 40, 32, 24, 16, 8, 73, 65, 57, 49, 41, 33, 25, 17, 74, 66, 58, 50, 42, 34, 26, 75, 67, 59, 51, 43, 35, 76, 68, 60, 52, 44, 77, 69, 61, 53, 78, 70, 62, 79, 71, 80]",1641763.13781,0.00000,0.00000
bfeddfbf-ed99-427d-93e4-b7f7ffc407eb,2013-01-01,0,0.00000,13,DevelopmentType.DIRECT,DietType.CARCASSES,scavenging_mammal,47,True,False,20.00000,active,10.00000,6.00000,4.00000,0.00493,0.00000,0.00000,0.00000,"[13, 4, 22, 12, 14, 3, 5, 31, 21, 23, 11, 15, 2, 6, 40, 30, 32, 20, 24, 10, 16, 1, 7, 49, 39, 41, 29, 33, 19, 25, 9, 17, 0, 8, 58, 48, 50, 38, 42, 28, 34, 18, 26, 67, 57, 59, 47, 51, 37, 43, 27, 35, 76, 66, 68, 56, 60, 46, 52, 36, 44, 75, 77, 65, 69, 55, 61, 45, 53, 74, 78, 64, 70, 54, 62, 73, 79, 63, 71, 72, 80]",1641763.13781,0.00000,0.00000
05fb184b-e6ba-486b-9d64-f78341ebf994,2013-01-01,0,0.00000,57,DevelopmentType.DIRECT,DietType.CARCASSES,scavenging_mammal,47,True,False,20.00000,active,10.00000,6.00000,4.00000,0.00493,0.00000,0.00000,0.00000,"[57, 48, 66, 56, 58, 39, 47, 49, 75, 65, 67, 55, 59, 30, 38, 40, 46, 50, 74, 76, 64, 68, 54, 60, 21, 29, 31, 37, 41, 45, 51, 73, 77, 63, 69, 61, 12, 20, 22, 28, 32, 36, 42, 52, 72, 78, 70, 62, 3, 11, 13, 19, 23, 27, 33, 43, 53, 79, 71, 2, 4, 10, 14, 18, 24, 34, 44, 80, 1, 5, 9, 15, 25, 35, 0, 6, 16, 26, 7, 17, 8]",1641763.13781,0.00000,0.00000
1b5a07e0-249c-4a1a-a1e0-a1acbb5412d0,2013-01-01,0,0.00000,76,DevelopmentType.DIRECT,DietType.CARCASSES,scavenging_mammal,47,True,False,20.00000,active,10.00000,6.00000,4.00000,0.00493,0.00000,0.00000,0.00000,"[76, 67, 75, 77, 58, 66, 68, 74, 78, 49, 57, 59, 65, 69, 73, 79, 40, 48, 50, 56, 60, 64, 70, 72, 80, 31, 39, 41, 47, 51, 55, 61, 63, 71, 22, 30, 32, 38, 42, 46, 52, 54, 62, 13, 21, 23, 29, 33, 37, 43, 45, 53, 4, 12, 14, 20, 24, 28, 34, 36, 44, 3, 5, 11, 15, 19, 25, 27, 35, 2, 6, 10, 16, 18, 26, 1, 7, 9, 17, 0, 8]",1641763.13781,0.00000,0.00000
653f2485-d9bc-4985-85d4-5c1441c91a7b,2013-01-01,0,0.00000,41,DevelopmentType.DIRECT,DietType.CARCASSES,scavenging_mammal,47,True,False,20.00000,active,10.00000,6.00000,4.00000,0.00493,0.00000,0.00000,0.00000,"[41, 32, 50, 40, 42, 23, 31, 33, 59, 49, 51, 39, 43, 14, 22, 24, 30, 34, 68, 58, 60, 48, 52, 38, 44, 5, 13, 15, 21, 25, 29, 35, 77, 67, 69, 57, 61, 47, 53, 37, 4, 6, 12, 16, 20, 26, 28, 76, 78, 66, 70, 56, 62, 46, 36, 3, 7, 11, 17, 19, 27, 75, 79, 65, 71, 55, 45, 2, 8, 10, 18, 74, 80, 64, 54, 1, 9, 73, 63, 0, 72]",1641763.13781,0.00000,0.00000
58ee901e-fc30-4ffd-9e04-a92f0929662d,2013-01-01,0,0.00000,54,DevelopmentType.DIRECT,DietType.CARCASSES,scavenging_mammal,47,True,False,20.00000,active,10.00000,6.00000,4.00000,0.00493,0.00000,0.00000,0.00000,"[54, 45, 63, 55, 36, 46, 72, 64, 56, 27, 37, 47, 73, 65, 57, 18, 28, 38, 48, 74, 66, 58, 9, 19, 29, 39, 49, 75, 67, 59, 0, 10, 20, 30, 40, 50, 76, 68, 60, 1, 11, 21, 31, 41, 51, 77, 69, 61, 2, 12, 22, 32, 42, 52, 78, 70, 62, 3, 13, 23, 33, 43, 53, 79, 71, 4, 14, 24, 34, 44, 80, 5, 15, 25, 35, 6, 16, 26, 7, 17, 8]",1641763.13781,0.00000,0.00000
3f9edf4b-b295-4119-a4f8-ff9bb4d33686,2013-01-01,0,0.00000,71,DevelopmentType.DIRECT,DietType.CARCASSES,scavenging_mammal,47,True,False,20.00000,active,10.00000,6.00000,4.00000,0.00493,0.00000,0.00000,0.00000,"[71, 62, 80, 70, 53, 61, 79, 69, 44, 52, 60, 78, 68, 35, 43, 51, 59, 77, 67, 26, 34, 42, 50, 58, 76, 66, 17, 25, 33, 41, 49, 57, 75, 65, 8, 16, 24, 32, 40, 48, 56, 74, 64, 7, 15, 23, 31, 39, 47, 55, 73, 63, 6, 14, 22, 30, 38, 46, 54, 72, 5, 13, 21, 29, 37, 45, 4, 12, 20, 28, 36, 3, 11, 19, 27, 2, 10, 18, 1, 9, 0]",1641763.13781,0.00000,0.00000
9abfee6b-0070-4d85-ab99-27de0b15b191,2013-01-01,0,0.00000,25,DevelopmentType.DIRECT,DietType.CARCASSES,scavenging_mammal,47,True,False,20.00000,active,10.00000,6.00000,4.00000,0.00493,0.00000,0.00000,0.00000,"[25, 16, 34, 24, 26, 7, 15, 17, 43, 33, 35, 23, 6, 8, 14, 52, 42, 44, 32, 22, 5, 13, 61, 51, 53, 41, 31, 21, 4, 12, 70, 60, 62, 50, 40, 30, 20, 3, 11, 79, 69, 71, 59, 49, 39, 29, 19, 2, 10, 78, 80, 68, 58, 48, 38, 28, 18, 1, 9, 77, 67, 57, 47, 37, 27, 0, 76, 66, 56, 46, 36, 75, 65, 55, 45, 74, 64, 54, 73, 63, 72]",1641763.13781,0.00000,0.00000
72ddf683-7c36-46f7-a18d-1419df0cd8f5,2013-01-01,0,0.00000,31,DevelopmentType.DIRECT,DietType.CARCASSES,scavenging_mammal,47,True,False,20.00000,active,10.00000,6.00000,4.00000,0.00493,0.00000,0.00000,0.00000,"[31, 22, 40, 30, 32, 13, 21, 23, 49, 39, 41, 29, 33, 4, 12, 14, 20, 24, 58, 48, 50, 38, 42, 28, 34, 3, 5, 11, 15, 19, 25, 67, 57, 59, 47, 51, 37, 43, 27, 35, 2, 6, 10, 16, 18, 26, 76, 66, 68, 56, 60, 46, 52, 36, 44, 1, 7, 9, 17, 75, 77, 65, 69, 55, 61, 45, 53, 0, 8, 74, 78, 64, 70, 54, 62, 73, 79, 63, 71, 72, 80]",1641763.13781,0.00000,0.00000
6c0956ec-fc6c-468d-87c4-09c6237f638c,2013-01-01,0,0.00000,4,DevelopmentType.DIRECT,DietType.CARCASSES,scavenging_mammal,47,True,False,20.00000,active,10.00000,6.00000,4.00000,0.00493,0.00000,0.00000,0.00000,"[4, 13, 3, 5, 22, 12, 14, 2, 6, 31, 21, 23, 11, 15, 1, 7, 40, 30, 32, 20, 24, 10, 16, 0, 8, 49, 39, 41, 29, 33, 19, 25, 9, 17, 58, 48, 50, 38, 42, 28, 34, 18, 26, 67, 57, 59, 47, 51, 37, 43, 27, 35, 76, 66, 68, 56, 60, 46, 52, 36, 44, 75, 77, 65, 69, 55, 61, 45, 53, 74, 78, 64, 70, 54, 62, 73, 79, 63, 71, 72, 80]",1641763.13781,0.00000,0.00000
ab79bc5c-fb61-403e-9d09-2b1cf5aa85c8,2013-01-01,0,0.00000,18,DevelopmentType.DIRECT,DietType.CARCASSES,scavenging_mammal,46,True,False,20.00000,active,10.00000,6.00000,4.00000,0.00493,0.00000,0.00000,0.00000,"[18, 9, 27, 19, 0, 10, 36, 28, 20, 1, 11, 45, 37, 29, 21, 2, 12, 54, 46, 38, 30, 22, 3, 13, 63, 55, 47, 39, 31, 23, 4, 14, 72, 64, 56, 48, 40, 32, 24, 5, 15, 73, 65, 57, 49, 41, 33, 25, 6, 16, 74, 66, 58, 50, 42, 34, 26, 7, 17, 75, 67, 59, 51, 43, 35, 8, 76, 68, 60, 52, 44, 77, 69, 61, 53, 78, 70, 62, 79, 71, 80]",1641763.13781,0.00000,0.00000
82d62fa7-4837-46f8-b7b3-55bb5e2e8bd1,2013-01-01,0,0.00000,43,DevelopmentType.DIRECT,DietType.CARCASSES,scavenging_mammal,46,True,False,20.00000,active,10.00000,6.00000,4.00000,0.00493,0.00000,0.00000,0.00000,"[43, 34, 52, 42, 44, 25, 33, 35, 61, 51, 53, 41, 16, 24, 26, 32, 70, 60, 62, 50, 40, 7, 15, 17, 23, 31, 79, 69, 71, 59, 49, 39, 6, 8, 14, 22, 30, 78, 80, 68, 58, 48, 38, 5, 13, 21, 29, 77, 67, 57, 47, 37, 4, 12, 20, 28, 76, 66, 56, 46, 36, 3, 11, 19, 27, 75, 65, 55, 45, 2, 10, 18, 74, 64, 54, 1, 9, 73, 63, 0, 72]",1641763.13781,0.00000,0.00000
eb042a39-c65d-4c0b-a16f-6085a1816c81,2013-01-01,0,0.00000,69,DevelopmentType.DIRECT,DietType.CARCASSES,scavenging_mammal,46,True,False,20.00000,active,10.00000,6.00000,4.00000,0.00493,0.00000,0.00000,0.00000,"[69, 60, 78, 68, 70, 51, 59, 61, 77, 79, 67, 71, 42, 50, 52, 58, 62, 76, 80, 66, 33, 41, 43, 49, 53, 57, 75, 65, 24, 32, 34, 40, 44, 48, 56, 74, 64, 15, 23, 25, 31, 35, 39, 47, 55, 73, 63, 6, 14, 16, 22, 26, 30, 38, 46, 54, 72, 5, 7, 13, 17, 21, 29, 37, 45, 4, 8, 12, 20, 28, 36, 3, 11, 19, 27, 2, 10, 18, 1, 9, 0]",1641763.13781,0.00000,0.00000
8b5027e0-4c23-4e4e-b60e-642a13a4a592,2013-01-01,0,0.00000,55,DevelopmentType.DIRECT,DietType.CARCASSES,scavenging_mammal,46,True,False,20.00000,active,10.00000,6.00000,4.00000,0.00493,0.00000,0.00000,0.00000,"[55, 46, 64, 54, 56, 37, 45, 47, 73, 63, 65, 57, 28, 36, 38, 48, 72, 74, 66, 58, 19, 27, 29, 39, 49, 75, 67, 59, 10, 18, 20, 30, 40, 50, 76, 68, 60, 1, 9, 11, 21, 31, 41, 51, 77, 69, 61, 0, 2, 12, 22, 32, 42, 52, 78, 70, 62, 3, 13, 23, 33, 43, 53, 79, 71, 4, 14, 24, 34, 44, 80, 5, 15, 25, 35, 6, 16, 26, 7, 17, 8]",1641763.13781,0.00000,0.00000
9ca2882f-1b87-4977-b3d9-ab825f6a7bc3,2013-01-01,0,0.00000,24,DevelopmentType.DIRECT,DietType.CARCASSES,scavenging_mammal,46,True,False,20.00000,active,10.00000,6.00000,4.00000,0.00493,0.00000,0.00000,0.00000,"[24, 15, 33, 23, 25, 6, 14, 16, 42, 32, 34, 22, 26, 5, 7, 13, 17, 51, 41, 43, 31, 35, 21, 4, 8, 12, 60, 50, 52, 40, 44, 30, 20, 3, 11, 69, 59, 61, 49, 53, 39, 29, 19, 2, 10, 78, 68, 70, 58, 62, 48, 38, 28, 18, 1, 9, 77, 79, 67, 71, 57, 47, 37, 27, 0, 76, 80, 66, 56, 46, 36, 75, 65, 55, 45, 74, 64, 54, 73, 63, 72]",1641763.13781,0.00000,0.00000
ccb6628a-6e44-4c0e-ac0f-8f93bdc1c963,2013-01-01,0,0.00000,6,DevelopmentType.DIRECT,DietType.CARCASSES,scavenging_mammal,46,True,False,20.00000,active,10.00000,6.00000,4.00000,0.00493,0.00000,0.00000,0.00000,"[6, 15, 5, 7, 24, 14, 16, 4, 8, 33, 23, 25, 13, 17, 3, 42, 32, 34, 22, 26, 12, 2, 51, 41, 43, 31, 35, 21, 11, 1, 60, 50, 52, 40, 44, 30, 20, 10, 0, 69, 59, 61, 49, 53, 39, 29, 19, 9, 78, 68, 70, 58, 62, 48, 38, 28, 18, 77, 79, 67, 71, 57, 47, 37, 27, 76, 80, 66, 56, 46, 36, 75, 65, 55, 45, 74, 64, 54, 73, 63, 72]",1641763.13781,0.00000,0.00000
75555e64-f162-4a76-9206-1d14f13efac7,2013-01-01,0,0.00000,8,DevelopmentType.DIRECT,DietType.CARCASSES,scavenging_mammal,46,True,False,20.00000,active,10.00000,6.00000,4.00000,0.00493,0.00000,0.00000,0.00000,"[8, 17, 7, 26, 16, 6, 35, 25, 15, 5, 44, 34, 24, 14, 4, 53, 43, 33, 23, 13, 3, 62, 52, 42, 32, 22, 12, 2, 71, 61, 51, 41, 31, 21, 11, 1, 80, 70, 60, 50, 40, 30, 20, 10, 0, 79, 69, 59, 49, 39, 29, 19, 9, 78, 68, 58, 48, 38, 28, 18, 77, 67, 57, 47, 37, 27, 76, 66, 56, 46, 36, 75, 65, 55, 45, 74, 64, 54, 73, 63, 72]",1641763.13781,0.00000,0.00000
c6f03934-c4c3-4ba1-a773-f56797219f7e,2013-01-01,0,0.00000,79,DevelopmentType.DIRECT,DietType.CARCASSES,scavenging_mammal,46,True,False,20.00000,active,10.00000,6.00000,4.00000,0.00493,0.00000,0.00000,0.00000,"[79, 70, 78, 80, 61, 69, 71, 77, 52, 60, 62, 68, 76, 43, 51, 53, 59, 67, 75, 34, 42, 44, 50, 58, 66, 74, 25, 33, 35, 41, 49, 57, 65, 73, 16, 24, 26, 32, 40, 48, 56, 64, 72, 7, 15, 17, 23, 31, 39, 47, 55, 63, 6, 8, 14, 22, 30, 38, 46, 54, 5, 13, 21, 29, 37, 45, 4, 12, 20, 28, 36, 3, 11, 19, 27, 2, 10, 18, 1, 9, 0]",1641763.13781,0.00000,0.00000
da1a502c-a667-4065-b709-000ea58faf86,2013-01-01,0,0.00000,20,DevelopmentType.DIRECT,DietType.CARCASSES,scavenging_mammal,46,True,False,20.00000,active,10.00000,6.00000,4.00000,0.00493,0.00000,0.00000,0.00000,"[20, 11, 29, 19, 21, 2, 10, 12, 38, 28, 30, 18, 22, 1, 3, 9, 13, 47, 37, 39, 27, 31, 23, 0, 4, 14, 56, 46, 48, 36, 40, 32, 24, 5, 15, 65, 55, 57, 45, 49, 41, 33, 25, 6, 16, 74, 64, 66, 54, 58, 50, 42, 34, 26, 7, 17, 73, 75, 63, 67, 59, 51, 43, 35, 8, 72, 76, 68, 60, 52, 44, 77, 69, 61, 53, 78, 70, 62, 79, 71, 80]",1641763.13781,0.00000,0.00000
73699b22-976b-4eb4-a661-41bff53f8135,2013-01-01,0,0.00000,9,DevelopmentType.DIRECT,DietType.CARCASSES,scavenging_mammal,46,True,False,20.00000,active,10.00000,6.00000,4.00000,0.00493,0.00000,0.00000,0.00000,"[9, 0, 18, 10, 1, 27, 19, 11, 2, 36, 28, 20, 12, 3, 45, 37, 29, 21, 13, 4, 54, 46, 38, 30, 22, 14, 5, 63, 55, 47, 39, 31, 23, 15, 6, 72, 64, 56, 48, 40, 32, 24, 16, 7, 73, 65, 57, 49, 41, 33, 25, 17, 8, 74, 66, 58, 50, 42, 34, 26, 75, 67, 59, 51, 43, 35, 76, 68, 60, 52, 44, 77, 69, 61, 53, 78, 70, 62, 79, 71, 80]",1641763.13781,0.00000,0.00000
597e102d-1313-487c-9c81-f8789d47abf9,2013-01-01,0,0.00000,52,DevelopmentType.DIRECT,DietType.CARCASSES,scavenging_mammal,46,True,False,20.00000,active,10.00000,6.00000,4.00000,0.00493,0.00000,0.00000,0.00000,"[52, 43, 61, 51, 53, 34, 42, 44, 70, 60, 62, 50, 25, 33, 35, 41, 79, 69, 71, 59, 49, 16, 24, 26, 32, 40, 78, 80, 68, 58, 48, 7, 15, 17, 23, 31, 39, 77, 67, 57, 47, 6, 8, 14, 22, 30, 38, 76, 66, 56, 46, 5, 13, 21, 29, 37, 75, 65, 55, 45, 4, 12, 20, 28, 36, 74, 64, 54, 3, 11, 19, 27, 73, 63, 2, 10, 18, 72, 1, 9, 0]",1641763.13781,0.00000,0.00000
033d90a9-aff2-419d-8e4d-a2a34874ca13,2013-01-01,0,0.00000,11,DevelopmentType.DIRECT,DietType.CARCASSES,scavenging_mammal,46,True,False,20.00000,active,10.00000,6.00000,4.00000,0.00493,0.00000,0.00000,0.00000,"[11, 2, 20, 10, 12, 1, 3, 29, 19, 21, 9, 13, 0, 4, 38, 28, 30, 18, 22, 14, 5, 47, 37, 39, 27, 31, 23, 15, 6, 56, 46, 48, 36, 40, 32, 24, 16, 7, 65, 55, 57, 45, 49, 41, 33, 25, 17, 8, 74, 64, 66, 54, 58, 50, 42, 34, 26, 73, 75, 63, 67, 59, 51, 43, 35, 72, 76, 68, 60, 52, 44, 77, 69, 61, 53, 78, 70, 62, 79, 71, 80]",1641763.13781,0.00000,0.00000
8761720a-0376-4efc-8a56-407026fee53e,2013-01-01,0,0.00000,16,DevelopmentType.DIRECT,DietType.CARCASSES,scavenging_mammal,46,True,False,20.00000,active,10.00000,6.00000,4.00000,0.00493,0.00000,0.00000,0.00000,"[16, 7, 25, 15, 17, 6, 8, 34, 24, 26, 14, 5, 43, 33, 35, 23, 13, 4, 52, 42, 44, 32, 22, 12, 3, 61, 51, 53, 41, 31, 21, 11, 2, 70, 60, 62, 50, 40, 30, 20, 10, 1, 79, 69, 71, 59, 49, 39, 29, 19, 9, 0, 78, 80, 68, 58, 48, 38, 28, 18, 77, 67, 57, 47, 37, 27, 76, 66, 56, 46, 36, 75, 65, 55, 45, 74, 64, 54, 73, 63, 72]",1641763.13781,0.00000,0.00000
2e38340e-1c5f-4ac3-9c10-648983391765,2013-01-01,0,0.00000,50,DevelopmentType.DIRECT,DietType.CARCASSES,scavenging_mammal,46,True,False,20.00000,active,10.00000,6.00000,4.00000,0.00493,0.00000,0.00000,0.00000,"[50, 41, 59, 49, 51, 32, 40, 42, 68, 58, 60, 48, 52, 23, 31, 33, 39, 43, 77, 67, 69, 57, 61, 47, 53, 14, 22, 24, 30, 34, 38, 44, 76, 78, 66, 70, 56, 62, 46, 5, 13, 15, 21, 25, 29, 35, 37, 75, 79, 65, 71, 55, 45, 4, 6, 12, 16, 20, 26, 28, 36, 74, 80, 64, 54, 3, 7, 11, 17, 19, 27, 73, 63, 2, 8, 10, 18, 72, 1, 9, 0]",1641763.13781,0.00000,0.00000
11f2a046-5a9d-430b-842a-bff02dd6201c,2013-01-01,0,0.00000,60,DevelopmentType.DIRECT,DietType.CARCASSES,scavenging_mammal,46,True,False,20.00000,active,10.00000,6.00000,4.00000,0.00493,0.00000,0.00000,0.00000,"[60, 51, 69, 59, 61, 42, 50, 52, 78, 68, 70, 58, 62, 33, 41, 43, 49, 53, 77, 79, 67, 71, 57, 24, 32, 34, 40, 44, 48, 76, 80, 66, 56, 15, 23, 25, 31, 35, 39, 47, 75, 65, 55, 6, 14, 16, 22, 26, 30, 38, 46, 74, 64, 54, 5, 7, 13, 17, 21, 29, 37, 45, 73, 63, 4, 8, 12, 20, 28, 36, 72, 3, 11, 19, 27, 2, 10, 18, 1, 9, 0]",1641763.13781,0.00000,0.00000
426212a7-ebc4-405e-9ef4-b9268fe29217,2013-01-01,0,0.00000,44,DevelopmentType.DIRECT,DietType.CARCASSES,scavenging_mammal,46,True,False,20.00000,active,10.00000,6.00000,4.00000,0.00493,0.00000,0.00000,0.00000,"[44, 35, 53, 43, 26, 34, 62, 52, 42, 17, 25, 33, 71, 61, 51, 41, 8, 16, 24, 32, 80, 70, 60, 50, 40, 7, 15, 23, 31, 79, 69, 59, 49, 39, 6, 14, 22, 30, 78, 68, 58, 48, 38, 5, 13, 21, 29, 77, 67, 57, 47, 37, 4, 12, 20, 28, 76, 66, 56, 46, 36, 3, 11, 19, 27, 75, 65, 55, 45, 2, 10, 18, 74, 64, 54, 1, 9, 73, 63, 0, 72]",1641763.13781,0.00000,0.00000
a4cc3c6c-1464-47e7-a5cd-7e006f3b3607,2013-01-01,0,0.00000,22,DevelopmentType.DIRECT,DietType.CARCASSES,scavenging_mammal,46,True,False,20.00000,active,10.00000,6.00000,4.00000,0.00493,0.00000,0.00000,0.00000,"[22, 13, 31, 21, 23, 4, 12, 14, 40, 30, 32, 20, 24, 3, 5, 11, 15, 49, 39, 41, 29, 33, 19, 25, 2, 6, 10, 16, 58, 48, 50, 38, 42, 28, 34, 18, 26, 1, 7, 9, 17, 67, 57, 59, 47, 51, 37, 43, 27, 35, 0, 8, 76, 66, 68, 56, 60, 46, 52, 36, 44, 75, 77, 65, 69, 55, 61, 45, 53, 74, 78, 64, 70, 54, 62, 73, 79, 63, 71, 72, 80]",1641763.13781,0.00000,0.00000
1b64b97f-ca8e-491d-aaac-1c594414b423,2013-01-01,0,0.00000,53,DevelopmentType.DIRECT,DietType.CARCASSES,scavenging_mammal,46,True,False,20.00000,active,10.00000,6.00000,4.00000,0.00493,0.00000,0.00000,0.00000,"[53, 44, 62, 52, 35, 43, 71, 61, 51, 26, 34, 42, 80, 70, 60, 50, 17, 25, 33, 41, 79, 69, 59, 49, 8, 16, 24, 32, 40, 78, 68, 58, 48, 7, 15, 23, 31, 39, 77, 67, 57, 47, 6, 14, 22, 30, 38, 76, 66, 56, 46, 5, 13, 21, 29, 37, 75, 65, 55, 45, 4, 12, 20, 28, 36, 74, 64, 54, 3, 11, 19, 27, 73, 63, 2, 10, 18, 72, 1, 9, 0]",1641763.13781,0.00000,0.00000
69e34d41-cab7-476f-ac62-ff52e2410e1f,2013-01-01,0,0.00000,37,DevelopmentType.DIRECT,DietType.CARCASSES,scavenging_mammal,46,True,False,20.00000,active,10.00000,6.00000,4.00000,0.00493,0.00000,0.00000,0.00000,"[37, 28, 46, 36, 38, 19, 27, 29, 55, 45, 47, 39, 10, 18, 20, 30, 64, 54, 56, 48, 40, 1, 9, 11, 21, 31, 73, 63, 65, 57, 49, 41, 0, 2, 12, 22, 32, 72, 74, 66, 58, 50, 42, 3, 13, 23, 33, 75, 67, 59, 51, 43, 4, 14, 24, 34, 76, 68, 60, 52, 44, 5, 15, 25, 35, 77, 69, 61, 53, 6, 16, 26, 78, 70, 62, 7, 17, 79, 71, 8, 80]",1641763.13781,0.00000,0.00000
a555e309-a1fd-42d9-91fb-b5e67dd54c48,2013-01-01,0,0.00000,78,DevelopmentType.DIRECT,DietType.CARCASSES,scavenging_mammal,46,True,False,20.00000,active,10.00000,6.00000,4.00000,0.00493,0.00000,0.00000,0.00000,"[78, 69, 77, 79, 60, 68, 70, 76, 80, 51, 59, 61, 67, 71, 75, 42, 50, 52, 58, 62, 66, 74, 33, 41, 43, 49, 53, 57, 65, 73, 24, 32, 34, 40, 44, 48, 56, 64, 72, 15, 23, 25, 31, 35, 39, 47, 55, 63, 6, 14, 16, 22, 26, 30, 38, 46, 54, 5, 7, 13, 17, 21, 29, 37, 45, 4, 8, 12, 20, 28, 36, 3, 11, 19, 27, 2, 10, 18, 1, 9, 0]",1641763.13781,0.00000,0.00000
3771915c-30cc-4e54-b20b-92030d2b9f48,2013-01-01,0,0.00000,26,DevelopmentType.DIRECT,DietType.CARCASSES,scavenging_mammal,46,True,False,20.00000,active,10.00000,6.00000,4.00000,0.00493,0.00000,0.00000,0.00000,"[26, 17, 35, 25, 8, 16, 44, 34, 24, 7, 15, 53, 43, 33, 23, 6, 14, 62, 52, 42, 32, 22, 5, 13, 71, 61, 51, 41, 31, 21, 4, 12, 80, 70, 60, 50, 40, 30, 20, 3, 11, 79, 69, 59, 49, 39, 29, 19, 2, 10, 78, 68, 58, 48, 38, 28, 18, 1, 9, 77, 67, 57, 47, 37, 27, 0, 76, 66, 56, 46, 36, 75, 65, 55, 45, 74, 64, 54, 73, 63, 72]",1641763.13781,0.00000,0.00000
d420c0c8-e42e-4442-a58b-727d3e562221,2013-01-01,0,0.00000,27,DevelopmentType.DIRECT,DietType.CARCASSES,scavenging_mammal,46,True,False,20.00000,active,10.00000,6.00000,4.00000,0.00493,0.00000,0.00000,0.00000,"[27, 18, 36, 28, 9, 19, 45, 37, 29, 0, 10, 20, 54, 46, 38, 30, 1, 11, 21, 63, 55, 47, 39, 31, 2, 12, 22, 72, 64, 56, 48, 40, 32, 3, 13, 23, 73, 65, 57, 49, 41, 33, 4, 14, 24, 74, 66, 58, 50, 42, 34, 5, 15, 25, 75, 67, 59, 51, 43, 35, 6, 16, 26, 76, 68, 60, 52, 44, 7, 17, 77, 69, 61, 53, 8, 78, 70, 62, 79, 71, 80]",1641763.13781,0.00000,0.00000
17602ca8-f2ab-462b-a000-3bbbb8320d65,2013-01-01,0,0.00000,10,DevelopmentType.DIRECT,DietType.CARCASSES,scavenging_mammal,46,True,False,20.00000,active,10.00000,6.00000,4.00000,0.00493,0.00000,0.00000,0.00000,"[10, 1, 19, 9, 11, 0, 2, 28, 18, 20, 12, 3, 37, 27, 29, 21, 13, 4, 46, 36, 38, 30, 22, 14, 5, 55, 45, 47, 39, 31, 23, 15, 6, 64, 54, 56, 48, 40, 32, 24, 16, 7, 73, 63, 65, 57, 49, 41, 33, 25, 17, 8, 72, 74, 66, 58, 50, 42, 34, 26, 75, 67, 59, 51, 43, 35, 76, 68, 60, 52, 44, 77, 69, 61, 53, 78, 70, 62, 79, 71, 80]",1641763.13781,0.00000,0.00000
49f3555e-c4e8-4b1b-932b-e709a70acbad,2013-01-01,0,0.00000,67,DevelopmentType.DIRECT,DietType.CARCASSES,scavenging_mammal,46,True,False,20.00000,active,10.00000,6.00000,4.00000,0.00493,0.00000,0.00000,0.00000,"[67, 58, 76, 66, 68, 49, 57, 59, 75, 77, 65, 69, 40, 48, 50, 56, 60, 74, 78, 64, 70, 31, 39, 41, 47, 51, 55, 61, 73, 79, 63, 71, 22, 30, 32, 38, 42, 46, 52, 54, 62, 72, 80, 13, 21, 23, 29, 33, 37, 43, 45, 53, 4, 12, 14, 20, 24, 28, 34, 36, 44, 3, 5, 11, 15, 19, 25, 27, 35, 2, 6, 10, 16, 18, 26, 1, 7, 9, 17, 0, 8]",1641763.13781,0.00000,0.00000
cbfa71b3-e42d-4c88-888b-3ecfb35c7e85,2013-01-01,0,0.00000,64,DevelopmentType.DIRECT,DietType.CARCASSES,scavenging_mammal,46,True,False,20.00000,active,10.00000,6.00000,4.00000,0.00493,0.00000,0.00000,0.00000,"[64, 55, 73, 63, 65, 46, 54, 56, 72, 74, 66, 37, 45, 47, 57, 75, 67, 28, 36, 38, 48, 58, 76, 68, 19, 27, 29, 39, 49, 59, 77, 69, 10, 18, 20, 30, 40, 50, 60, 78, 70, 1, 9, 11, 21, 31, 41, 51, 61, 79, 71, 0, 2, 12, 22, 32, 42, 52, 62, 80, 3, 13, 23, 33, 43, 53, 4, 14, 24, 34, 44, 5, 15, 25, 35, 6, 16, 26, 7, 17, 8]",1641763.13781,0.00000,0.00000
33c9240b-98ee-4e45-b9da-6e9d043c3f58,2013-01-01,0,0.00000,30,DevelopmentType.DIRECT,DietType.CARCASSES,scavenging_mammal,46,True,False,20.00000,active,10.00000,6.00000,4.00000,0.00493,0.00000,0.00000,0.00000,"[30, 21, 39, 29, 31, 12, 20, 22, 48, 38, 40, 28, 32, 3, 11, 13, 19, 23, 57, 47, 49, 37, 41, 27, 33, 2, 4, 10, 14, 18, 24, 66, 56, 58, 46, 50, 36, 42, 34, 1, 5, 9, 15, 25, 75, 65, 67, 55, 59, 45, 51, 43, 35, 0, 6, 16, 26, 74, 76, 64, 68, 54, 60, 52, 44, 7, 17, 73, 77, 63, 69, 61, 53, 8, 72, 78, 70, 62, 79, 71, 80]",1641763.13781,0.00000,0.00000
3f0325f7-1d13-43cc-9f60-b918c3e153e1,2013-01-01,0,0.00000,14,DevelopmentType.DIRECT,DietType.CARCASSES,scavenging_mammal,46,True,False,20.00000,active,10.00000,6.00000,4.00000,0.00493,0.00000,0.00000,0.00000,"[14, 5, 23, 13, 15, 4, 6, 32, 22, 24, 12, 16, 3, 7, 41, 31, 33, 21, 25, 11, 17, 2, 8, 50, 40, 42, 30, 34, 20, 26, 10, 1, 59, 49, 51, 39, 43, 29, 35, 19, 9, 0, 68, 58, 60, 48, 52, 38, 44, 28, 18, 77, 67, 69, 57, 61, 47, 53, 37, 27, 76, 78, 66, 70, 56, 62, 46, 36, 75, 79, 65, 71, 55, 45, 74, 80, 64, 54, 73, 63, 72]",1641763.13781,0.00000,0.00000
fc4da339-d892-4db8-92e6-316b731e3c7e,2013-01-01,0,0.00000,17,DevelopmentType.DIRECT,DietType.CARCASSES,scavenging_mammal,46,True,False,20.00000,active,10.00000,6.00000,4.00000,0.00493,0.00000,0.00000,0.00000,"[17, 8, 26, 16, 7, 35, 25, 15, 6, 44, 34, 24, 14, 5, 53, 43, 33, 23, 13, 4, 62, 52, 42, 32, 22, 12, 3, 71, 61, 51, 41, 31, 21, 11, 2, 80, 70, 60, 50, 40, 30, 20, 10, 1, 79, 69, 59, 49, 39, 29, 19, 9, 0, 78, 68, 58, 48, 38, 28, 18, 77, 67, 57, 47, 37, 27, 76, 66, 56, 46, 36, 75, 65, 55, 45, 74, 64, 54, 73, 63, 72]",1641763.13781,0.00000,0.00000
6bf07fd2-41fc-44f2-8b5c-422867b1d5b3,2013-01-01,0,0.00000,19,DevelopmentType.DIRECT,DietType.CARCASSES,scavenging_mammal,46,True,False,20.00000,active,10.00000,6.00000,4.00000,0.00493,0.00000,0.00000,0.00000,"[19, 10, 28, 18, 20, 1, 9, 11, 37, 27, 29, 21, 0, 2, 12, 46, 36, 38, 30, 22, 3, 13, 55, 45, 47, 39, 31, 23, 4, 14, 64, 54, 56, 48, 40, 32, 24, 5, 15, 73, 63, 65, 57, 49, 41, 33, 25, 6, 16, 72, 74, 66, 58, 50, 42, 34, 26, 7, 17, 75, 67, 59, 51, 43, 35, 8, 76, 68, 60, 52, 44, 77, 69, 61, 53, 78, 70, 62, 79, 71, 80]",1641763.13781,0.00000,0.00000
7e4a43e3-0111-43d5-a005-0f493d4b7414,2013-01-01,0,0.00000,74,DevelopmentType.DIRECT,DietType.CARCASSES,scavenging_mammal,46,True,False,20.00000,active,10.00000,6.00000,4.00000,0.00493,0.00000,0.00000,0.00000,"[74, 65, 73, 75, 56, 64, 66, 72, 76, 47, 55, 57, 63, 67, 77, 38, 46, 48, 54, 58, 68, 78, 29, 37, 39, 45, 49, 59, 69, 79, 20, 28, 30, 36, 40, 50, 60, 70, 80, 11, 19, 21, 27, 31, 41, 51, 61, 71, 2, 10, 12, 18, 22, 32, 42, 52, 62, 1, 3, 9, 13, 23, 33, 43, 53, 0, 4, 14, 24, 34, 44, 5, 15, 25, 35, 6, 16, 26, 7, 17, 8]",1641763.13781,0.00000,0.00000
7a400493-41ee-49a9-b6d9-21081083edaf,2013-01-01,0,0.00000,66,DevelopmentType.DIRECT,DietType.CARCASSES,scavenging_mammal,46,True,False,20.00000,active,10.00000,6.00000,4.00000,0.00493,0.00000,0.00000,0.00000,"[66, 57, 75, 65, 67, 48, 56, 58, 74, 76, 64, 68, 39, 47, 49, 55, 59, 73, 77, 63, 69, 30, 38, 40, 46, 50, 54, 60, 72, 78, 70, 21, 29, 31, 37, 41, 45, 51, 61, 79, 71, 12, 20, 22, 28, 32, 36, 42, 52, 62, 80, 3, 11, 13, 19, 23, 27, 33, 43, 53, 2, 4, 10, 14, 18, 24, 34, 44, 1, 5, 9, 15, 25, 35, 0, 6, 16, 26, 7, 17, 8]",1641763.13781,0.00000,0.00000
be0745c2-5d8d-415c-bf1b-8857075fe031,2013-01-01,0,0.00000,58,DevelopmentType.DIRECT,DietType.CARCASSES,scavenging_mammal,46,True,False,20.00000,active,10.00000,6.00000,4.00000,0.00493,0.00000,0.00000,0.00000,"[58, 49, 67, 57, 59, 40, 48, 50, 76, 66, 68, 56, 60, 31, 39, 41, 47, 51, 75, 77, 65, 69, 55, 61, 22, 30, 32, 38, 42, 46, 52, 74, 78, 64, 70, 54, 62, 13, 21, 23, 29, 33, 37, 43, 45, 53, 73, 79, 63, 71, 4, 12, 14, 20, 24, 28, 34, 36, 44, 72, 80, 3, 5, 11, 15, 19, 25, 27, 35, 2, 6, 10, 16, 18, 26, 1, 7, 9, 17, 0, 8]",1641763.13781,0.00000,0.00000
3ea3e46d-9384-4e56-8ce0-0b786bd3e8e6,2013-01-01,0,0.00000,1,DevelopmentType.DIRECT,DietType.CARCASSES,scavenging_mammal,46,True,False,20.00000,active,10.00000,6.00000,4.00000,0.00493,0.00000,0.00000,0.00000,"[1, 10, 0, 2, 19, 9, 11, 3, 28, 18, 20, 12, 4, 37, 27, 29, 21, 13, 5, 46, 36, 38, 30, 22, 14, 6, 55, 45, 47, 39, 31, 23, 15, 7, 64, 54, 56, 48, 40, 32, 24, 16, 8, 73, 63, 65, 57, 49, 41, 33, 25, 17, 72, 74, 66, 58, 50, 42, 34, 26, 75, 67, 59, 51, 43, 35, 76, 68, 60, 52, 44, 77, 69, 61, 53, 78, 70, 62, 79, 71, 80]",1641763.13781,0.00000,0.00000
bcb07248-8066-46b6-923c-0f81b17870c9,2013-01-01,0,0.00000,32,DevelopmentType.DIRECT,DietType.CARCASSES,scavenging_mammal,46,True,False,20.00000,active,10.00000,6.00000,4.00000,0.00493,0.00000,0.00000,0.00000,"[32, 23, 41, 31, 33, 14, 22, 24, 50, 40, 42, 30, 34, 5, 13, 15, 21, 25, 59, 49, 51, 39, 43, 29, 35, 4, 6, 12, 16, 20, 26, 68, 58, 60, 48, 52, 38, 44, 28, 3, 7, 11, 17, 19, 77, 67, 69, 57, 61, 47, 53, 37, 27, 2, 8, 10, 18, 76, 78, 66, 70, 56, 62, 46, 36, 1, 9, 75, 79, 65, 71, 55, 45, 0, 74, 80, 64, 54, 73, 63, 72]",1641763.13781,0.00000,0.00000
aa1e145d-f67a-48f7-948e-1badfb0fea0c,2013-01-01,0,0.00000,42,DevelopmentType.DIRECT,DietType.CARCASSES,scavenging_mammal,46,True,False,20.00000,active,10.00000,6.00000,4.00000,0.00493,0.00000,0.00000,0.00000,"[42, 33, 51, 41, 43, 24, 32, 34, 60, 50, 52, 40, 44, 15, 23, 25, 31, 35, 69, 59, 61, 49, 53, 39, 6, 14, 16, 22, 26, 30, 78, 68, 70, 58, 62, 48, 38, 5, 7, 13, 17, 21, 29, 77, 79, 67, 71, 57, 47, 37, 4, 8, 12, 20, 28, 76, 80, 66, 56, 46, 36, 3, 11, 19, 27, 75, 65, 55, 45, 2, 10, 18, 74, 64, 54, 1, 9, 73, 63, 0, 72]",1641763.13781,0.00000,0.00000
ea0af913-8a11-4b83-aa13-3bf7face7c72,2013-01-01,0,0.00000,21,DevelopmentType.DIRECT,DietType.CARCASSES,scavenging_mammal,46,True,False,20.00000,active,10.00000,6.00000,4.00000,0.00493,0.00000,0.00000,0.00000,"[21, 12, 30, 20, 22, 3, 11, 13, 39, 29, 31, 19, 23, 2, 4, 10, 14, 48, 38, 40, 28, 32, 18, 24, 1, 5, 9, 15, 57, 47, 49, 37, 41, 27, 33, 25, 0, 6, 16, 66, 56, 58, 46, 50, 36, 42, 34, 26, 7, 17, 75, 65, 67, 55, 59, 45, 51, 43, 35, 8, 74, 76, 64, 68, 54, 60, 52, 44, 73, 77, 63, 69, 61, 53, 72, 78, 70, 62, 79, 71, 80]",1641763.13781,0.00000,0.00000
d1741d1f-9126-4028-9121-1e521f303593,2013-01-01,0,0.00000,47,DevelopmentType.DIRECT,DietType.CARCASSES,scavenging_mammal,46,True,False,20.00000,active,10.00000,6.00000,4.00000,0.00493,0.00000,0.00000,0.00000,"[47, 38, 56, 46, 48, 29, 37, 39, 65, 55, 57, 45, 49, 20, 28, 30, 36, 40, 74, 64, 66, 54, 58, 50, 11, 19, 21, 27, 31, 41, 73, 75, 63, 67, 59, 51, 2, 10, 12, 18, 22, 32, 42, 72, 76, 68, 60, 52, 1, 3, 9, 13, 23, 33, 43, 77, 69, 61, 53, 0, 4, 14, 24, 34, 44, 78, 70, 62, 5, 15, 25, 35, 79, 71, 6, 16, 26, 80, 7, 17, 8]",1641763.13781,0.00000,0.00000
405af26f-c764-40fa-8219-4918ab98d813,2013-01-01,0,0.00000,51,DevelopmentType.DIRECT,DietType.CARCASSES,scavenging_mammal,46,True,False,20.00000,active,10.00000,6.00000,4.00000,0.00493,0.00000,0.00000,0.00000,"[51, 42, 60, 50, 52, 33, 41, 43, 69, 59, 61, 49, 53, 24, 32, 34, 40, 44, 78, 68, 70, 58, 62, 48, 15, 23, 25, 31, 35, 39, 77, 79, 67, 71, 57, 47, 6, 14, 16, 22, 26, 30, 38, 76, 80, 66, 56, 46, 5, 7, 13, 17, 21, 29, 37, 75, 65, 55, 45, 4, 8, 12, 20, 28, 36, 74, 64, 54, 3, 11, 19, 27, 73, 63, 2, 10, 18, 72, 1, 9, 0]",1641763.13781,0.00000,0.00000
24252a8d-dd17-4986-92a1-0bb07500fc26,2013-01-01,0,0.00000,61,DevelopmentType.DIRECT,DietType.CARCASSES,scavenging_mammal,46,True,False,20.00000,active,10.00000,6.00000,4.00000,0.00493,0.00000,0.00000,0.00000,"[61, 52, 70, 60, 62, 43, 51, 53, 79, 69, 71, 59, 34, 42, 44, 50, 78, 80, 68, 58, 25, 33, 35, 41, 49, 77, 67, 57, 16, 24, 26, 32, 40, 48, 76, 66, 56, 7, 15, 17, 23, 31, 39, 47, 75, 65, 55, 6, 8, 14, 22, 30, 38, 46, 74, 64, 54, 5, 13, 21, 29, 37, 45, 73, 63, 4, 12, 20, 28, 36, 72, 3, 11, 19, 27, 2, 10, 18, 1, 9, 0]",1641763.13781,0.00000,0.00000
2eb8949e-0d7d-44ce-972f-070096fcf40c,2013-01-01,0,0.00000,65,DevelopmentType.DIRECT,DietType.CARCASSES,scavenging_mammal,46,True,False,20.00000,active,10.00000,6.00000,4.00000,0.00493,0.00000,0.00000,0.00000,"[65, 56, 74, 64, 66, 47, 55, 57, 73, 75, 63, 67, 38, 46, 48, 54, 58, 72, 76, 68, 29, 37, 39, 45, 49, 59, 77, 69, 20, 28, 30, 36, 40, 50, 60, 78, 70, 11, 19, 21, 27, 31, 41, 51, 61, 79, 71, 2, 10, 12, 18, 22, 32, 42, 52, 62, 80, 1, 3, 9, 13, 23, 33, 43, 53, 0, 4, 14, 24, 34, 44, 5, 15, 25, 35, 6, 16, 26, 7, 17, 8]",1641763.13781,0.00000,0.00000
b2139164-738b-463d-8d52-38afcb8e01a0,2013-01-01,0,0.00000,33,DevelopmentType.DIRECT,DietType.CARCASSES,scavenging_mammal,46,True,False,20.00000,active,10.00000,6.00000,4.00000,0.00493,0.00000,0.00000,0.00000,"[33, 24, 42, 32, 34, 15, 23, 25, 51, 41, 43, 31, 35, 6, 14, 16, 22, 26, 60, 50, 52, 40, 44, 30, 5, 7, 13, 17, 21, 69, 59, 61, 49, 53, 39, 29, 4, 8, 12, 20, 78, 68, 70, 58, 62, 48, 38, 28, 3, 11, 19, 77, 79, 67, 71, 57, 47, 37, 27, 2, 10, 18, 76, 80, 66, 56, 46, 36, 1, 9, 75, 65, 55, 45, 0, 74, 64, 54, 73, 63, 72]",1641763.13781,0.00000,0.00000
f9fc0bcf-c891-4ffe-acc9-acc92eabeae1,2013-01-01,0,0.00000,77,DevelopmentType.DIRECT,DietType.CARCASSES,scavenging_mammal,46,True,False,20.00000,active,10.00000,6.00000,4.00000,0.00493,0.00000,0.00000,0.00000,"[77, 68, 76, 78, 59, 67, 69, 75, 79, 50, 58, 60, 66, 70, 74, 80, 41, 49, 51, 57, 61, 65, 71, 73, 32, 40, 42, 48, 52, 56, 62, 64, 72, 23, 31, 33, 39, 43, 47, 53, 55, 63, 14, 22, 24, 30, 34, 38, 44, 46, 54, 5, 13, 15, 21, 25, 29, 35, 37, 45, 4, 6, 12, 16, 20, 26, 28, 36, 3, 7, 11, 17, 19, 27, 2, 8, 10, 18, 1, 9, 0]",1641763.13781,0.00000,0.00000
358ec5b9-d975-4cf5-ac67-91ac8d0e52b0,2013-01-01,0,0.00000,48,DevelopmentType.DIRECT,DietType.CARCASSES,scavenging_mammal,46,True,False,20.00000,active,10.00000,6.00000,4.00000,0.00493,0.00000,0.00000,0.00000,"[48, 39, 57, 47, 49, 30, 38, 40, 66, 56, 58, 46, 50, 21, 29, 31, 37, 41, 75, 65, 67, 55, 59, 45, 51, 12, 20, 22, 28, 32, 36, 42, 74, 76, 64, 68, 54, 60, 52, 3, 11, 13, 19, 23, 27, 33, 43, 73, 77, 63, 69, 61, 53, 2, 4, 10, 14, 18, 24, 34, 44, 72, 78, 70, 62, 1, 5, 9, 15, 25, 35, 79, 71, 0, 6, 16, 26, 80, 7, 17, 8]",1641763.13781,0.00000,0.00000
5ab44bff-a0bd-4d7c-a26d-2e6f1bbc1d6c,2013-01-01,0,0.00000,12,DevelopmentType.DIRECT,DietType.CARCASSES,scavenging_mammal,46,True,False,20.00000,active,10.00000,6.00000,4.00000,0.00493,0.00000,0.00000,0.00000,"[12, 3, 21, 11, 13, 2, 4, 30, 20, 22, 10, 14, 1, 5, 39, 29, 31, 19, 23, 9, 15, 0, 6, 48, 38, 40, 28, 32, 18, 24, 16, 7, 57, 47, 49, 37, 41, 27, 33, 25, 17, 8, 66, 56, 58, 46, 50, 36, 42, 34, 26, 75, 65, 67, 55, 59, 45, 51, 43, 35, 74, 76, 64, 68, 54, 60, 52, 44, 73, 77, 63, 69, 61, 53, 72, 78, 70, 62, 79, 71, 80]",1641763.13781,0.00000,0.00000
dc068c39-f0b3-481a-a52c-31da689bf7e7,2013-01-01,0,0.00000,63,DevelopmentType.DIRECT,DietType.CARCASSES,scavenging_mammal,46,True,False,20.00000,active,10.00000,6.00000,4.00000,0.00493,0.00000,0.00000,0.00000,"[63, 54, 72, 64, 45, 55, 73, 65, 36, 46, 56, 74, 66, 27, 37, 47, 57, 75, 67, 18, 28, 38, 48, 58, 76, 68, 9, 19, 29, 39, 49, 59, 77, 69, 0, 10, 20, 30, 40, 50, 60, 78, 70, 1, 11, 21, 31, 41, 51, 61, 79, 71, 2, 12, 22, 32, 42, 52, 62, 80, 3, 13, 23, 33, 43, 53, 4, 14, 24, 34, 44, 5, 15, 25, 35, 6, 16, 26, 7, 17, 8]",1641763.13781,0.00000,0.00000
ace2b1d5-88de-47da-b04f-e4f86df46ed8,2013-01-01,0,0.00000,35,DevelopmentType.DIRECT,DietType.CARCASSES,scavenging_mammal,46,True,False,20.00000,active,10.00000,6.00000,4.00000,0.00493,0.00000,0.00000,0.00000,"[35, 26, 44, 34, 17, 25, 53, 43, 33, 8, 16, 24, 62, 52, 42, 32, 7, 15, 23, 71, 61, 51, 41, 31, 6, 14, 22, 80, 70, 60, 50, 40, 30, 5, 13, 21, 79, 69, 59, 49, 39, 29, 4, 12, 20, 78, 68, 58, 48, 38, 28, 3, 11, 19, 77, 67, 57, 47, 37, 27, 2, 10, 18, 76, 66, 56, 46, 36, 1, 9, 75, 65, 55, 45, 0, 74, 64, 54, 73, 63, 72]",1641763.13781,0.00000,0.00000
7a3b2b4c-ebb0-4694-b037-dbd7a782de61,2013-01-01,0,0.00000,2,DevelopmentType.DIRECT,DietType.CARCASSES,scavenging_mammal,46,True,False,20.00000,active,10.00000,6.00000,4.00000,0.00493,0.00000,0.00000,0.00000,"[2, 11, 1, 3, 20, 10, 12, 0, 4, 29, 19, 21, 9, 13, 5, 38, 28, 30, 18, 22, 14, 6, 47, 37, 39, 27, 31, 23, 15, 7, 56, 46, 48, 36, 40, 32, 24, 16, 8, 65, 55, 57, 45, 49, 41, 33, 25, 17, 74, 64, 66, 54, 58, 50, 42, 34, 26, 73, 75, 63, 67, 59, 51, 43, 35, 72, 76, 68, 60, 52, 44, 77, 69, 61, 53, 78, 70, 62, 79, 71, 80]",1641763.13781,0.00000,0.00000
9b94cec5-846b-4df2-8fd7-dd42ea2f545b,2013-01-01,0,0.00000,49,DevelopmentType.DIRECT,DietType.CARCASSES,scavenging_mammal,46,True,False,20.00000,active,10.00000,6.00000,4.00000,0.00493,0.00000,0.00000,0.00000,"[49, 40, 58, 48, 50, 31, 39, 41, 67, 57, 59, 47, 51, 22, 30, 32, 38, 42, 76, 66, 68, 56, 60, 46, 52, 13, 21, 23, 29, 33, 37, 43, 75, 77, 65, 69, 55, 61, 45, 53, 4, 12, 14, 20, 24, 28, 34, 36, 44, 74, 78, 64, 70, 54, 62, 3, 5, 11, 15, 19, 25, 27, 35, 73, 79, 63, 71, 2, 6, 10, 16, 18, 26, 72, 80, 1, 7, 9, 17, 0, 8]",1641763.13781,0.00000,0.00000
ff52eb53-6b0c-4360-834a-43a1ecfc8b0a,2013-01-01,0,0.00000,75,DevelopmentType.DIRECT,DietType.CARCASSES,scavenging_mammal,46,True,False,20.00000,active,10.00000,6.00000,4.00000,0.00493,0.00000,0.00000,0.00000,"[75, 66, 74, 76, 57, 65, 67, 73, 77, 48, 56, 58, 64, 68, 72, 78, 39, 47, 49, 55, 59, 63, 69, 79, 30, 38, 40, 46, 50, 54, 60, 70, 80, 21, 29, 31, 37, 41, 45, 51, 61, 71, 12, 20, 22, 28, 32, 36, 42, 52, 62, 3, 11, 13, 19, 23, 27, 33, 43, 53, 2, 4, 10, 14, 18, 24, 34, 44, 1, 5, 9, 15, 25, 35, 0, 6, 16, 26, 7, 17, 8]",1641763.13781,0.00000,0.00000
80361a23-90ac-4142-8b60-f2d00fcd3aa4,2013-01-01,0,0.00000,56,DevelopmentType.DIRECT,DietType.CARCASSES,scavenging_mammal,46,True,False,20.00000,active,10.00000,6.00000,4.00000,0.00493,0.00000,0.00000,0.00000,"[56, 47, 65, 55, 57, 38, 46, 48, 74, 64, 66, 54, 58, 29, 37, 39, 45, 49, 73, 75, 63, 67, 59, 20, 28, 30, 36, 40, 50, 72, 76, 68, 60, 11, 19, 21, 27, 31, 41, 51, 77, 69, 61, 2, 10, 12, 18, 22, 32, 42, 52, 78, 70, 62, 1, 3, 9, 13, 23, 33, 43, 53, 79, 71, 0, 4, 14, 24, 34, 44, 80, 5, 15, 25, 35, 6, 16, 26, 7, 17, 8]",1641763.13781,0.00000,0.00000
62a9f4d6-89b1-48e0-b6c4-15f880f58d15,2013-01-01,0,0.00000,34,DevelopmentType.DIRECT,DietType.CARCASSES,scavenging_mammal,46,True,False,20.00000,active,10.00000,6.00000,4.00000,0.00493,0.00000,0.00000,0.00000,"[34, 25, 43, 33, 35, 16, 24, 26, 52, 42, 44, 32, 7, 15, 17, 23, 61, 51, 53, 41, 31, 6, 8, 14, 22, 70, 60, 62, 50, 40, 30, 5, 13, 21, 79, 69, 71, 59, 49, 39, 29, 4, 12, 20, 78, 80, 68, 58, 48, 38, 28, 3, 11, 19, 77, 67, 57, 47, 37, 27, 2, 10, 18, 76, 66, 56, 46, 36, 1, 9, 75, 65, 55, 45, 0, 74, 64, 54, 73, 63, 72]",1641763.13781,0.00000,0.00000
e0eee115-08b7-4382-9d32-880211728b1d,2013-01-01,0,0.00000,40,DevelopmentType.DIRECT,DietType.CARCASSES,scavenging_mammal,46,True,False,20.00000,active,10.00000,6.00000,4.00000,0.00493,0.00000,0.00000,0.00000,"[40, 31, 49, 39, 41, 22, 30, 32, 58, 48, 50, 38, 42, 13, 21, 23, 29, 33, 67, 57, 59, 47, 51, 37, 43, 4, 12, 14, 20, 24, 28, 34, 76, 66, 68, 56, 60, 46, 52, 36, 44, 3, 5, 11, 15, 19, 25, 27, 35, 75, 77, 65, 69, 55, 61, 45, 53, 2, 6, 10, 16, 18, 26, 74, 78, 64, 70, 54, 62, 1, 7, 9, 17, 73, 79, 63, 71, 0, 8, 72, 80]",1641763.13781,0.00000,0.00000
0e9632ab-359d-40fd-bbe6-4a187ac7c626,2013-01-01,0,0.00000,72,DevelopmentType.DIRECT,DietType.CARCASSES,scavenging_mammal,46,True,False,20.00000,active,10.00000,6.00000,4.00000,0.00493,0.00000,0.00000,0.00000,"[72, 63, 73, 54, 64, 74, 45, 55, 65, 75, 36, 46, 56, 66, 76, 27, 37, 47, 57, 67, 77, 18, 28, 38, 48, 58, 68, 78, 9, 19, 29, 39, 49, 59, 69, 79, 0, 10, 20, 30, 40, 50, 60, 70, 80, 1, 11, 21, 31, 41, 51, 61, 71, 2, 12, 22, 32, 42, 52, 62, 3, 13, 23, 33, 43, 53, 4, 14, 24, 34, 44, 5, 15, 25, 35, 6, 16, 26, 7, 17, 8]",1641763.13781,0.00000,0.00000
e1b7be46-fd35-4f38-8be8-96e76f30be7d,2013-01-01,0,0.00000,7,DevelopmentType.DIRECT,DietType.CARCASSES,scavenging_mammal,46,True,False,20.00000,active,10.00000,6.00000,4.00000,0.00493,0.00000,0.00000,0.00000,"[7, 16, 6, 8, 25, 15, 17, 5, 34, 24, 26, 14, 4, 43, 33, 35, 23, 13, 3, 52, 42, 44, 32, 22, 12, 2, 61, 51, 53, 41, 31, 21, 11, 1, 70, 60, 62, 50, 40, 30, 20, 10, 0, 79, 69, 71, 59, 49, 39, 29, 19, 9, 78, 80, 68, 58, 48, 38, 28, 18, 77, 67, 57, 47, 37, 27, 76, 66, 56, 46, 36, 75, 65, 55, 45, 74, 64, 54, 73, 63, 72]",1641763.13781,0.00000,0.00000
8c3ce499-c6b0-41c2-b58c-b3eb3694febe,2013-01-01,0,0.00000,23,DevelopmentType.DIRECT,DietType.CARCASSES,scavenging_mammal,46,True,False,20.00000,active,10.00000,6.00000,4.00000,0.00493,0.00000,0.00000,0.00000,"[23, 14, 32, 22, 24, 5, 13, 15, 41, 31, 33, 21, 25, 4, 6, 12, 16, 50, 40, 42, 30, 34, 20, 26, 3, 7, 11, 17, 59, 49, 51, 39, 43, 29, 35, 19, 2, 8, 10, 68, 58, 60, 48, 52, 38, 44, 28, 18, 1, 9, 77, 67, 69, 57, 61, 47, 53, 37, 27, 0, 76, 78, 66, 70, 56, 62, 46, 36, 75, 79, 65, 71, 55, 45, 74, 80, 64, 54, 73, 63, 72]",1641763.13781,0.00000,0.00000
af0c4d2b-9367-4fa2-bc99-e74f25f79851,2013-01-01,0,0.00000,28,DevelopmentType.DIRECT,DietType.CARCASSES,scavenging_mammal,46,True,False,20.00000,active,10.00000,6.00000,4.00000,0.00493,0.00000,0.00000,0.00000,"[28, 19, 37, 27, 29, 10, 18, 20, 46, 36, 38, 30, 1, 9, 11, 21, 55, 45, 47, 39, 31, 0, 2, 12, 22, 64, 54, 56, 48, 40, 32, 3, 13, 23, 73, 63, 65, 57, 49, 41, 33, 4, 14, 24, 72, 74, 66, 58, 50, 42, 34, 5, 15, 25, 75, 67, 59, 51, 43, 35, 6, 16, 26, 76, 68, 60, 52, 44, 7, 17, 77, 69, 61, 53, 8, 78, 70, 62, 79, 71, 80]",1641763.13781,0.00000,0.00000
4a1659ca-49db-49ac-a5d8-50c37f4244c3,2013-01-01,0,0.00000,3,DevelopmentType.DIRECT,DietType.CARCASSES,scavenging_mammal,46,True,False,20.00000,active,10.00000,6.00000,4.00000,0.00493,0.00000,0.00000,0.00000,"[3, 12, 2, 4, 21, 11, 13, 1, 5, 30, 20, 22, 10, 14, 0, 6, 39, 29, 31, 19, 23, 9, 15, 7, 48, 38, 40, 28, 32, 18, 24, 16, 8, 57, 47, 49, 37, 41, 27, 33, 25, 17, 66, 56, 58, 46, 50, 36, 42, 34, 26, 75, 65, 67, 55, 59, 45, 51, 43, 35, 74, 76, 64, 68, 54, 60, 52, 44, 73, 77, 63, 69, 61, 53, 72, 78, 70, 62, 79, 71, 80]",1641763.13781,0.00000,0.00000
cf712e19-f71b-4dcd-8d52-44773744616f,2013-01-01,0,0.00000,45,DevelopmentType.DIRECT,DietType.CARCASSES,scavenging_mammal,46,True,False,20.00000,active,10.00000,6.00000,4.00000,0.00493,0.00000,0.00000,0.00000,"[45, 36, 54, 46, 27, 37, 63, 55, 47, 18, 28, 38, 72, 64, 56, 48, 9, 19, 29, 39, 73, 65, 57, 49, 0, 10, 20, 30, 40, 74, 66, 58, 50, 1, 11, 21, 31, 41, 75, 67, 59, 51, 2, 12, 22, 32, 42, 76, 68, 60, 52, 3, 13, 23, 33, 43, 77, 69, 61, 53, 4, 14, 24, 34, 44, 78, 70, 62, 5, 15, 25, 35, 79, 71, 6, 16, 26, 80, 7, 17, 8]",1641763.13781,0.00000,0.00000
e5470923-0aaf-418b-b3b0-a53153381d09,2013-01-01,0,0.00000,80,DevelopmentType.DIRECT,DietType.CARCASSES,scavenging_mammal,46,True,False,20.00000,active,10.00000,6.00000,4.00000,0.00493,0.00000,0.00000,0.00000,"[80, 71, 79, 62, 70, 78, 53, 61, 69, 77, 44, 52, 60, 68, 76, 35, 43, 51, 59, 67, 75, 26, 34, 42, 50, 58, 66, 74, 17, 25, 33, 41, 49, 57, 65, 73, 8, 16, 24, 32, 40, 48, 56, 64, 72, 7, 15, 23, 31, 39, 47, 55, 63, 6, 14, 22, 30, 38, 46, 54, 5, 13, 21, 29, 37, 45, 4, 12, 20, 28, 36, 3, 11, 19, 27, 2, 10, 18, 1, 9, 0]",1641763.13781,0.00000,0.00000
f0f1d67c-cea7-4e41-86b1-097fd16f9337,2013-01-01,0,0.00000,36,DevelopmentType.DIRECT,DietType.CARCASSES,scavenging_mammal,46,True,False,20.00000,active,10.00000,6.00000,4.00000,0.00493,0.00000,0.00000,0.00000,"[36, 27, 45, 37, 18, 28, 54, 46, 38, 9, 19, 29, 63, 55, 47, 39, 0, 10, 20, 30, 72, 64, 56, 48, 40, 1, 11, 21, 31, 73, 65, 57, 49, 41, 2, 12, 22, 32, 74, 66, 58, 50, 42, 3, 13, 23, 33, 75, 67, 59, 51, 43, 4, 14, 24, 34, 76, 68, 60, 52, 44, 5, 15, 25, 35, 77, 69, 61, 53, 6, 16, 26, 78, 70, 62, 7, 17, 79, 71, 8, 80]",1641763.13781,0.00000,0.00000
92d9a3a4-f14d-4ab2-972a-bbacdccf60a0,2013-01-01,0,0.00000,76,DevelopmentType.DIRECT,DietType.DETRITUS,detritivorous_insect,1396,True,False,0.00400,active,0.00160,0.00080,0.00160,1.00000,0.00000,0.00000,0.00000,[76],108.51116,0.00000,0.00000
6fbe01aa-a64f-4429-ac24-ec203f111e72,2013-01-01,0,0.00000,4,DevelopmentType.DIRECT,DietType.DETRITUS,detritivorous_insect,1396,True,False,0.00400,active,0.00160,0.00080,0.00160,1.00000,0.00000,0.00000,0.00000,[4],108.51116,0.00000,0.00000
38f7c2b2-ff82-4b90-b2f6-34a05c85152e,2013-01-01,0,0.00000,40,DevelopmentType.DIRECT,DietType.DETRITUS,detritivorous_insect,1396,True,False,0.00400,active,0.00160,0.00080,0.00160,1.00000,0.00000,0.00000,0.00000,[40],108.51116,0.00000,0.00000
449ec5a2-73e3-4ea9-bf3b-790b26e51a68,2013-01-01,0,0.00000,32,DevelopmentType.DIRECT,DietType.DETRITUS,detritivorous_insect,1396,True,False,0.00400,active,0.00160,0.00080,0.00160,1.00000,0.00000,0.00000,0.00000,[32],108.51116,0.00000,0.00000
4f499d06-e191-42bc-9b02-8dffa3f309a5,2013-01-01,0,0.00000,46,DevelopmentType.DIRECT,DietType.DETRITUS,detritivorous_insect,1396,True,False,0.00400,active,0.00160,0.00080,0.00160,1.00000,0.00000,0.00000,0.00000,[46],108.51116,0.00000,0.00000
5f800215-202e-4357-b15c-5a1902062a31,2013-01-01,0,0.00000,35,DevelopmentType.DIRECT,DietType.DETRITUS,detritivorous_insect,1396,True,False,0.00400,active,0.00160,0.00080,0.00160,1.00000,0.00000,0.00000,0.00000,[35],108.51116,0.00000,0.00000
de665a49-973d-46ef-9124-0a6ab290da28,2013-01-01,0,0.00000,57,DevelopmentType.DIRECT,DietType.DETRITUS,detritivorous_insect,1396,True,False,0.00400,active,0.00160,0.00080,0.00160,1.00000,0.00000,0.00000,0.00000,[57],108.51116,0.00000,0.00000
d6335925-af7b-4a94-ac83-3b625250b551,2013-01-01,0,0.00000,16,DevelopmentType.DIRECT,DietType.DETRITUS,detritivorous_insect,1396,True,False,0.00400,active,0.00160,0.00080,0.00160,1.00000,0.00000,0.00000,0.00000,[16],108.51116,0.00000,0.00000
415e8e5c-514f-47de-aba1-9199e56b847a,2013-01-01,0,0.00000,29,DevelopmentType.DIRECT,DietType.DETRITUS,detritivorous_insect,1396,True,False,0.00400,active,0.00160,0.00080,0.00160,1.00000,0.00000,0.00000,0.00000,[29],108.51116,0.00000,0.00000
68120153-75f5-4f4c-b7f4-7a8894c7a38a,2013-01-01,0,0.00000,42,DevelopmentType.DIRECT,DietType.DETRITUS,detritivorous_insect,1396,True,False,0.00400,active,0.00160,0.00080,0.00160,1.00000,0.00000,0.00000,0.00000,[42],108.51116,0.00000,0.00000
3c7bb7a1-bd66-46e2-8ca8-d1ea9660e004,2013-01-01,0,0.00000,56,DevelopmentType.DIRECT,DietType.DETRITUS,detritivorous_insect,1396,True,False,0.00400,active,0.00160,0.00080,0.00160,1.00000,0.00000,0.00000,0.00000,[56],108.51116,0.00000,0.00000
8858deb4-2294-439a-8a3b-609ff4f405eb,2013-01-01,0,0.00000,48,DevelopmentType.DIRECT,DietType.DETRITUS,detritivorous_insect,1396,True,False,0.00400,active,0.00160,0.00080,0.00160,1.00000,0.00000,0.00000,0.00000,[48],108.51116,0.00000,0.00000
98ed4523-a091-4382-b2c7-46b8ea4a1c76,2013-01-01,0,0.00000,15,DevelopmentType.DIRECT,DietType.DETRITUS,detritivorous_insect,1396,True,False,0.00400,active,0.00160,0.00080,0.00160,1.00000,0.00000,0.00000,0.00000,[15],108.51116,0.00000,0.00000
4a43ad7c-d0a0-49e6-a3a0-83a594624dda,2013-01-01,0,0.00000,14,DevelopmentType.DIRECT,DietType.DETRITUS,detritivorous_insect,1396,True,False,0.00400,active,0.00160,0.00080,0.00160,1.00000,0.00000,0.00000,0.00000,[14],108.51116,0.00000,0.00000
ad30bd55-546c-4a4a-9bf1-6743c81226f5,2013-01-01,0,0.00000,51,DevelopmentType.DIRECT,DietType.DETRITUS,detritivorous_insect,1396,True,False,0.00400,active,0.00160,0.00080,0.00160,1.00000,0.00000,0.00000,0.00000,[51],108.51116,0.00000,0.00000
1bada7f9-f92e-4d05-9b32-e8e776e4686f,2013-01-01,0,0.00000,77,DevelopmentType.DIRECT,DietType.DETRITUS,detritivorous_insect,1396,True,False,0.00400,active,0.00160,0.00080,0.00160,1.00000,0.00000,0.00000,0.00000,[77],108.51116,0.00000,0.00000
27710979-df36-40fd-a59a-8fa387a6f314,2013-01-01,0,0.00000,70,DevelopmentType.DIRECT,DietType.DETRITUS,detritivorous_insect,1396,True,False,0.00400,active,0.00160,0.00080,0.00160,1.00000,0.00000,0.00000,0.00000,[70],108.51116,0.00000,0.00000
55e621cb-ba25-412f-8c71-5d8ac6148021,2013-01-01,0,0.00000,79,DevelopmentType.DIRECT,DietType.DETRITUS,detritivorous_insect,1396,True,False,0.00400,active,0.00160,0.00080,0.00160,1.00000,0.00000,0.00000,0.00000,[79],108.51116,0.00000,0.00000
67fdc741-259d-4cc3-acfb-9f66fd21ef9b,2013-01-01,0,0.00000,27,DevelopmentType.DIRECT,DietType.DETRITUS,detritivorous_insect,1396,True,False,0.00400,active,0.00160,0.00080,0.00160,1.00000,0.00000,0.00000,0.00000,[27],108.51116,0.00000,0.00000
7d08ef4b-23d2-4c55-abee-1a26ddda1b21,2013-01-01,0,0.00000,71,DevelopmentType.DIRECT,DietType.DETRITUS,detritivorous_insect,1396,True,False,0.00400,active,0.00160,0.00080,0.00160,1.00000,0.00000,0.00000,0.00000,[71],108.51116,0.00000,0.00000
72fc4242-959c-491d-aa97-74919e3f1ca8,2013-01-01,0,0.00000,75,DevelopmentType.DIRECT,DietType.DETRITUS,detritivorous_insect,1396,True,False,0.00400,active,0.00160,0.00080,0.00160,1.00000,0.00000,0.00000,0.00000,[75],108.51116,0.00000,0.00000
25cb4950-83c4-4786-a762-c561544f6855,2013-01-01,0,0.00000,34,DevelopmentType.DIRECT,DietType.DETRITUS,detritivorous_insect,1396,True,False,0.00400,active,0.00160,0.00080,0.00160,1.00000,0.00000,0.00000,0.00000,[34],108.51116,0.00000,0.00000
3a703277-7a14-446e-b861-a42b907c40e4,2013-01-01,0,0.00000,1,DevelopmentType.DIRECT,DietType.DETRITUS,detritivorous_insect,1396,True,False,0.00400,active,0.00160,0.00080,0.00160,1.00000,0.00000,0.00000,0.00000,[1],108.51116,0.00000,0.00000
e6e542eb-0e79-4505-b079-488517fc908b,2013-01-01,0,0.00000,66,DevelopmentType.DIRECT,DietType.DETRITUS,detritivorous_insect,1396,True,False,0.00400,active,0.00160,0.00080,0.00160,1.00000,0.00000,0.00000,0.00000,[66],108.51116,0.00000,0.00000
90151705-becd-4fa9-85ab-47c7d56d09d3,2013-01-01,0,0.00000,74,DevelopmentType.DIRECT,DietType.DETRITUS,detritivorous_insect,1396,True,False,0.00400,active,0.00160,0.00080,0.00160,1.00000,0.00000,0.00000,0.00000,[74],108.51116,0.00000,0.00000
d636232b-ed92-41ea-82f0-843e5808c808,2013-01-01,0,0.00000,43,DevelopmentType.DIRECT,DietType.DETRITUS,detritivorous_insect,1396,True,False,0.00400,active,0.00160,0.00080,0.00160,1.00000,0.00000,0.00000,0.00000,[43],108.51116,0.00000,0.00000
efaf2de6-1a58-4dbb-b3e3-964b0d8853e6,2013-01-01,0,0.00000,13,DevelopmentType.DIRECT,DietType.DETRITUS,detritivorous_insect,1396,True,False,0.00400,active,0.00160,0.00080,0.00160,1.00000,0.00000,0.00000,0.00000,[13],108.51116,0.00000,0.00000
1dbfff4a-61e2-477e-89d0-2a9ae29afe8e,2013-01-01,0,0.00000,11,DevelopmentType.DIRECT,DietType.DETRITUS,detritivorous_insect,1396,True,False,0.00400,active,0.00160,0.00080,0.00160,1.00000,0.00000,0.00000,0.00000,[11],108.51116,0.00000,0.00000
919d9685-32af-4ea6-a034-834a10bdb71d,2013-01-01,0,0.00000,54,DevelopmentType.DIRECT,DietType.DETRITUS,detritivorous_insect,1396,True,False,0.00400,active,0.00160,0.00080,0.00160,1.00000,0.00000,0.00000,0.00000,[54],108.51116,0.00000,0.00000
9d4dc43f-96ec-44f7-8ffc-4737ee8681a0,2013-01-01,0,0.00000,7,DevelopmentType.DIRECT,DietType.DETRITUS,detritivorous_insect,1396,True,False,0.00400,active,0.00160,0.00080,0.00160,1.00000,0.00000,0.00000,0.00000,[7],108.51116,0.00000,0.00000
bfa9e47a-e4a8-41a2-a3ae-3cae5fcb71f2,2013-01-01,0,0.00000,55,DevelopmentType.DIRECT,DietType.DETRITUS,detritivorous_insect,1396,True,False,0.00400,active,0.00160,0.00080,0.00160,1.00000,0.00000,0.00000,0.00000,[55],108.51116,0.00000,0.00000
b65aa9e4-e101-45b6-98d4-77c9bd90155e,2013-01-01,0,0.00000,18,DevelopmentType.DIRECT,DietType.DETRITUS,detritivorous_insect,1396,True,False,0.00400,active,0.00160,0.00080,0.00160,1.00000,0.00000,0.00000,0.00000,[18],108.51116,0.00000,0.00000
ec5cfab1-2d54-4629-96b1-112c73ca1f53,2013-01-01,0,0.00000,28,DevelopmentType.DIRECT,DietType.DETRITUS,detritivorous_insect,1396,True,False,0.00400,active,0.00160,0.00080,0.00160,1.00000,0.00000,0.00000,0.00000,[28],108.51116,0.00000,0.00000
aab4ff9b-2433-488a-9e40-ef915d3bd8d8,2013-01-01,0,0.00000,61,DevelopmentType.DIRECT,DietType.DETRITUS,detritivorous_insect,1396,True,False,0.00400,active,0.00160,0.00080,0.00160,1.00000,0.00000,0.00000,0.00000,[61],108.51116,0.00000,0.00000
7f7f7703-7502-4e38-bdff-696c7363fa47,2013-01-01,0,0.00000,64,DevelopmentType.DIRECT,DietType.DETRITUS,detritivorous_insect,1396,True,False,0.00400,active,0.00160,0.00080,0.00160,1.00000,0.00000,0.00000,0.00000,[64],108.51116,0.00000,0.00000
a21e9764-e467-460c-a83a-176f2d208759,2013-01-01,0,0.00000,45,DevelopmentType.DIRECT,DietType.DETRITUS,detritivorous_insect,1396,True,False,0.00400,active,0.00160,0.00080,0.00160,1.00000,0.00000,0.00000,0.00000,[45],108.51116,0.00000,0.00000
4c33ce8b-f6c1-4146-b41a-cf41bc8b9528,2013-01-01,0,0.00000,44,DevelopmentType.DIRECT,DietType.DETRITUS,detritivorous_insect,1396,True,False,0.00400,active,0.00160,0.00080,0.00160,1.00000,0.00000,0.00000,0.00000,[44],108.51116,0.00000,0.00000
f29e5ba4-a2d6-4988-aba3-b29763665b4f,2013-01-01,0,0.00000,20,DevelopmentType.DIRECT,DietType.DETRITUS,detritivorous_insect,1396,True,False,0.00400,active,0.00160,0.00080,0.00160,1.00000,0.00000,0.00000,0.00000,[20],108.51116,0.00000,0.00000
3e1675ce-b96d-498f-8576-d33081521f66,2013-01-01,0,0.00000,8,DevelopmentType.DIRECT,DietType.DETRITUS,detritivorous_insect,1396,True,False,0.00400,active,0.00160,0.00080,0.00160,1.00000,0.00000,0.00000,0.00000,[8],108.51116,0.00000,0.00000
88cc37e8-f12a-4486-b6e7-49217cbcdc8f,2013-01-01,0,0.00000,73,DevelopmentType.DIRECT,DietType.DETRITUS,detritivorous_insect,1396,True,False,0.00400,active,0.00160,0.00080,0.00160,1.00000,0.00000,0.00000,0.00000,[73],108.51116,0.00000,0.00000
6691eca2-fe02-4511-848e-a0bc76b85044,2013-01-01,0,0.00000,36,DevelopmentType.DIRECT,DietType.DETRITUS,detritivorous_insect,1396,True,False,0.00400,active,0.00160,0.00080,0.00160,1.00000,0.00000,0.00000,0.00000,[36],108.51116,0.00000,0.00000
e8eda611-7d6c-47c2-9762-ec0d79062763,2013-01-01,0,0.00000,2,DevelopmentType.DIRECT,DietType.DETRITUS,detritivorous_insect,1396,True,False,0.00400,active,0.00160,0.00080,0.00160,1.00000,0.00000,0.00000,0.00000,[2],108.51116,0.00000,0.00000
d87609ce-7c92-43b3-a909-1aac3fe92ad7,2013-01-01,0,0.00000,0,DevelopmentType.DIRECT,DietType.DETRITUS,detritivorous_insect,1396,True,False,0.00400,active,0.00160,0.00080,0.00160,1.00000,0.00000,0.00000,0.00000,[0],108.51116,0.00000,0.00000
7cfee499-a747-41c8-8298-ff250bc9fc28,2013-01-01,0,0.00000,63,DevelopmentType.DIRECT,DietType.DETRITUS,detritivorous_insect,1396,True,False,0.00400,active,0.00160,0.00080,0.00160,1.00000,0.00000,0.00000,0.00000,[63],108.51116,0.00000,0.00000
e91b9314-7929-4abf-93e1-b1d802a0ef28,2013-01-01,0,0.00000,23,DevelopmentType.DIRECT,DietType.DETRITUS,detritivorous_insect,1396,True,False,0.00400,active,0.00160,0.00080,0.00160,1.00000,0.00000,0.00000,0.00000,[23],108.51116,0.00000,0.00000
6c7fab1c-4a7f-4a91-b466-1b1658b888a6,2013-01-01,0,0.00000,10,DevelopmentType.DIRECT,DietType.DETRITUS,detritivorous_insect,1396,True,False,0.00400,active,0.00160,0.00080,0.00160,1.00000,0.00000,0.00000,0.00000,[10],108.51116,0.00000,0.00000
f0a5f196-20d9-48a9-911a-e1189b90406f,2013-01-01,0,0.00000,52,DevelopmentType.DIRECT,DietType.DETRITUS,detritivorous_insect,1396,True,False,0.00400,active,0.00160,0.00080,0.00160,1.00000,0.00000,0.00000,0.00000,[52],108.51116,0.00000,0.00000
8933dbb1-0b4e-461b-8bf7-4921173be191,2013-01-01,0,0.00000,60,DevelopmentType.DIRECT,DietType.DETRITUS,detritivorous_insect,1396,True,False,0.00400,active,0.00160,0.00080,0.00160,1.00000,0.00000,0.00000,0.00000,[60],108.51116,0.00000,0.00000
dbbe2e3a-74ba-46dd-b101-d41af4babe13,2013-01-01,0,0.00000,50,DevelopmentType.DIRECT,DietType.DETRITUS,detritivorous_insect,1396,True,False,0.00400,active,0.00160,0.00080,0.00160,1.00000,0.00000,0.00000,0.00000,[50],108.51116,0.00000,0.00000
1d72ab7c-0398-42e0-919d-09c1dc835c1e,2013-01-01,0,0.00000,58,DevelopmentType.DIRECT,DietType.DETRITUS,detritivorous_insect,1396,True,False,0.00400,active,0.00160,0.00080,0.00160,1.00000,0.00000,0.00000,0.00000,[58],108.51116,0.00000,0.00000
703eb403-ce7c-4dd8-bb04-fef6cb8fe563,2013-01-01,0,0.00000,59,DevelopmentType.DIRECT,DietType.DETRITUS,detritivorous_insect,1396,True,False,0.00400,active,0.00160,0.00080,0.00160,1.00000,0.00000,0.00000,0.00000,[59],108.51116,0.00000,0.00000
fc0c94ae-4104-4884-9157-7e928f3f5d4b,2013-01-01,0,0.00000,41,DevelopmentType.DIRECT,DietType.DETRITUS,detritivorous_insect,1396,True,False,0.00400,active,0.00160,0.00080,0.00160,1.00000,0.00000,0.00000,0.00000,[41],108.51116,0.00000,0.00000
4a15b918-ef65-4b3d-861e-f5a59e65c45f,2013-01-01,0,0.00000,49,DevelopmentType.DIRECT,DietType.DETRITUS,detritivorous_insect,1396,True,False,0.00400,active,0.00160,0.00080,0.00160,1.00000,0.00000,0.00000,0.00000,[49],108.51116,0.00000,0.00000
259b0a22-2307-42cd-81ce-d06249075990,2013-01-01,0,0.00000,30,DevelopmentType.DIRECT,DietType.DETRITUS,detritivorous_insect,1396,True,False,0.00400,active,0.00160,0.00080,0.00160,1.00000,0.00000,0.00000,0.00000,[30],108.51116,0.00000,0.00000
1128e8b6-19a6-49b8-8ead-736f9998b769,2013-01-01,0,0.00000,17,DevelopmentType.DIRECT,DietType.DETRITUS,detritivorous_insect,1396,True,False,0.00400,active,0.00160,0.00080,0.00160,1.00000,0.00000,0.00000,0.00000,[17],108.51116,0.00000,0.00000
a2516f2b-51b0-4976-8ae0-04de0be3093b,2013-01-01,0,0.00000,80,DevelopmentType.DIRECT,DietType.DETRITUS,detritivorous_insect,1395,True,False,0.00400,active,0.00160,0.00080,0.00160,1.00000,0.00000,0.00000,0.00000,[80],108.51116,0.00000,0.00000
596833a0-4d66-41b9-996c-8236517ae870,2013-01-01,0,0.00000,19,DevelopmentType.DIRECT,DietType.DETRITUS,detritivorous_insect,1395,True,False,0.00400,active,0.00160,0.00080,0.00160,1.00000,0.00000,0.00000,0.00000,[19],108.51116,0.00000,0.00000
6d38cbce-da24-47ab-91e3-649766409d22,2013-01-01,0,0.00000,69,DevelopmentType.DIRECT,DietType.DETRITUS,detritivorous_insect,1395,True,False,0.00400,active,0.00160,0.00080,0.00160,1.00000,0.00000,0.00000,0.00000,[69],108.51116,0.00000,0.00000
f08e18e3-43a0-45b5-85f4-0d7de9f46af8,2013-01-01,0,0.00000,26,DevelopmentType.DIRECT,DietType.DETRITUS,detritivorous_insect,1395,True,False,0.00400,active,0.00160,0.00080,0.00160,1.00000,0.00000,0.00000,0.00000,[26],108.51116,0.00000,0.00000
90a0f4ea-b26b-4509-af83-5d5d0d1a1d17,2013-01-01,0,0.00000,6,DevelopmentType.DIRECT,DietType.DETRITUS,detritivorous_insect,1395,True,False,0.00400,active,0.00160,0.00080,0.00160,1.00000,0.00000,0.00000,0.00000,[6],108.51116,0.00000,0.00000
be59e079-5baf-4e91-8413-ba0313bc3acf,2013-01-01,0,0.00000,65,DevelopmentType.DIRECT,DietType.DETRITUS,detritivorous_insect,1395,True,False,0.00400,active,0.00160,0.00080,0.00160,1.00000,0.00000,0.00000,0.00000,[65],108.51116,0.00000,0.00000
41ae8738-25ed-432d-9005-1c572ec34abe,2013-01-01,0,0.00000,3,DevelopmentType.DIRECT,DietType.DETRITUS,detritivorous_insect,1395,True,False,0.00400,active,0.00160,0.00080,0.00160,1.00000,0.00000,0.00000,0.00000,[3],108.51116,0.00000,0.00000
cf52d0a8-253d-444c-a532-a8fff68e6f3f,2013-01-01,0,0.00000,33,DevelopmentType.DIRECT,DietType.DETRITUS,detritivorous_insect,1395,True,False,0.00400,active,0.00160,0.00080,0.00160,1.00000,0.00000,0.00000,0.00000,[33],108.51116,0.00000,0.00000
51037edd-30c7-4342-bfe2-128996535ce7,2013-01-01,0,0.00000,62,DevelopmentType.DIRECT,DietType.DETRITUS,detritivorous_insect,1395,True,False,0.00400,active,0.00160,0.00080,0.00160,1.00000,0.00000,0.00000,0.00000,[62],108.51116,0.00000,0.00000
79e908db-be78-4571-b9e2-b1e094ff55a7,2013-01-01,0,0.00000,67,DevelopmentType.DIRECT,DietType.DETRITUS,detritivorous_insect,1395,True,False,0.00400,active,0.00160,0.00080,0.00160,1.00000,0.00000,0.00000,0.00000,[67],108.51116,0.00000,0.00000
6dfeae94-de83-4b13-8077-41d586ab8e87,2013-01-01,0,0.00000,47,DevelopmentType.DIRECT,DietType.DETRITUS,detritivorous_insect,1395,True,False,0.00400,active,0.00160,0.00080,0.00160,1.00000,0.00000,0.00000,0.00000,[47],108.51116,0.00000,0.00000
59fddef3-30ab-479f-8791-e27e69cbe1bf,2013-01-01,0,0.00000,39,DevelopmentType.DIRECT,DietType.DETRITUS,detritivorous_insect,1395,True,False,0.00400,active,0.00160,0.00080,0.00160,1.00000,0.00000,0.00000,0.00000,[39],108.51116,0.00000,0.00000
b6a04eff-8044-4f0f-a2ab-e0d708e3ed2f,2013-01-01,0,0.00000,31,DevelopmentType.DIRECT,DietType.DETRITUS,detritivorous_insect,1395,True,False,0.00400,active,0.00160,0.00080,0.00160,1.00000,0.00000,0.00000,0.00000,[31],108.51116,0.00000,0.00000
71e79ea1-c283-41f0-a9c6-ab0137632090,2013-01-01,0,0.00000,53,DevelopmentType.DIRECT,DietType.DETRITUS,detritivorous_insect,1395,True,False,0.00400,active,0.00160,0.00080,0.00160,1.00000,0.00000,0.00000,0.00000,[53],108.51116,0.00000,0.00000
1cec111d-8073-4452-8953-c6a1b64bdc50,2013-01-01,0,0.00000,78,DevelopmentType.DIRECT,DietType.DETRITUS,detritivorous_insect,1395,True,False,0.00400,active,0.00160,0.00080,0.00160,1.00000,0.00000,0.00000,0.00000,[78],108.51116,0.00000,0.00000
07a45db4-144a-4c21-9bbb-9207212d8b6b,2013-01-01,0,0.00000,37,DevelopmentType.DIRECT,DietType.DETRITUS,detritivorous_insect,1395,True,False,0.00400,active,0.00160,0.00080,0.00160,1.00000,0.00000,0.00000,0.00000,[37],108.51116,0.00000,0.00000
36550552-d248-4634-9e2e-079e5f4b330e,2013-01-01,0,0.00000,9,DevelopmentType.DIRECT,DietType.DETRITUS,detritivorous_insect,1395,True,False,0.00400,active,0.00160,0.00080,0.00160,1.00000,0.00000,0.00000,0.00000,[9],108.51116,0.00000,0.00000
2aa30b8d-e5c7-453c-808f-544fce839217,2013-01-01,0,0.00000,5,DevelopmentType.DIRECT,DietType.DETRITUS,detritivorous_insect,1395,True,False,0.00400,active,0.00160,0.00080,0.00160,1.00000,0.00000,0.00000,0.00000,[5],108.51116,0.00000,0.00000
807d8846-88a8-4a69-ae7d-e05af0cfbabb,2013-01-01,0,0.00000,12,DevelopmentType.DIRECT,DietType.DETRITUS,detritivorous_insect,1395,True,False,0.00400,active,0.00160,0.00080,0.00160,1.00000,0.00000,0.00000,0.00000,[12],108.51116,0.00000,0.00000
d3dfd3f3-5d4c-46e6-b500-62644cc09312,2013-01-01,0,0.00000,68,DevelopmentType.DIRECT,DietType.DETRITUS,detritivorous_insect,1395,True,False,0.00400,active,0.00160,0.00080,0.00160,1.00000,0.00000,0.00000,0.00000,[68],108.51116,0.00000,0.00000
6c5d47f4-1b09-4651-ace3-5ced525ffa5e,2013-01-01,0,0.00000,72,DevelopmentType.DIRECT,DietType.DETRITUS,detritivorous_insect,1395,True,False,0.00400,active,0.00160,0.00080,0.00160,1.00000,0.00000,0.00000,0.00000,[72],108.51116,0.00000,0.00000
25b9f003-e2cb-4227-9615-85154d658a5a,2013-01-01,0,0.00000,24,DevelopmentType.DIRECT,DietType.DETRITUS,detritivorous_insect,1395,True,False,0.00400,active,0.00160,0.00080,0.00160,1.00000,0.00000,0.00000,0.00000,[24],108.51116,0.00000,0.00000
0d6f8860-277c-4e17-ae6d-36c55b90c087,2013-01-01,0,0.00000,21,DevelopmentType.DIRECT,DietType.DETRITUS,detritivorous_insect,1395,True,False,0.00400,active,0.00160,0.00080,0.00160,1.00000,0.00000,0.00000,0.00000,[21],108.51116,0.00000,0.00000
9efd27a3-466c-4ad2-a423-aca830f8d23b,2013-01-01,0,0.00000,38,DevelopmentType.DIRECT,DietType.DETRITUS,detritivorous_insect,1395,True,False,0.00400,active,0.00160,0.00080,0.00160,1.00000,0.00000,0.00000,0.00000,[38],108.51116,0.00000,0.00000
26462fd1-9a78-490b-ab54-0f1c681a79f1,2013-01-01,0,0.00000,22,DevelopmentType.DIRECT,DietType.DETRITUS,detritivorous_insect,1395,True,False,0.00400,active,0.00160,0.00080,0.00160,1.00000,0.00000,0.00000,0.00000,[22],108.51116,0.00000,0.00000
53fc11cc-7650-45d0-a86a-872e5fd2e41c,2013-01-01,0,0.00000,25,DevelopmentType.DIRECT,DietType.DETRITUS,detritivorous_insect,1395,True,False,0.00400,active,0.00160,0.00080,0.00160,1.00000,0.00000,0.00000,0.00000,[25],108.51116,0.00000,0.00000
9468898e-4a62-478d-8d84-1452e4153a06,2013-01-01,0,0.00000,48,DevelopmentType.DIRECT,DietType.MUSHROOMS,fungivorous_mammal,62,True,False,10.00000,active,5.00000,3.00000,2.00000,0.01075,0.00000,0.00000,0.00000,"[48, 39, 57, 47, 49, 30, 38, 40, 66, 56, 58, 46, 50, 21, 29, 31, 37, 41, 75, 65, 67, 55, 59, 45, 51, 12, 20, 22, 28, 32, 36, 42, 74, 76, 64, 68, 54, 60, 52, 3, 11, 13, 19, 23, 27, 33, 43, 73, 77, 63, 69, 61, 53, 2, 4, 10, 14, 18, 24, 34, 44, 72, 78, 70, 62, 1, 5, 9, 15, 25, 35, 79, 71, 0, 6, 16, 26, 80, 7, 17, 8]",750147.39458,0.00000,0.00000
7fbf18b9-ca9a-49d6-89b9-d4cbd21d8280,2013-01-01,0,0.00000,3,DevelopmentType.DIRECT,DietType.MUSHROOMS,fungivorous_mammal,62,True,False,10.00000,active,5.00000,3.00000,2.00000,0.01075,0.00000,0.00000,0.00000,"[3, 12, 2, 4, 21, 11, 13, 1, 5, 30, 20, 22, 10, 14, 0, 6, 39, 29, 31, 19, 23, 9, 15, 7, 48, 38, 40, 28, 32, 18, 24, 16, 8, 57, 47, 49, 37, 41, 27, 33, 25, 17, 66, 56, 58, 46, 50, 36, 42, 34, 26, 75, 65, 67, 55, 59, 45, 51, 43, 35, 74, 76, 64, 68, 54, 60, 52, 44, 73, 77, 63, 69, 61, 53, 72, 78, 70, 62, 79, 71, 80]",750147.39458,0.00000,0.00000
c1b877ba-dab9-4ee8-a084-ac85a6709fd6,2013-01-01,0,0.00000,43,DevelopmentType.DIRECT,DietType.MUSHROOMS,fungivorous_mammal,62,True,False,10.00000,active,5.00000,3.00000,2.00000,0.01075,0.00000,0.00000,0.00000,"[43, 34, 52, 42, 44, 25, 33, 35, 61, 51, 53, 41, 16, 24, 26, 32, 70, 60, 62, 50, 40, 7, 15, 17, 23, 31, 79, 69, 71, 59, 49, 39, 6, 8, 14, 22, 30, 78, 80, 68, 58, 48, 38, 5, 13, 21, 29, 77, 67, 57, 47, 37, 4, 12, 20, 28, 76, 66, 56, 46, 36, 3, 11, 19, 27, 75, 65, 55, 45, 2, 10, 18, 74, 64, 54, 1, 9, 73, 63, 0, 72]",750147.39458,0.00000,0.00000
5728f37b-59b5-4ec1-981f-3484325cd316,2013-01-01,0,0.00000,44,DevelopmentType.DIRECT,DietType.MUSHROOMS,fungivorous_mammal,62,True,False,10.00000,active,5.00000,3.00000,2.00000,0.01075,0.00000,0.00000,0.00000,"[44, 35, 53, 43, 26, 34, 62, 52, 42, 17, 25, 33, 71, 61, 51, 41, 8, 16, 24, 32, 80, 70, 60, 50, 40, 7, 15, 23, 31, 79, 69, 59, 49, 39, 6, 14, 22, 30, 78, 68, 58, 48, 38, 5, 13, 21, 29, 77, 67, 57, 47, 37, 4, 12, 20, 28, 76, 66, 56, 46, 36, 3, 11, 19, 27, 75, 65, 55, 45, 2, 10, 18, 74, 64, 54, 1, 9, 73, 63, 0, 72]",750147.39458,0.00000,0.00000
6994ade4-1171-48d3-aa95-1f1a503430c5,2013-01-01,0,0.00000,14,DevelopmentType.DIRECT,DietType.MUSHROOMS,fungivorous_mammal,61,True,False,10.00000,active,5.00000,3.00000,2.00000,0.01075,0.00000,0.00000,0.00000,"[14, 5, 23, 13, 15, 4, 6, 32, 22, 24, 12, 16, 3, 7, 41, 31, 33, 21, 25, 11, 17, 2, 8, 50, 40, 42, 30, 34, 20, 26, 10, 1, 59, 49, 51, 39, 43, 29, 35, 19, 9, 0, 68, 58, 60, 48, 52, 38, 44, 28, 18, 77, 67, 69, 57, 61, 47, 53, 37, 27, 76, 78, 66, 70, 56, 62, 46, 36, 75, 79, 65, 71, 55, 45, 74, 80, 64, 54, 73, 63, 72]",750147.39458,0.00000,0.00000
074b0156-b594-494c-b97c-41e1721aaa2a,2013-01-01,0,0.00000,62,DevelopmentType.DIRECT,DietType.MUSHROOMS,fungivorous_mammal,61,True,False,10.00000,active,5.00000,3.00000,2.00000,0.01075,0.00000,0.00000,0.00000,"[62, 53, 71, 61, 44, 52, 80, 70, 60, 35, 43, 51, 79, 69, 59, 26, 34, 42, 50, 78, 68, 58, 17, 25, 33, 41, 49, 77, 67, 57, 8, 16, 24, 32, 40, 48, 76, 66, 56, 7, 15, 23, 31, 39, 47, 75, 65, 55, 6, 14, 22, 30, 38, 46, 74, 64, 54, 5, 13, 21, 29, 37, 45, 73, 63, 4, 12, 20, 28, 36, 72, 3, 11, 19, 27, 2, 10, 18, 1, 9, 0]",750147.39458,0.00000,0.00000
b508f45e-e2e0-443f-9c1a-ec2c97a3fb59,2013-01-01,0,0.00000,54,DevelopmentType.DIRECT,DietType.MUSHROOMS,fungivorous_mammal,61,True,False,10.00000,active,5.00000,3.00000,2.00000,0.01075,0.00000,0.00000,0.00000,"[54, 45, 63, 55, 36, 46, 72, 64, 56, 27, 37, 47, 73, 65, 57, 18, 28, 38, 48, 74, 66, 58, 9, 19, 29, 39, 49, 75, 67, 59, 0, 10, 20, 30, 40, 50, 76, 68, 60, 1, 11, 21, 31, 41, 51, 77, 69, 61, 2, 12, 22, 32, 42, 52, 78, 70, 62, 3, 13, 23, 33, 43, 53, 79, 71, 4, 14, 24, 34, 44, 80, 5, 15, 25, 35, 6, 16, 26, 7, 17, 8]",750147.39458,0.00000,0.00000
2a32212b-73ca-4f6f-b744-cbb862a22378,2013-01-01,0,0.00000,69,DevelopmentType.DIRECT,DietType.MUSHROOMS,fungivorous_mammal,61,True,False,10.00000,active,5.00000,3.00000,2.00000,0.01075,0.00000,0.00000,0.00000,"[69, 60, 78, 68, 70, 51, 59, 61, 77, 79, 67, 71, 42, 50, 52, 58, 62, 76, 80, 66, 33, 41, 43, 49, 53, 57, 75, 65, 24, 32, 34, 40, 44, 48, 56, 74, 64, 15, 23, 25, 31, 35, 39, 47, 55, 73, 63, 6, 14, 16, 22, 26, 30, 38, 46, 54, 72, 5, 7, 13, 17, 21, 29, 37, 45, 4, 8, 12, 20, 28, 36, 3, 11, 19, 27, 2, 10, 18, 1, 9, 0]",750147.39458,0.00000,0.00000
f461faa5-21d4-4d94-94ed-f7a39ef98b2c,2013-01-01,0,0.00000,47,DevelopmentType.DIRECT,DietType.MUSHROOMS,fungivorous_mammal,61,True,False,10.00000,active,5.00000,3.00000,2.00000,0.01075,0.00000,0.00000,0.00000,"[47, 38, 56, 46, 48, 29, 37, 39, 65, 55, 57, 45, 49, 20, 28, 30, 36, 40, 74, 64, 66, 54, 58, 50, 11, 19, 21, 27, 31, 41, 73, 75, 63, 67, 59, 51, 2, 10, 12, 18, 22, 32, 42, 72, 76, 68, 60, 52, 1, 3, 9, 13, 23, 33, 43, 77, 69, 61, 53, 0, 4, 14, 24, 34, 44, 78, 70, 62, 5, 15, 25, 35, 79, 71, 6, 16, 26, 80, 7, 17, 8]",750147.39458,0.00000,0.00000
d8fccc11-2f04-4219-8c17-0e16883bbf82,2013-01-01,0,0.00000,65,DevelopmentType.DIRECT,DietType.MUSHROOMS,fungivorous_mammal,61,True,False,10.00000,active,5.00000,3.00000,2.00000,0.01075,0.00000,0.00000,0.00000,"[65, 56, 74, 64, 66, 47, 55, 57, 73, 75, 63, 67, 38, 46, 48, 54, 58, 72, 76, 68, 29, 37, 39, 45, 49, 59, 77, 69, 20, 28, 30, 36, 40, 50, 60, 78, 70, 11, 19, 21, 27, 31, 41, 51, 61, 79, 71, 2, 10, 12, 18, 22, 32, 42, 52, 62, 80, 1, 3, 9, 13, 23, 33, 43, 53, 0, 4, 14, 24, 34, 44, 5, 15, 25, 35, 6, 16, 26, 7, 17, 8]",750147.39458,0.00000,0.00000
67281bce-2993-48b0-8952-c3dc33cebf42,2013-01-01,0,0.00000,7,DevelopmentType.DIRECT,DietType.MUSHROOMS,fungivorous_mammal,61,True,False,10.00000,active,5.00000,3.00000,2.00000,0.01075,0.00000,0.00000,0.00000,"[7, 16, 6, 8, 25, 15, 17, 5, 34, 24, 26, 14, 4, 43, 33, 35, 23, 13, 3, 52, 42, 44, 32, 22, 12, 2, 61, 51, 53, 41, 31, 21, 11, 1, 70, 60, 62, 50, 40, 30, 20, 10, 0, 79, 69, 71, 59, 49, 39, 29, 19, 9, 78, 80, 68, 58, 48, 38, 28, 18, 77, 67, 57, 47, 37, 27, 76, 66, 56, 46, 36, 75, 65, 55, 45, 74, 64, 54, 73, 63, 72]",750147.39458,0.00000,0.00000
75220c48-8531-43e1-80a8-e93121f836d9,2013-01-01,0,0.00000,56,DevelopmentType.DIRECT,DietType.MUSHROOMS,fungivorous_mammal,61,True,False,10.00000,active,5.00000,3.00000,2.00000,0.01075,0.00000,0.00000,0.00000,"[56, 47, 65, 55, 57, 38, 46, 48, 74, 64, 66, 54, 58, 29, 37, 39, 45, 49, 73, 75, 63, 67, 59, 20, 28, 30, 36, 40, 50, 72, 76, 68, 60, 11, 19, 21, 27, 31, 41, 51, 77, 69, 61, 2, 10, 12, 18, 22, 32, 42, 52, 78, 70, 62, 1, 3, 9, 13, 23, 33, 43, 53, 79, 71, 0, 4, 14, 24, 34, 44, 80, 5, 15, 25, 35, 6, 16, 26, 7, 17, 8]",750147.39458,0.00000,0.00000
6e4980e2-7af3-44f8-8dae-193fd3ef7136,2013-01-01,0,0.00000,39,DevelopmentType.DIRECT,DietType.MUSHROOMS,fungivorous_mammal,61,True,False,10.00000,active,5.00000,3.00000,2.00000,0.01075,0.00000,0.00000,0.00000,"[39, 30, 48, 38, 40, 21, 29, 31, 57, 47, 49, 37, 41, 12, 20, 22, 28, 32, 66, 56, 58, 46, 50, 36, 42, 3, 11, 13, 19, 23, 27, 33, 75, 65, 67, 55, 59, 45, 51, 43, 2, 4, 10, 14, 18, 24, 34, 74, 76, 64, 68, 54, 60, 52, 44, 1, 5, 9, 15, 25, 35, 73, 77, 63, 69, 61, 53, 0, 6, 16, 26, 72, 78, 70, 62, 7, 17, 79, 71, 8, 80]",750147.39458,0.00000,0.00000
f579f709-867b-4899-a39f-9c9f7c0ad7e6,2013-01-01,0,0.00000,40,DevelopmentType.DIRECT,DietType.MUSHROOMS,fungivorous_mammal,61,True,False,10.00000,active,5.00000,3.00000,2.00000,0.01075,0.00000,0.00000,0.00000,"[40, 31, 49, 39, 41, 22, 30, 32, 58, 48, 50, 38, 42, 13, 21, 23, 29, 33, 67, 57, 59, 47, 51, 37, 43, 4, 12, 14, 20, 24, 28, 34, 76, 66, 68, 56, 60, 46, 52, 36, 44, 3, 5, 11, 15, 19, 25, 27, 35, 75, 77, 65, 69, 55, 61, 45, 53, 2, 6, 10, 16, 18, 26, 74, 78, 64, 70, 54, 62, 1, 7, 9, 17, 73, 79, 63, 71, 0, 8, 72, 80]",750147.39458,0.00000,0.00000
794e41e1-1542-4efd-98fa-ee8bdf962960,2013-01-01,0,0.00000,22,DevelopmentType.DIRECT,DietType.MUSHROOMS,fungivorous_mammal,61,True,False,10.00000,active,5.00000,3.00000,2.00000,0.01075,0.00000,0.00000,0.00000,"[22, 13, 31, 21, 23, 4, 12, 14, 40, 30, 32, 20, 24, 3, 5, 11, 15, 49, 39, 41, 29, 33, 19, 25, 2, 6, 10, 16, 58, 48, 50, 38, 42, 28, 34, 18, 26, 1, 7, 9, 17, 67, 57, 59, 47, 51, 37, 43, 27, 35, 0, 8, 76, 66, 68, 56, 60, 46, 52, 36, 44, 75, 77, 65, 69, 55, 61, 45, 53, 74, 78, 64, 70, 54, 62, 73, 79, 63, 71, 72, 80]",750147.39458,0.00000,0.00000
b1409e9b-4a7e-4045-bcba-52e4288465cc,2013-01-01,0,0.00000,36,DevelopmentType.DIRECT,DietType.MUSHROOMS,fungivorous_mammal,61,True,False,10.00000,active,5.00000,3.00000,2.00000,0.01075,0.00000,0.00000,0.00000,"[36, 27, 45, 37, 18, 28, 54, 46, 38, 9, 19, 29, 63, 55, 47, 39, 0, 10, 20, 30, 72, 64, 56, 48, 40, 1, 11, 21, 31, 73, 65, 57, 49, 41, 2, 12, 22, 32, 74, 66, 58, 50, 42, 3, 13, 23, 33, 75, 67, 59, 51, 43, 4, 14, 24, 34, 76, 68, 60, 52, 44, 5, 15, 25, 35, 77, 69, 61, 53, 6, 16, 26, 78, 70, 62, 7, 17, 79, 71, 8, 80]",750147.39458,0.00000,0.00000
84b66c9f-47a0-4a8c-b2f0-9e29782e93e3,2013-01-01,0,0.00000,45,DevelopmentType.DIRECT,DietType.MUSHROOMS,fungivorous_mammal,61,True,False,10.00000,active,5.00000,3.00000,2.00000,0.01075,0.00000,0.00000,0.00000,"[45, 36, 54, 46, 27, 37, 63, 55, 47, 18, 28, 38, 72, 64, 56, 48, 9, 19, 29, 39, 73, 65, 57, 49, 0, 10, 20, 30, 40, 74, 66, 58, 50, 1, 11, 21, 31, 41, 75, 67, 59, 51, 2, 12, 22, 32, 42, 76, 68, 60, 52, 3, 13, 23, 33, 43, 77, 69, 61, 53, 4, 14, 24, 34, 44, 78, 70, 62, 5, 15, 25, 35, 79, 71, 6, 16, 26, 80, 7, 17, 8]",750147.39458,0.00000,0.00000
b321e02d-f2ac-4b6c-8c49-362cd077ec32,2013-01-01,0,0.00000,29,DevelopmentType.DIRECT,DietType.MUSHROOMS,fungivorous_mammal,61,True,False,10.00000,active,5.00000,3.00000,2.00000,0.01075,0.00000,0.00000,0.00000,"[29, 20, 38, 28, 30, 11, 19, 21, 47, 37, 39, 27, 31, 2, 10, 12, 18, 22, 56, 46, 48, 36, 40, 32, 1, 3, 9, 13, 23, 65, 55, 57, 45, 49, 41, 33, 0, 4, 14, 24, 74, 64, 66, 54, 58, 50, 42, 34, 5, 15, 25, 73, 75, 63, 67, 59, 51, 43, 35, 6, 16, 26, 72, 76, 68, 60, 52, 44, 7, 17, 77, 69, 61, 53, 8, 78, 70, 62, 79, 71, 80]",750147.39458,0.00000,0.00000
1a9a36fc-4a58-4b47-aaf3-a886b7f2f9d8,2013-01-01,0,0.00000,28,DevelopmentType.DIRECT,DietType.MUSHROOMS,fungivorous_mammal,61,True,False,10.00000,active,5.00000,3.00000,2.00000,0.01075,0.00000,0.00000,0.00000,"[28, 19, 37, 27, 29, 10, 18, 20, 46, 36, 38, 30, 1, 9, 11, 21, 55, 45, 47, 39, 31, 0, 2, 12, 22, 64, 54, 56, 48, 40, 32, 3, 13, 23, 73, 63, 65, 57, 49, 41, 33, 4, 14, 24, 72, 74, 66, 58, 50, 42, 34, 5, 15, 25, 75, 67, 59, 51, 43, 35, 6, 16, 26, 76, 68, 60, 52, 44, 7, 17, 77, 69, 61, 53, 8, 78, 70, 62, 79, 71, 80]",750147.39458,0.00000,0.00000
b2c98b1f-9855-48eb-aff5-283a35796a03,2013-01-01,0,0.00000,2,DevelopmentType.DIRECT,DietType.MUSHROOMS,fungivorous_mammal,61,True,False,10.00000,active,5.00000,3.00000,2.00000,0.01075,0.00000,0.00000,0.00000,"[2, 11, 1, 3, 20, 10, 12, 0, 4, 29, 19, 21, 9, 13, 5, 38, 28, 30, 18, 22, 14, 6, 47, 37, 39, 27, 31, 23, 15, 7, 56, 46, 48, 36, 40, 32, 24, 16, 8, 65, 55, 57, 45, 49, 41, 33, 25, 17, 74, 64, 66, 54, 58, 50, 42, 34, 26, 73, 75, 63, 67, 59, 51, 43, 35, 72, 76, 68, 60, 52, 44, 77, 69, 61, 53, 78, 70, 62, 79, 71, 80]",750147.39458,0.00000,0.00000
4a47355b-12ed-40f3-a714-7d135eea8b88,2013-01-01,0,0.00000,63,DevelopmentType.DIRECT,DietType.MUSHROOMS,fungivorous_mammal,61,True,False,10.00000,active,5.00000,3.00000,2.00000,0.01075,0.00000,0.00000,0.00000,"[63, 54, 72, 64, 45, 55, 73, 65, 36, 46, 56, 74, 66, 27, 37, 47, 57, 75, 67, 18, 28, 38, 48, 58, 76, 68, 9, 19, 29, 39, 49, 59, 77, 69, 0, 10, 20, 30, 40, 50, 60, 78, 70, 1, 11, 21, 31, 41, 51, 61, 79, 71, 2, 12, 22, 32, 42, 52, 62, 80, 3, 13, 23, 33, 43, 53, 4, 14, 24, 34, 44, 5, 15, 25, 35, 6, 16, 26, 7, 17, 8]",750147.39458,0.00000,0.00000
b28f7d2f-e98d-4b3b-857a-c0f99f82c221,2013-01-01,0,0.00000,76,DevelopmentType.DIRECT,DietType.MUSHROOMS,fungivorous_mammal,61,True,False,10.00000,active,5.00000,3.00000,2.00000,0.01075,0.00000,0.00000,0.00000,"[76, 67, 75, 77, 58, 66, 68, 74, 78, 49, 57, 59, 65, 69, 73, 79, 40, 48, 50, 56, 60, 64, 70, 72, 80, 31, 39, 41, 47, 51, 55, 61, 63, 71, 22, 30, 32, 38, 42, 46, 52, 54, 62, 13, 21, 23, 29, 33, 37, 43, 45, 53, 4, 12, 14, 20, 24, 28, 34, 36, 44, 3, 5, 11, 15, 19, 25, 27, 35, 2, 6, 10, 16, 18, 26, 1, 7, 9, 17, 0, 8]",750147.39458,0.00000,0.00000
1f30217e-096b-491f-824b-d515675c750e,2013-01-01,0,0.00000,55,DevelopmentType.DIRECT,DietType.MUSHROOMS,fungivorous_mammal,61,True,False,10.00000,active,5.00000,3.00000,2.00000,0.01075,0.00000,0.00000,0.00000,"[55, 46, 64, 54, 56, 37, 45, 47, 73, 63, 65, 57, 28, 36, 38, 48, 72, 74, 66, 58, 19, 27, 29, 39, 49, 75, 67, 59, 10, 18, 20, 30, 40, 50, 76, 68, 60, 1, 9, 11, 21, 31, 41, 51, 77, 69, 61, 0, 2, 12, 22, 32, 42, 52, 78, 70, 62, 3, 13, 23, 33, 43, 53, 79, 71, 4, 14, 24, 34, 44, 80, 5, 15, 25, 35, 6, 16, 26, 7, 17, 8]",750147.39458,0.00000,0.00000
a19e70d2-6d8b-4ed2-a110-aa7f3dcf5b80,2013-01-01,0,0.00000,57,DevelopmentType.DIRECT,DietType.MUSHROOMS,fungivorous_mammal,61,True,False,10.00000,active,5.00000,3.00000,2.00000,0.01075,0.00000,0.00000,0.00000,"[57, 48, 66, 56, 58, 39, 47, 49, 75, 65, 67, 55, 59, 30, 38, 40, 46, 50, 74, 76, 64, 68, 54, 60, 21, 29, 31, 37, 41, 45, 51, 73, 77, 63, 69, 61, 12, 20, 22, 28, 32, 36, 42, 52, 72, 78, 70, 62, 3, 11, 13, 19, 23, 27, 33, 43, 53, 79, 71, 2, 4, 10, 14, 18, 24, 34, 44, 80, 1, 5, 9, 15, 25, 35, 0, 6, 16, 26, 7, 17, 8]",750147.39458,0.00000,0.00000
ab8e3dff-1be3-4574-9a74-ee10bf4d7e97,2013-01-01,0,0.00000,23,DevelopmentType.DIRECT,DietType.MUSHROOMS,fungivorous_mammal,61,True,False,10.00000,active,5.00000,3.00000,2.00000,0.01075,0.00000,0.00000,0.00000,"[23, 14, 32, 22, 24, 5, 13, 15, 41, 31, 33, 21, 25, 4, 6, 12, 16, 50, 40, 42, 30, 34, 20, 26, 3, 7, 11, 17, 59, 49, 51, 39, 43, 29, 35, 19, 2, 8, 10, 68, 58, 60, 48, 52, 38, 44, 28, 18, 1, 9, 77, 67, 69, 57, 61, 47, 53, 37, 27, 0, 76, 78, 66, 70, 56, 62, 46, 36, 75, 79, 65, 71, 55, 45, 74, 80, 64, 54, 73, 63, 72]",750147.39458,0.00000,0.00000
f1573f13-0d30-4184-80a0-50932690ead1,2013-01-01,0,0.00000,32,DevelopmentType.DIRECT,DietType.MUSHROOMS,fungivorous_mammal,61,True,False,10.00000,active,5.00000,3.00000,2.00000,0.01075,0.00000,0.00000,0.00000,"[32, 23, 41, 31, 33, 14, 22, 24, 50, 40, 42, 30, 34, 5, 13, 15, 21, 25, 59, 49, 51, 39, 43, 29, 35, 4, 6, 12, 16, 20, 26, 68, 58, 60, 48, 52, 38, 44, 28, 3, 7, 11, 17, 19, 77, 67, 69, 57, 61, 47, 53, 37, 27, 2, 8, 10, 18, 76, 78, 66, 70, 56, 62, 46, 36, 1, 9, 75, 79, 65, 71, 55, 45, 0, 74, 80, 64, 54, 73, 63, 72]",750147.39458,0.00000,0.00000
e8d4c344-b5cb-4b0a-b21b-a83a2497b2d2,2013-01-01,0,0.00000,79,DevelopmentType.DIRECT,DietType.MUSHROOMS,fungivorous_mammal,61,True,False,10.00000,active,5.00000,3.00000,2.00000,0.01075,0.00000,0.00000,0.00000,"[79, 70, 78, 80, 61, 69, 71, 77, 52, 60, 62, 68, 76, 43, 51, 53, 59, 67, 75, 34, 42, 44, 50, 58, 66, 74, 25, 33, 35, 41, 49, 57, 65, 73, 16, 24, 26, 32, 40, 48, 56, 64, 72, 7, 15, 17, 23, 31, 39, 47, 55, 63, 6, 8, 14, 22, 30, 38, 46, 54, 5, 13, 21, 29, 37, 45, 4, 12, 20, 28, 36, 3, 11, 19, 27, 2, 10, 18, 1, 9, 0]",750147.39458,0.00000,0.00000
c18f13e6-642c-4286-a511-a7325cfba812,2013-01-01,0,0.00000,30,DevelopmentType.DIRECT,DietType.MUSHROOMS,fungivorous_mammal,61,True,False,10.00000,active,5.00000,3.00000,2.00000,0.01075,0.00000,0.00000,0.00000,"[30, 21, 39, 29, 31, 12, 20, 22, 48, 38, 40, 28, 32, 3, 11, 13, 19, 23, 57, 47, 49, 37, 41, 27, 33, 2, 4, 10, 14, 18, 24, 66, 56, 58, 46, 50, 36, 42, 34, 1, 5, 9, 15, 25, 75, 65, 67, 55, 59, 45, 51, 43, 35, 0, 6, 16, 26, 74, 76, 64, 68, 54, 60, 52, 44, 7, 17, 73, 77, 63, 69, 61, 53, 8, 72, 78, 70, 62, 79, 71, 80]",750147.39458,0.00000,0.00000
97055768-5984-4ab1-81c1-1c6113216743,2013-01-01,0,0.00000,1,DevelopmentType.DIRECT,DietType.MUSHROOMS,fungivorous_mammal,61,True,False,10.00000,active,5.00000,3.00000,2.00000,0.01075,0.00000,0.00000,0.00000,"[1, 10, 0, 2, 19, 9, 11, 3, 28, 18, 20, 12, 4, 37, 27, 29, 21, 13, 5, 46, 36, 38, 30, 22, 14, 6, 55, 45, 47, 39, 31, 23, 15, 7, 64, 54, 56, 48, 40, 32, 24, 16, 8, 73, 63, 65, 57, 49, 41, 33, 25, 17, 72, 74, 66, 58, 50, 42, 34, 26, 75, 67, 59, 51, 43, 35, 76, 68, 60, 52, 44, 77, 69, 61, 53, 78, 70, 62, 79, 71, 80]",750147.39458,0.00000,0.00000
56bbc4d0-2fb9-46c0-95ef-67b169ac6cf9,2013-01-01,0,0.00000,73,DevelopmentType.DIRECT,DietType.MUSHROOMS,fungivorous_mammal,61,True,False,10.00000,active,5.00000,3.00000,2.00000,0.01075,0.00000,0.00000,0.00000,"[73, 64, 72, 74, 55, 63, 65, 75, 46, 54, 56, 66, 76, 37, 45, 47, 57, 67, 77, 28, 36, 38, 48, 58, 68, 78, 19, 27, 29, 39, 49, 59, 69, 79, 10, 18, 20, 30, 40, 50, 60, 70, 80, 1, 9, 11, 21, 31, 41, 51, 61, 71, 0, 2, 12, 22, 32, 42, 52, 62, 3, 13, 23, 33, 43, 53, 4, 14, 24, 34, 44, 5, 15, 25, 35, 6, 16, 26, 7, 17, 8]",750147.39458,0.00000,0.00000
15b35d73-0d94-4737-b61f-68bb5666b33d,2013-01-01,0,0.00000,4,DevelopmentType.DIRECT,DietType.MUSHROOMS,fungivorous_mammal,61,True,False,10.00000,active,5.00000,3.00000,2.00000,0.01075,0.00000,0.00000,0.00000,"[4, 13, 3, 5, 22, 12, 14, 2, 6, 31, 21, 23, 11, 15, 1, 7, 40, 30, 32, 20, 24, 10, 16, 0, 8, 49, 39, 41, 29, 33, 19, 25, 9, 17, 58, 48, 50, 38, 42, 28, 34, 18, 26, 67, 57, 59, 47, 51, 37, 43, 27, 35, 76, 66, 68, 56, 60, 46, 52, 36, 44, 75, 77, 65, 69, 55, 61, 45, 53, 74, 78, 64, 70, 54, 62, 73, 79, 63, 71, 72, 80]",750147.39458,0.00000,0.00000
2e47dbe0-6ab0-4bf6-bee4-e57c5fe7deab,2013-01-01,0,0.00000,19,DevelopmentType.DIRECT,DietType.MUSHROOMS,fungivorous_mammal,61,True,False,10.00000,active,5.00000,3.00000,2.00000,0.01075,0.00000,0.00000,0.00000,"[19, 10, 28, 18, 20, 1, 9, 11, 37, 27, 29, 21, 0, 2, 12, 46, 36, 38, 30, 22, 3, 13, 55, 45, 47, 39, 31, 23, 4, 14, 64, 54, 56, 48, 40, 32, 24, 5, 15, 73, 63, 65, 57, 49, 41, 33, 25, 6, 16, 72, 74, 66, 58, 50, 42, 34, 26, 7, 17, 75, 67, 59, 51, 43, 35, 8, 76, 68, 60, 52, 44, 77, 69, 61, 53, 78, 70, 62, 79, 71, 80]",750147.39458,0.00000,0.00000
7c48cb13-a0d4-4979-83c9-e675308faa76,2013-01-01,0,0.00000,8,DevelopmentType.DIRECT,DietType.MUSHROOMS,fungivorous_mammal,61,True,False,10.00000,active,5.00000,3.00000,2.00000,0.01075,0.00000,0.00000,0.00000,"[8, 17, 7, 26, 16, 6, 35, 25, 15, 5, 44, 34, 24, 14, 4, 53, 43, 33, 23, 13, 3, 62, 52, 42, 32, 22, 12, 2, 71, 61, 51, 41, 31, 21, 11, 1, 80, 70, 60, 50, 40, 30, 20, 10, 0, 79, 69, 59, 49, 39, 29, 19, 9, 78, 68, 58, 48, 38, 28, 18, 77, 67, 57, 47, 37, 27, 76, 66, 56, 46, 36, 75, 65, 55, 45, 74, 64, 54, 73, 63, 72]",750147.39458,0.00000,0.00000
d3fd8ae8-553b-41bd-8b19-b327e415e023,2013-01-01,0,0.00000,64,DevelopmentType.DIRECT,DietType.MUSHROOMS,fungivorous_mammal,61,True,False,10.00000,active,5.00000,3.00000,2.00000,0.01075,0.00000,0.00000,0.00000,"[64, 55, 73, 63, 65, 46, 54, 56, 72, 74, 66, 37, 45, 47, 57, 75, 67, 28, 36, 38, 48, 58, 76, 68, 19, 27, 29, 39, 49, 59, 77, 69, 10, 18, 20, 30, 40, 50, 60, 78, 70, 1, 9, 11, 21, 31, 41, 51, 61, 79, 71, 0, 2, 12, 22, 32, 42, 52, 62, 80, 3, 13, 23, 33, 43, 53, 4, 14, 24, 34, 44, 5, 15, 25, 35, 6, 16, 26, 7, 17, 8]",750147.39458,0.00000,0.00000
d6c1e875-86ac-4a09-9802-20ee20766fd9,2013-01-01,0,0.00000,72,DevelopmentType.DIRECT,DietType.MUSHROOMS,fungivorous_mammal,61,True,False,10.00000,active,5.00000,3.00000,2.00000,0.01075,0.00000,0.00000,0.00000,"[72, 63, 73, 54, 64, 74, 45, 55, 65, 75, 36, 46, 56, 66, 76, 27, 37, 47, 57, 67, 77, 18, 28, 38, 48, 58, 68, 78, 9, 19, 29, 39, 49, 59, 69, 79, 0, 10, 20, 30, 40, 50, 60, 70, 80, 1, 11, 21, 31, 41, 51, 61, 71, 2, 12, 22, 32, 42, 52, 62, 3, 13, 23, 33, 43, 53, 4, 14, 24, 34, 44, 5, 15, 25, 35, 6, 16, 26, 7, 17, 8]",750147.39458,0.00000,0.00000
1856f65b-576d-47c8-97da-e007e5cc235a,2013-01-01,0,0.00000,6,DevelopmentType.DIRECT,DietType.MUSHROOMS,fungivorous_mammal,61,True,False,10.00000,active,5.00000,3.00000,2.00000,0.01075,0.00000,0.00000,0.00000,"[6, 15, 5, 7, 24, 14, 16, 4, 8, 33, 23, 25, 13, 17, 3, 42, 32, 34, 22, 26, 12, 2, 51, 41, 43, 31, 35, 21, 11, 1, 60, 50, 52, 40, 44, 30, 20, 10, 0, 69, 59, 61, 49, 53, 39, 29, 19, 9, 78, 68, 70, 58, 62, 48, 38, 28, 18, 77, 79, 67, 71, 57, 47, 37, 27, 76, 80, 66, 56, 46, 36, 75, 65, 55, 45, 74, 64, 54, 73, 63, 72]",750147.39458,0.00000,0.00000
125688fd-16c1-432a-80f2-17d1dce95b92,2013-01-01,0,0.00000,71,DevelopmentType.DIRECT,DietType.MUSHROOMS,fungivorous_mammal,61,True,False,10.00000,active,5.00000,3.00000,2.00000,0.01075,0.00000,0.00000,0.00000,"[71, 62, 80, 70, 53, 61, 79, 69, 44, 52, 60, 78, 68, 35, 43, 51, 59, 77, 67, 26, 34, 42, 50, 58, 76, 66, 17, 25, 33, 41, 49, 57, 75, 65, 8, 16, 24, 32, 40, 48, 56, 74, 64, 7, 15, 23, 31, 39, 47, 55, 73, 63, 6, 14, 22, 30, 38, 46, 54, 72, 5, 13, 21, 29, 37, 45, 4, 12, 20, 28, 36, 3, 11, 19, 27, 2, 10, 18, 1, 9, 0]",750147.39458,0.00000,0.00000
40d99cf8-9013-4958-b775-4ae7afa9afce,2013-01-01,0,0.00000,78,DevelopmentType.DIRECT,DietType.MUSHROOMS,fungivorous_mammal,61,True,False,10.00000,active,5.00000,3.00000,2.00000,0.01075,0.00000,0.00000,0.00000,"[78, 69, 77, 79, 60, 68, 70, 76, 80, 51, 59, 61, 67, 71, 75, 42, 50, 52, 58, 62, 66, 74, 33, 41, 43, 49, 53, 57, 65, 73, 24, 32, 34, 40, 44, 48, 56, 64, 72, 15, 23, 25, 31, 35, 39, 47, 55, 63, 6, 14, 16, 22, 26, 30, 38, 46, 54, 5, 7, 13, 17, 21, 29, 37, 45, 4, 8, 12, 20, 28, 36, 3, 11, 19, 27, 2, 10, 18, 1, 9, 0]",750147.39458,0.00000,0.00000
e3655195-1fb9-4ac7-a5ef-4dc8a1259cfb,2013-01-01,0,0.00000,37,DevelopmentType.DIRECT,DietType.MUSHROOMS,fungivorous_mammal,61,True,False,10.00000,active,5.00000,3.00000,2.00000,0.01075,0.00000,0.00000,0.00000,"[37, 28, 46, 36, 38, 19, 27, 29, 55, 45, 47, 39, 10, 18, 20, 30, 64, 54, 56, 48, 40, 1, 9, 11, 21, 31, 73, 63, 65, 57, 49, 41, 0, 2, 12, 22, 32, 72, 74, 66, 58, 50, 42, 3, 13, 23, 33, 75, 67, 59, 51, 43, 4, 14, 24, 34, 76, 68, 60, 52, 44, 5, 15, 25, 35, 77, 69, 61, 53, 6, 16, 26, 78, 70, 62, 7, 17, 79, 71, 8, 80]",750147.39458,0.00000,0.00000
dcab3c55-aba0-45b4-8afa-28232b546cfb,2013-01-01,0,0.00000,35,DevelopmentType.DIRECT,DietType.MUSHROOMS,fungivorous_mammal,61,True,False,10.00000,active,5.00000,3.00000,2.00000,0.01075,0.00000,0.00000,0.00000,"[35, 26, 44, 34, 17, 25, 53, 43, 33, 8, 16, 24, 62, 52, 42, 32, 7, 15, 23, 71, 61, 51, 41, 31, 6, 14, 22, 80, 70, 60, 50, 40, 30, 5, 13, 21, 79, 69, 59, 49, 39, 29, 4, 12, 20, 78, 68, 58, 48, 38, 28, 3, 11, 19, 77, 67, 57, 47, 37, 27, 2, 10, 18, 76, 66, 56, 46, 36, 1, 9, 75, 65, 55, 45, 0, 74, 64, 54, 73, 63, 72]",750147.39458,0.00000,0.00000
6954d8a6-261f-4fc0-8824-9c2654d012da,2013-01-01,0,0.00000,80,DevelopmentType.DIRECT,DietType.MUSHROOMS,fungivorous_mammal,61,True,False,10.00000,active,5.00000,3.00000,2.00000,0.01075,0.00000,0.00000,0.00000,"[80, 71, 79, 62, 70, 78, 53, 61, 69, 77, 44, 52, 60, 68, 76, 35, 43, 51, 59, 67, 75, 26, 34, 42, 50, 58, 66, 74, 17, 25, 33, 41, 49, 57, 65, 73, 8, 16, 24, 32, 40, 48, 56, 64, 72, 7, 15, 23, 31, 39, 47, 55, 63, 6, 14, 22, 30, 38, 46, 54, 5, 13, 21, 29, 37, 45, 4, 12, 20, 28, 36, 3, 11, 19, 27, 2, 10, 18, 1, 9, 0]",750147.39458,0.00000,0.00000
01c6be97-6e9e-4256-92b0-123925c83137,2013-01-01,0,0.00000,31,DevelopmentType.DIRECT,DietType.MUSHROOMS,fungivorous_mammal,61,True,False,10.00000,active,5.00000,3.00000,2.00000,0.01075,0.00000,0.00000,0.00000,"[31, 22, 40, 30, 32, 13, 21, 23, 49, 39, 41, 29, 33, 4, 12, 14, 20, 24, 58, 48, 50, 38, 42, 28, 34, 3, 5, 11, 15, 19, 25, 67, 57, 59, 47, 51, 37, 43, 27, 35, 2, 6, 10, 16, 18, 26, 76, 66, 68, 56, 60, 46, 52, 36, 44, 1, 7, 9, 17, 75, 77, 65, 69, 55, 61, 45, 53, 0, 8, 74, 78, 64, 70, 54, 62, 73, 79, 63, 71, 72, 80]",750147.39458,0.00000,0.00000
fda2921c-4839-4198-9c2d-e58f27264cc7,2013-01-01,0,0.00000,52,DevelopmentType.DIRECT,DietType.MUSHROOMS,fungivorous_mammal,61,True,False,10.00000,active,5.00000,3.00000,2.00000,0.01075,0.00000,0.00000,0.00000,"[52, 43, 61, 51, 53, 34, 42, 44, 70, 60, 62, 50, 25, 33, 35, 41, 79, 69, 71, 59, 49, 16, 24, 26, 32, 40, 78, 80, 68, 58, 48, 7, 15, 17, 23, 31, 39, 77, 67, 57, 47, 6, 8, 14, 22, 30, 38, 76, 66, 56, 46, 5, 13, 21, 29, 37, 75, 65, 55, 45, 4, 12, 20, 28, 36, 74, 64, 54, 3, 11, 19, 27, 73, 63, 2, 10, 18, 72, 1, 9, 0]",750147.39458,0.00000,0.00000
9e0c0528-33ba-402c-b38a-b38ee34c9d0e,2013-01-01,0,0.00000,61,DevelopmentType.DIRECT,DietType.MUSHROOMS,fungivorous_mammal,61,True,False,10.00000,active,5.00000,3.00000,2.00000,0.01075,0.00000,0.00000,0.00000,"[61, 52, 70, 60, 62, 43, 51, 53, 79, 69, 71, 59, 34, 42, 44, 50, 78, 80, 68, 58, 25, 33, 35, 41, 49, 77, 67, 57, 16, 24, 26, 32, 40, 48, 76, 66, 56, 7, 15, 17, 23, 31, 39, 47, 75, 65, 55, 6, 8, 14, 22, 30, 38, 46, 74, 64, 54, 5, 13, 21, 29, 37, 45, 73, 63, 4, 12, 20, 28, 36, 72, 3, 11, 19, 27, 2, 10, 18, 1, 9, 0]",750147.39458,0.00000,0.00000
b7189885-5ff3-412f-be8f-b8fc4628b536,2013-01-01,0,0.00000,41,DevelopmentType.DIRECT,DietType.MUSHROOMS,fungivorous_mammal,61,True,False,10.00000,active,5.00000,3.00000,2.00000,0.01075,0.00000,0.00000,0.00000,"[41, 32, 50, 40, 42, 23, 31, 33, 59, 49, 51, 39, 43, 14, 22, 24, 30, 34, 68, 58, 60, 48, 52, 38, 44, 5, 13, 15, 21, 25, 29, 35, 77, 67, 69, 57, 61, 47, 53, 37, 4, 6, 12, 16, 20, 26, 28, 76, 78, 66, 70, 56, 62, 46, 36, 3, 7, 11, 17, 19, 27, 75, 79, 65, 71, 55, 45, 2, 8, 10, 18, 74, 80, 64, 54, 1, 9, 73, 63, 0, 72]",750147.39458,0.00000,0.00000
ad19afd4-2b3b-4d57-964a-049751065d2a,2013-01-01,0,0.00000,33,DevelopmentType.DIRECT,DietType.MUSHROOMS,fungivorous_mammal,61,True,False,10.00000,active,5.00000,3.00000,2.00000,0.01075,0.00000,0.00000,0.00000,"[33, 24, 42, 32, 34, 15, 23, 25, 51, 41, 43, 31, 35, 6, 14, 16, 22, 26, 60, 50, 52, 40, 44, 30, 5, 7, 13, 17, 21, 69, 59, 61, 49, 53, 39, 29, 4, 8, 12, 20, 78, 68, 70, 58, 62, 48, 38, 28, 3, 11, 19, 77, 79, 67, 71, 57, 47, 37, 27, 2, 10, 18, 76, 80, 66, 56, 46, 36, 1, 9, 75, 65, 55, 45, 0, 74, 64, 54, 73, 63, 72]",750147.39458,0.00000,0.00000
0f5bd3ba-1bad-4463-af85-0bf9a926eb8c,2013-01-01,0,0.00000,15,DevelopmentType.DIRECT,DietType.MUSHROOMS,fungivorous_mammal,61,True,False,10.00000,active,5.00000,3.00000,2.00000,0.01075,0.00000,0.00000,0.00000,"[15, 6, 24, 14, 16, 5, 7, 33, 23, 25, 13, 17, 4, 8, 42, 32, 34, 22, 26, 12, 3, 51, 41, 43, 31, 35, 21, 11, 2, 60, 50, 52, 40, 44, 30, 20, 10, 1, 69, 59, 61, 49, 53, 39, 29, 19, 9, 0, 78, 68, 70, 58, 62, 48, 38, 28, 18, 77, 79, 67, 71, 57, 47, 37, 27, 76, 80, 66, 56, 46, 36, 75, 65, 55, 45, 74, 64, 54, 73, 63, 72]",750147.39458,0.00000,0.00000
8f1889f0-97eb-4455-964e-d89204cbedea,2013-01-01,0,0.00000,50,DevelopmentType.DIRECT,DietType.MUSHROOMS,fungivorous_mammal,61,True,False,10.00000,active,5.00000,3.00000,2.00000,0.01075,0.00000,0.00000,0.00000,"[50, 41, 59, 49, 51, 32, 40, 42, 68, 58, 60, 48, 52, 23, 31, 33, 39, 43, 77, 67, 69, 57, 61, 47, 53, 14, 22, 24, 30, 34, 38, 44, 76, 78, 66, 70, 56, 62, 46, 5, 13, 15, 21, 25, 29, 35, 37, 75, 79, 65, 71, 55, 45, 4, 6, 12, 16, 20, 26, 28, 36, 74, 80, 64, 54, 3, 7, 11, 17, 19, 27, 73, 63, 2, 8, 10, 18, 72, 1, 9, 0]",750147.39458,0.00000,0.00000
e05a33dd-56be-46b0-bca2-2ade01a24e1e,2013-01-01,0,0.00000,51,DevelopmentType.DIRECT,DietType.MUSHROOMS,fungivorous_mammal,61,True,False,10.00000,active,5.00000,3.00000,2.00000,0.01075,0.00000,0.00000,0.00000,"[51, 42, 60, 50, 52, 33, 41, 43, 69, 59, 61, 49, 53, 24, 32, 34, 40, 44, 78, 68, 70, 58, 62, 48, 15, 23, 25, 31, 35, 39, 77, 79, 67, 71, 57, 47, 6, 14, 16, 22, 26, 30, 38, 76, 80, 66, 56, 46, 5, 7, 13, 17, 21, 29, 37, 75, 65, 55, 45, 4, 8, 12, 20, 28, 36, 74, 64, 54, 3, 11, 19, 27, 73, 63, 2, 10, 18, 72, 1, 9, 0]",750147.39458,0.00000,0.00000
935d8837-86f9-4fb4-8046-e8906d717d87,2013-01-01,0,0.00000,13,DevelopmentType.DIRECT,DietType.MUSHROOMS,fungivorous_mammal,61,True,False,10.00000,active,5.00000,3.00000,2.00000,0.01075,0.00000,0.00000,0.00000,"[13, 4, 22, 12, 14, 3, 5, 31, 21, 23, 11, 15, 2, 6, 40, 30, 32, 20, 24, 10, 16, 1, 7, 49, 39, 41, 29, 33, 19, 25, 9, 17, 0, 8, 58, 48, 50, 38, 42, 28, 34, 18, 26, 67, 57, 59, 47, 51, 37, 43, 27, 35, 76, 66, 68, 56, 60, 46, 52, 36, 44, 75, 77, 65, 69, 55, 61, 45, 53, 74, 78, 64, 70, 54, 62, 73, 79, 63, 71, 72, 80]",750147.39458,0.00000,0.00000
bc4e36a3-3492-4f50-8145-6aa087d46da3,2013-01-01,0,0.00000,66,DevelopmentType.DIRECT,DietType.MUSHROOMS,fungivorous_mammal,61,True,False,10.00000,active,5.00000,3.00000,2.00000,0.01075,0.00000,0.00000,0.00000,"[66, 57, 75, 65, 67, 48, 56, 58, 74, 76, 64, 68, 39, 47, 49, 55, 59, 73, 77, 63, 69, 30, 38, 40, 46, 50, 54, 60, 72, 78, 70, 21, 29, 31, 37, 41, 45, 51, 61, 79, 71, 12, 20, 22, 28, 32, 36, 42, 52, 62, 80, 3, 11, 13, 19, 23, 27, 33, 43, 53, 2, 4, 10, 14, 18, 24, 34, 44, 1, 5, 9, 15, 25, 35, 0, 6, 16, 26, 7, 17, 8]",750147.39458,0.00000,0.00000
9e4dbf15-1ea3-4e9b-8b0b-b3170dc4239b,2013-01-01,0,0.00000,16,DevelopmentType.DIRECT,DietType.MUSHROOMS,fungivorous_mammal,61,True,False,10.00000,active,5.00000,3.00000,2.00000,0.01075,0.00000,0.00000,0.00000,"[16, 7, 25, 15, 17, 6, 8, 34, 24, 26, 14, 5, 43, 33, 35, 23, 13, 4, 52, 42, 44, 32, 22, 12, 3, 61, 51, 53, 41, 31, 21, 11, 2, 70, 60, 62, 50, 40, 30, 20, 10, 1, 79, 69, 71, 59, 49, 39, 29, 19, 9, 0, 78, 80, 68, 58, 48, 38, 28, 18, 77, 67, 57, 47, 37, 27, 76, 66, 56, 46, 36, 75, 65, 55, 45, 74, 64, 54, 73, 63, 72]",750147.39458,0.00000,0.00000
0536bc37-3b0a-4881-a766-7ab503514b4c,2013-01-01,0,0.00000,20,DevelopmentType.DIRECT,DietType.MUSHROOMS,fungivorous_mammal,61,True,False,10.00000,active,5.00000,3.00000,2.00000,0.01075,0.00000,0.00000,0.00000,"[20, 11, 29, 19, 21, 2, 10, 12, 38, 28, 30, 18, 22, 1, 3, 9, 13, 47, 37, 39, 27, 31, 23, 0, 4, 14, 56, 46, 48, 36, 40, 32, 24, 5, 15, 65, 55, 57, 45, 49, 41, 33, 25, 6, 16, 74, 64, 66, 54, 58, 50, 42, 34, 26, 7, 17, 73, 75, 63, 67, 59, 51, 43, 35, 8, 72, 76, 68, 60, 52, 44, 77, 69, 61, 53, 78, 70, 62, 79, 71, 80]",750147.39458,0.00000,0.00000
2b60dafa-7592-4cc8-9b47-d6558b89e1c8,2013-01-01,0,0.00000,26,DevelopmentType.DIRECT,DietType.MUSHROOMS,fungivorous_mammal,61,True,False,10.00000,active,5.00000,3.00000,2.00000,0.01075,0.00000,0.00000,0.00000,"[26, 17, 35, 25, 8, 16, 44, 34, 24, 7, 15, 53, 43, 33, 23, 6, 14, 62, 52, 42, 32, 22, 5, 13, 71, 61, 51, 41, 31, 21, 4, 12, 80, 70, 60, 50, 40, 30, 20, 3, 11, 79, 69, 59, 49, 39, 29, 19, 2, 10, 78, 68, 58, 48, 38, 28, 18, 1, 9, 77, 67, 57, 47, 37, 27, 0, 76, 66, 56, 46, 36, 75, 65, 55, 45, 74, 64, 54, 73, 63, 72]",750147.39458,0.00000,0.00000
092862e3-87a8-416d-92e3-bb1d8b14fdcd,2013-01-01,0,0.00000,11,DevelopmentType.DIRECT,DietType.MUSHROOMS,fungivorous_mammal,61,True,False,10.00000,active,5.00000,3.00000,2.00000,0.01075,0.00000,0.00000,0.00000,"[11, 2, 20, 10, 12, 1, 3, 29, 19, 21, 9, 13, 0, 4, 38, 28, 30, 18, 22, 14, 5, 47, 37, 39, 27, 31, 23, 15, 6, 56, 46, 48, 36, 40, 32, 24, 16, 7, 65, 55, 57, 45, 49, 41, 33, 25, 17, 8, 74, 64, 66, 54, 58, 50, 42, 34, 26, 73, 75, 63, 67, 59, 51, 43, 35, 72, 76, 68, 60, 52, 44, 77, 69, 61, 53, 78, 70, 62, 79, 71, 80]",750147.39458,0.00000,0.00000
209d5dc1-105b-40e6-a1cd-4b971eb4f25a,2013-01-01,0,0.00000,67,DevelopmentType.DIRECT,DietType.MUSHROOMS,fungivorous_mammal,61,True,False,10.00000,active,5.00000,3.00000,2.00000,0.01075,0.00000,0.00000,0.00000,"[67, 58, 76, 66, 68, 49, 57, 59, 75, 77, 65, 69, 40, 48, 50, 56, 60, 74, 78, 64, 70, 31, 39, 41, 47, 51, 55, 61, 73, 79, 63, 71, 22, 30, 32, 38, 42, 46, 52, 54, 62, 72, 80, 13, 21, 23, 29, 33, 37, 43, 45, 53, 4, 12, 14, 20, 24, 28, 34, 36, 44, 3, 5, 11, 15, 19, 25, 27, 35, 2, 6, 10, 16, 18, 26, 1, 7, 9, 17, 0, 8]",750147.39458,0.00000,0.00000
f08769c7-bd84-41ec-9012-b78b0eb1fa69,2013-01-01,0,0.00000,5,DevelopmentType.DIRECT,DietType.MUSHROOMS,fungivorous_mammal,61,True,False,10.00000,active,5.00000,3.00000,2.00000,0.01075,0.00000,0.00000,0.00000,"[5, 14, 4, 6, 23, 13, 15, 3, 7, 32, 22, 24, 12, 16, 2, 8, 41, 31, 33, 21, 25, 11, 17, 1, 50, 40, 42, 30, 34, 20, 26, 10, 0, 59, 49, 51, 39, 43, 29, 35, 19, 9, 68, 58, 60, 48, 52, 38, 44, 28, 18, 77, 67, 69, 57, 61, 47, 53, 37, 27, 76, 78, 66, 70, 56, 62, 46, 36, 75, 79, 65, 71, 55, 45, 74, 80, 64, 54, 73, 63, 72]",750147.39458,0.00000,0.00000
11fb21e6-cbf9-43f9-a56e-e7b54584edf6,2013-01-01,0,0.00000,9,DevelopmentType.DIRECT,DietType.MUSHROOMS,fungivorous_mammal,61,True,False,10.00000,active,5.00000,3.00000,2.00000,0.01075,0.00000,0.00000,0.00000,"[9, 0, 18, 10, 1, 27, 19, 11, 2, 36, 28, 20, 12, 3, 45, 37, 29, 21, 13, 4, 54, 46, 38, 30, 22, 14, 5, 63, 55, 47, 39, 31, 23, 15, 6, 72, 64, 56, 48, 40, 32, 24, 16, 7, 73, 65, 57, 49, 41, 33, 25, 17, 8, 74, 66, 58, 50, 42, 34, 26, 75, 67, 59, 51, 43, 35, 76, 68, 60, 52, 44, 77, 69, 61, 53, 78, 70, 62, 79, 71, 80]",750147.39458,0.00000,0.00000
5e0ad166-4b81-402d-a6cc-13abf2e3afad,2013-01-01,0,0.00000,75,DevelopmentType.DIRECT,DietType.MUSHROOMS,fungivorous_mammal,61,True,False,10.00000,active,5.00000,3.00000,2.00000,0.01075,0.00000,0.00000,0.00000,"[75, 66, 74, 76, 57, 65, 67, 73, 77, 48, 56, 58, 64, 68, 72, 78, 39, 47, 49, 55, 59, 63, 69, 79, 30, 38, 40, 46, 50, 54, 60, 70, 80, 21, 29, 31, 37, 41, 45, 51, 61, 71, 12, 20, 22, 28, 32, 36, 42, 52, 62, 3, 11, 13, 19, 23, 27, 33, 43, 53, 2, 4, 10, 14, 18, 24, 34, 44, 1, 5, 9, 15, 25, 35, 0, 6, 16, 26, 7, 17, 8]",750147.39458,0.00000,0.00000
4a4b2b9d-72c2-4570-82e6-15c508839091,2013-01-01,0,0.00000,21,DevelopmentType.DIRECT,DietType.MUSHROOMS,fungivorous_mammal,61,True,False,10.00000,active,5.00000,3.00000,2.00000,0.01075,0.00000,0.00000,0.00000,"[21, 12, 30, 20, 22, 3, 11, 13, 39, 29, 31, 19, 23, 2, 4, 10, 14, 48, 38, 40, 28, 32, 18, 24, 1, 5, 9, 15, 57, 47, 49, 37, 41, 27, 33, 25, 0, 6, 16, 66, 56, 58, 46, 50, 36, 42, 34, 26, 7, 17, 75, 65, 67, 55, 59, 45, 51, 43, 35, 8, 74, 76, 64, 68, 54, 60, 52, 44, 73, 77, 63, 69, 61, 53, 72, 78, 70, 62, 79, 71, 80]",750147.39458,0.00000,0.00000
c0165a10-3796-42bb-a078-fc9e71c8ef81,2013-01-01,0,0.00000,42,DevelopmentType.DIRECT,DietType.MUSHROOMS,fungivorous_mammal,61,True,False,10.00000,active,5.00000,3.00000,2.00000,0.01075,0.00000,0.00000,0.00000,"[42, 33, 51, 41, 43, 24, 32, 34, 60, 50, 52, 40, 44, 15, 23, 25, 31, 35, 69, 59, 61, 49, 53, 39, 6, 14, 16, 22, 26, 30, 78, 68, 70, 58, 62, 48, 38, 5, 7, 13, 17, 21, 29, 77, 79, 67, 71, 57, 47, 37, 4, 8, 12, 20, 28, 76, 80, 66, 56, 46, 36, 3, 11, 19, 27, 75, 65, 55, 45, 2, 10, 18, 74, 64, 54, 1, 9, 73, 63, 0, 72]",750147.39458,0.00000,0.00000
2da47fa7-a9af-4709-975e-b81f6614f6e2,2013-01-01,0,0.00000,27,DevelopmentType.DIRECT,DietType.MUSHROOMS,fungivorous_mammal,61,True,False,10.00000,active,5.00000,3.00000,2.00000,0.01075,0.00000,0.00000,0.00000,"[27, 18, 36, 28, 9, 19, 45, 37, 29, 0, 10, 20, 54, 46, 38, 30, 1, 11, 21, 63, 55, 47, 39, 31, 2, 12, 22, 72, 64, 56, 48, 40, 32, 3, 13, 23, 73, 65, 57, 49, 41, 33, 4, 14, 24, 74, 66, 58, 50, 42, 34, 5, 15, 25, 75, 67, 59, 51, 43, 35, 6, 16, 26, 76, 68, 60, 52, 44, 7, 17, 77, 69, 61, 53, 8, 78, 70, 62, 79, 71, 80]",750147.39458,0.00000,0.00000
23d06b4d-15ba-4ae0-8ffc-d891c1c77b51,2013-01-01,0,0.00000,53,DevelopmentType.DIRECT,DietType.MUSHROOMS,fungivorous_mammal,61,True,False,10.00000,active,5.00000,3.00000,2.00000,0.01075,0.00000,0.00000,0.00000,"[53, 44, 62, 52, 35, 43, 71, 61, 51, 26, 34, 42, 80, 70, 60, 50, 17, 25, 33, 41, 79, 69, 59, 49, 8, 16, 24, 32, 40, 78, 68, 58, 48, 7, 15, 23, 31, 39, 77, 67, 57, 47, 6, 14, 22, 30, 38, 76, 66, 56, 46, 5, 13, 21, 29, 37, 75, 65, 55, 45, 4, 12, 20, 28, 36, 74, 64, 54, 3, 11, 19, 27, 73, 63, 2, 10, 18, 72, 1, 9, 0]",750147.39458,0.00000,0.00000
deb1fbc9-cba9-41a5-9591-434301b46a8e,2013-01-01,0,0.00000,38,DevelopmentType.DIRECT,DietType.MUSHROOMS,fungivorous_mammal,61,True,False,10.00000,active,5.00000,3.00000,2.00000,0.01075,0.00000,0.00000,0.00000,"[38, 29, 47, 37, 39, 20, 28, 30, 56, 46, 48, 36, 40, 11, 19, 21, 27, 31, 65, 55, 57, 45, 49, 41, 2, 10, 12, 18, 22, 32, 74, 64, 66, 54, 58, 50, 42, 1, 3, 9, 13, 23, 33, 73, 75, 63, 67, 59, 51, 43, 0, 4, 14, 24, 34, 72, 76, 68, 60, 52, 44, 5, 15, 25, 35, 77, 69, 61, 53, 6, 16, 26, 78, 70, 62, 7, 17, 79, 71, 8, 80]",750147.39458,0.00000,0.00000
8886621f-1f9f-47f4-878b-189ef8aaa3e1,2013-01-01,0,0.00000,74,DevelopmentType.DIRECT,DietType.MUSHROOMS,fungivorous_mammal,61,True,False,10.00000,active,5.00000,3.00000,2.00000,0.01075,0.00000,0.00000,0.00000,"[74, 65, 73, 75, 56, 64, 66, 72, 76, 47, 55, 57, 63, 67, 77, 38, 46, 48, 54, 58, 68, 78, 29, 37, 39, 45, 49, 59, 69, 79, 20, 28, 30, 36, 40, 50, 60, 70, 80, 11, 19, 21, 27, 31, 41, 51, 61, 71, 2, 10, 12, 18, 22, 32, 42, 52, 62, 1, 3, 9, 13, 23, 33, 43, 53, 0, 4, 14, 24, 34, 44, 5, 15, 25, 35, 6, 16, 26, 7, 17, 8]",750147.39458,0.00000,0.00000
1b09c2e1-3c07-4832-8595-da546c610ea5,2013-01-01,0,0.00000,24,DevelopmentType.DIRECT,DietType.MUSHROOMS,fungivorous_mammal,61,True,False,10.00000,active,5.00000,3.00000,2.00000,0.01075,0.00000,0.00000,0.00000,"[24, 15, 33, 23, 25, 6, 14, 16, 42, 32, 34, 22, 26, 5, 7, 13, 17, 51, 41, 43, 31, 35, 21, 4, 8, 12, 60, 50, 52, 40, 44, 30, 20, 3, 11, 69, 59, 61, 49, 53, 39, 29, 19, 2, 10, 78, 68, 70, 58, 62, 48, 38, 28, 18, 1, 9, 77, 79, 67, 71, 57, 47, 37, 27, 0, 76, 80, 66, 56, 46, 36, 75, 65, 55, 45, 74, 64, 54, 73, 63, 72]",750147.39458,0.00000,0.00000
842e14d9-92db-4267-b07c-bbc6bc3ec9cf,2013-01-01,0,0.00000,58,DevelopmentType.DIRECT,DietType.MUSHROOMS,fungivorous_mammal,61,True,False,10.00000,active,5.00000,3.00000,2.00000,0.01075,0.00000,0.00000,0.00000,"[58, 49, 67, 57, 59, 40, 48, 50, 76, 66, 68, 56, 60, 31, 39, 41, 47, 51, 75, 77, 65, 69, 55, 61, 22, 30, 32, 38, 42, 46, 52, 74, 78, 64, 70, 54, 62, 13, 21, 23, 29, 33, 37, 43, 45, 53, 73, 79, 63, 71, 4, 12, 14, 20, 24, 28, 34, 36, 44, 72, 80, 3, 5, 11, 15, 19, 25, 27, 35, 2, 6, 10, 16, 18, 26, 1, 7, 9, 17, 0, 8]",750147.39458,0.00000,0.00000
113cbd7a-ac20-49da-857c-54c73b045541,2013-01-01,0,0.00000,17,DevelopmentType.DIRECT,DietType.MUSHROOMS,fungivorous_mammal,61,True,False,10.00000,active,5.00000,3.00000,2.00000,0.01075,0.00000,0.00000,0.00000,"[17, 8, 26, 16, 7, 35, 25, 15, 6, 44, 34, 24, 14, 5, 53, 43, 33, 23, 13, 4, 62, 52, 42, 32, 22, 12, 3, 71, 61, 51, 41, 31, 21, 11, 2, 80, 70, 60, 50, 40, 30, 20, 10, 1, 79, 69, 59, 49, 39, 29, 19, 9, 0, 78, 68, 58, 48, 38, 28, 18, 77, 67, 57, 47, 37, 27, 76, 66, 56, 46, 36, 75, 65, 55, 45, 74, 64, 54, 73, 63, 72]",750147.39458,0.00000,0.00000
91dfca84-517c-425d-a98b-0e5025a4267e,2013-01-01,0,0.00000,60,DevelopmentType.DIRECT,DietType.MUSHROOMS,fungivorous_mammal,61,True,False,10.00000,active,5.00000,3.00000,2.00000,0.01075,0.00000,0.00000,0.00000,"[60, 51, 69, 59, 61, 42, 50, 52, 78, 68, 70, 58, 62, 33, 41, 43, 49, 53, 77, 79, 67, 71, 57, 24, 32, 34, 40, 44, 48, 76, 80, 66, 56, 15, 23, 25, 31, 35, 39, 47, 75, 65, 55, 6, 14, 16, 22, 26, 30, 38, 46, 74, 64, 54, 5, 7, 13, 17, 21, 29, 37, 45, 73, 63, 4, 8, 12, 20, 28, 36, 72, 3, 11, 19, 27, 2, 10, 18, 1, 9, 0]",750147.39458,0.00000,0.00000
cd109c07-9cd4-4c8c-b5bd-767f3f9bf50f,2013-01-01,0,0.00000,70,DevelopmentType.DIRECT,DietType.MUSHROOMS,fungivorous_mammal,61,True,False,10.00000,active,5.00000,3.00000,2.00000,0.01075,0.00000,0.00000,0.00000,"[70, 61, 79, 69, 71, 52, 60, 62, 78, 80, 68, 43, 51, 53, 59, 77, 67, 34, 42, 44, 50, 58, 76, 66, 25, 33, 35, 41, 49, 57, 75, 65, 16, 24, 26, 32, 40, 48, 56, 74, 64, 7, 15, 17, 23, 31, 39, 47, 55, 73, 63, 6, 8, 14, 22, 30, 38, 46, 54, 72, 5, 13, 21, 29, 37, 45, 4, 12, 20, 28, 36, 3, 11, 19, 27, 2, 10, 18, 1, 9, 0]",750147.39458,0.00000,0.00000
54691076-324d-4a60-991b-222db52824a7,2013-01-01,0,0.00000,0,DevelopmentType.DIRECT,DietType.MUSHROOMS,fungivorous_mammal,61,True,False,10.00000,active,5.00000,3.00000,2.00000,0.01075,0.00000,0.00000,0.00000,"[0, 9, 1, 18, 10, 2, 27, 19, 11, 3, 36, 28, 20, 12, 4, 45, 37, 29, 21, 13, 5, 54, 46, 38, 30, 22, 14, 6, 63, 55, 47, 39, 31, 23, 15, 7, 72, 64, 56, 48, 40, 32, 24, 16, 8, 73, 65, 57, 49, 41, 33, 25, 17, 74, 66, 58, 50, 42, 34, 26, 75, 67, 59, 51, 43, 35, 76, 68, 60, 52, 44, 77, 69, 61, 53, 78, 70, 62, 79, 71, 80]",750147.39458,0.00000,0.00000
8159e83b-f324-48d7-811c-6b910ccb3031,2013-01-01,0,0.00000,12,DevelopmentType.DIRECT,DietType.MUSHROOMS,fungivorous_mammal,61,True,False,10.00000,active,5.00000,3.00000,2.00000,0.01075,0.00000,0.00000,0.00000,"[12, 3, 21, 11, 13, 2, 4, 30, 20, 22, 10, 14, 1, 5, 39, 29, 31, 19, 23, 9, 15, 0, 6, 48, 38, 40, 28, 32, 18, 24, 16, 7, 57, 47, 49, 37, 41, 27, 33, 25, 17, 8, 66, 56, 58, 46, 50, 36, 42, 34, 26, 75, 65, 67, 55, 59, 45, 51, 43, 35, 74, 76, 64, 68, 54, 60, 52, 44, 73, 77, 63, 69, 61, 53, 72, 78, 70, 62, 79, 71, 80]",750147.39458,0.00000,0.00000
c3a590b4-4ce8-4977-952f-7b4b70e4e5b7,2013-01-01,0,0.00000,49,DevelopmentType.DIRECT,DietType.MUSHROOMS,fungivorous_mammal,61,True,False,10.00000,active,5.00000,3.00000,2.00000,0.01075,0.00000,0.00000,0.00000,"[49, 40, 58, 48, 50, 31, 39, 41, 67, 57, 59, 47, 51, 22, 30, 32, 38, 42, 76, 66, 68, 56, 60, 46, 52, 13, 21, 23, 29, 33, 37, 43, 75, 77, 65, 69, 55, 61, 45, 53, 4, 12, 14, 20, 24, 28, 34, 36, 44, 74, 78, 64, 70, 54, 62, 3, 5, 11, 15, 19, 25, 27, 35, 73, 79, 63, 71, 2, 6, 10, 16, 18, 26, 72, 80, 1, 7, 9, 17, 0, 8]",750147.39458,0.00000,0.00000
2315da73-b211-43c5-ac89-c1bf55b4664b,2013-01-01,0,0.00000,10,DevelopmentType.DIRECT,DietType.MUSHROOMS,fungivorous_mammal,61,True,False,10.00000,active,5.00000,3.00000,2.00000,0.01075,0.00000,0.00000,0.00000,"[10, 1, 19, 9, 11, 0, 2, 28, 18, 20, 12, 3, 37, 27, 29, 21, 13, 4, 46, 36, 38, 30, 22, 14, 5, 55, 45, 47, 39, 31, 23, 15, 6, 64, 54, 56, 48, 40, 32, 24, 16, 7, 73, 63, 65, 57, 49, 41, 33, 25, 17, 8, 72, 74, 66, 58, 50, 42, 34, 26, 75, 67, 59, 51, 43, 35, 76, 68, 60, 52, 44, 77, 69, 61, 53, 78, 70, 62, 79, 71, 80]",750147.39458,0.00000,0.00000
f5bd4c83-e8f2-4c1c-b582-02c94d447c1e,2013-01-01,0,0.00000,77,DevelopmentType.DIRECT,DietType.MUSHROOMS,fungivorous_mammal,61,True,False,10.00000,active,5.00000,3.00000,2.00000,0.01075,0.00000,0.00000,0.00000,"[77, 68, 76, 78, 59, 67, 69, 75, 79, 50, 58, 60, 66, 70, 74, 80, 41, 49, 51, 57, 61, 65, 71, 73, 32, 40, 42, 48, 52, 56, 62, 64, 72, 23, 31, 33, 39, 43, 47, 53, 55, 63, 14, 22, 24, 30, 34, 38, 44, 46, 54, 5, 13, 15, 21, 25, 29, 35, 37, 45, 4, 6, 12, 16, 20, 26, 28, 36, 3, 7, 11, 17, 19, 27, 2, 8, 10, 18, 1, 9, 0]",750147.39458,0.00000,0.00000
2a8cb8bd-56a3-4b63-ae99-71b1ed53b693,2013-01-01,0,0.00000,18,DevelopmentType.DIRECT,DietType.MUSHROOMS,fungivorous_mammal,61,True,False,10.00000,active,5.00000,3.00000,2.00000,0.01075,0.00000,0.00000,0.00000,"[18, 9, 27, 19, 0, 10, 36, 28, 20, 1, 11, 45, 37, 29, 21, 2, 12, 54, 46, 38, 30, 22, 3, 13, 63, 55, 47, 39, 31, 23, 4, 14, 72, 64, 56, 48, 40, 32, 24, 5, 15, 73, 65, 57, 49, 41, 33, 25, 6, 16, 74, 66, 58, 50, 42, 34, 26, 7, 17, 75, 67, 59, 51, 43, 35, 8, 76, 68, 60, 52, 44, 77, 69, 61, 53, 78, 70, 62, 79, 71, 80]",750147.39458,0.00000,0.00000
cc7fc27d-84d3-4615-8f4d-f35230c5f753,2013-01-01,0,0.00000,25,DevelopmentType.DIRECT,DietType.MUSHROOMS,fungivorous_mammal,61,True,False,10.00000,active,5.00000,3.00000,2.00000,0.01075,0.00000,0.00000,0.00000,"[25, 16, 34, 24, 26, 7, 15, 17, 43, 33, 35, 23, 6, 8, 14, 52, 42, 44, 32, 22, 5, 13, 61, 51, 53, 41, 31, 21, 4, 12, 70, 60, 62, 50, 40, 30, 20, 3, 11, 79, 69, 71, 59, 49, 39, 29, 19, 2, 10, 78, 80, 68, 58, 48, 38, 28, 18, 1, 9, 77, 67, 57, 47, 37, 27, 0, 76, 66, 56, 46, 36, 75, 65, 55, 45, 74, 64, 54, 73, 63, 72]",750147.39458,0.00000,0.00000
d0295a53-6df8-44f0-93ba-722564dfaf16,2013-01-01,0,0.00000,34,DevelopmentType.DIRECT,DietType.MUSHROOMS,fungivorous_mammal,61,True,False,10.00000,active,5.00000,3.00000,2.00000,0.01075,0.00000,0.00000,0.00000,"[34, 25, 43, 33, 35, 16, 24, 26, 52, 42, 44, 32, 7, 15, 17, 23, 61, 51, 53, 41, 31, 6, 8, 14, 22, 70, 60, 62, 50, 40, 30, 5, 13, 21, 79, 69, 71, 59, 49, 39, 29, 4, 12, 20, 78, 80, 68, 58, 48, 38, 28, 3, 11, 19, 77, 67, 57, 47, 37, 27, 2, 10, 18, 76, 66, 56, 46, 36, 1, 9, 75, 65, 55, 45, 0, 74, 64, 54, 73, 63, 72]",750147.39458,0.00000,0.00000
9799bf42-fd6e-4a10-ab43-ef16498f637b,2013-01-01,0,0.00000,68,DevelopmentType.DIRECT,DietType.MUSHROOMS,fungivorous_mammal,61,True,False,10.00000,active,5.00000,3.00000,2.00000,0.01075,0.00000,0.00000,0.00000,"[68, 59, 77, 67, 69, 50, 58, 60, 76, 78, 66, 70, 41, 49, 51, 57, 61, 75, 79, 65, 71, 32, 40, 42, 48, 52, 56, 62, 74, 80, 64, 23, 31, 33, 39, 43, 47, 53, 55, 73, 63, 14, 22, 24, 30, 34, 38, 44, 46, 54, 72, 5, 13, 15, 21, 25, 29, 35, 37, 45, 4, 6, 12, 16, 20, 26, 28, 36, 3, 7, 11, 17, 19, 27, 2, 8, 10, 18, 1, 9, 0]",750147.39458,0.00000,0.00000
10545bf6-7027-4ca0-9eb3-c4a187e280e3,2013-01-01,0,0.00000,59,DevelopmentType.DIRECT,DietType.MUSHROOMS,fungivorous_mammal,61,True,False,10.00000,active,5.00000,3.00000,2.00000,0.01075,0.00000,0.00000,0.00000,"[59, 50, 68, 58, 60, 41, 49, 51, 77, 67, 69, 57, 61, 32, 40, 42, 48, 52, 76, 78, 66, 70, 56, 62, 23, 31, 33, 39, 43, 47, 53, 75, 79, 65, 71, 55, 14, 22, 24, 30, 34, 38, 44, 46, 74, 80, 64, 54, 5, 13, 15, 21, 25, 29, 35, 37, 45, 73, 63, 4, 6, 12, 16, 20, 26, 28, 36, 72, 3, 7, 11, 17, 19, 27, 2, 8, 10, 18, 1, 9, 0]",750147.39458,0.00000,0.00000
8a442e79-b0e1-4e1b-8f7e-e483e00fc7aa,2013-01-01,0,0.00000,46,DevelopmentType.DIRECT,DietType.MUSHROOMS,fungivorous_mammal,61,True,False,10.00000,active,5.00000,3.00000,2.00000,0.01075,0.00000,0.00000,0.00000,"[46, 37, 55, 45, 47, 28, 36, 38, 64, 54, 56, 48, 19, 27, 29, 39, 73, 63, 65, 57, 49, 10, 18, 20, 30, 40, 72, 74, 66, 58, 50, 1, 9, 11, 21, 31, 41, 75, 67, 59, 51, 0, 2, 12, 22, 32, 42, 76, 68, 60, 52, 3, 13, 23, 33, 43, 77, 69, 61, 53, 4, 14, 24, 34, 44, 78, 70, 62, 5, 15, 25, 35, 79, 71, 6, 16, 26, 80, 7, 17, 8]",750147.39458,0.00000,0.00000
